log_file,run_type,task,model,stimulus_group,stimulus_index,legacy_pnum,seed,status,probable_cause
results\batch_logs\baseline_batch_base.log,baseline,sentiment,flan-t5-large,baseline,,,42,success,
results\batch_logs\baseline_batch_base.log,baseline,sentiment,flan-t5-large,baseline,,,43,success,
results\batch_logs\baseline_batch_base.log,baseline,sentiment,flan-t5-large,baseline,,,44,success,
results\batch_logs\baseline_batch_base.log,baseline,sentence_similarity,flan-t5-large,baseline,,,42,failed,Traceback (most recent call last):
results\batch_logs\baseline_batch_base.log,baseline,sentence_similarity,flan-t5-large,baseline,,,43,failed,Traceback (most recent call last):
results\batch_logs\baseline_batch_base.log,baseline,sentence_similarity,flan-t5-large,baseline,,,44,failed,Traceback (most recent call last):
results\batch_logs\baseline_batch_base.log,baseline,word_in_context,flan-t5-large,baseline,,,42,failed,Traceback (most recent call last):
results\batch_logs\baseline_batch_base.log,baseline,word_in_context,flan-t5-large,baseline,,,43,failed,Traceback (most recent call last):
results\batch_logs\baseline_batch_base.log,baseline,word_in_context,flan-t5-large,baseline,,,44,failed,Traceback (most recent call last):
results\batch_logs\baseline_batch_base.log,baseline,cause_and_effect,flan-t5-large,baseline,,,42,success,
results\batch_logs\baseline_batch_base.log,baseline,cause_and_effect,flan-t5-large,baseline,,,43,success,
results\batch_logs\baseline_batch_base.log,baseline,cause_and_effect,flan-t5-large,baseline,,,44,success,
results\batch_logs\baseline_batch_base.log,baseline,sum,flan-t5-large,baseline,,,42,success,
results\batch_logs\baseline_batch_base.log,baseline,sum,flan-t5-large,baseline,,,43,success,
results\batch_logs\baseline_batch_base.log,baseline,sum,flan-t5-large,baseline,,,44,success,
results\batch_logs\baseline_batch_base.log,baseline,sentiment,flan-t5-large,baseline,,,42,success,
results\batch_logs\baseline_batch_base.log,baseline,sentiment,flan-t5-large,baseline,,,43,success,
results\batch_logs\baseline_batch_base.log,baseline,sentiment,flan-t5-large,baseline,,,44,success,
results\batch_logs\baseline_batch_base.log,baseline,sentence_similarity,flan-t5-large,baseline,,,42,failed,Traceback (most recent call last):
results\batch_logs\baseline_batch_base.log,baseline,sentence_similarity,flan-t5-large,baseline,,,43,failed,Traceback (most recent call last):
results\batch_logs\baseline_batch_base.log,baseline,sentence_similarity,flan-t5-large,baseline,,,44,failed,Traceback (most recent call last):
results\batch_logs\baseline_batch_base.log,baseline,word_in_context,flan-t5-large,baseline,,,42,failed,Traceback (most recent call last):
results\batch_logs\baseline_batch_base.log,baseline,word_in_context,flan-t5-large,baseline,,,43,failed,Traceback (most recent call last):
results\batch_logs\baseline_batch_base.log,baseline,word_in_context,flan-t5-large,baseline,,,44,failed,Traceback (most recent call last):
results\batch_logs\baseline_batch_base.log,baseline,cause_and_effect,flan-t5-large,baseline,,,42,success,
results\batch_logs\baseline_batch_base.log,baseline,cause_and_effect,flan-t5-large,baseline,,,43,success,
results\batch_logs\baseline_batch_base.log,baseline,cause_and_effect,flan-t5-large,baseline,,,44,success,
results\batch_logs\baseline_batch_base.log,baseline,sum,flan-t5-large,baseline,,,42,success,
results\batch_logs\baseline_batch_base.log,baseline,sum,flan-t5-large,baseline,,,43,success,
results\batch_logs\baseline_batch_base.log,baseline,sum,flan-t5-large,baseline,,,44,success,
results\batch_logs\baseline_batch_base.log,baseline,active_to_passive,flan-t5-large,baseline,,,42,success,
results\batch_logs\baseline_batch_base.log,baseline,active_to_passive,flan-t5-large,baseline,,,43,success,
results\batch_logs\baseline_batch_base.log,baseline,active_to_passive,flan-t5-large,baseline,,,44,success,
results\batch_logs\baseline_batch_base.log,baseline,antonyms,flan-t5-large,baseline,,,42,success,
results\batch_logs\baseline_batch_base.log,baseline,antonyms,flan-t5-large,baseline,,,43,success,
results\batch_logs\baseline_batch_base.log,baseline,antonyms,flan-t5-large,baseline,,,44,success,
results\batch_logs\baseline_batch_base.log,baseline,cause_and_effect,flan-t5-large,baseline,,,42,success,
results\batch_logs\baseline_batch_base.log,baseline,cause_and_effect,flan-t5-large,baseline,,,43,success,
results\batch_logs\baseline_batch_base.log,baseline,cause_and_effect,flan-t5-large,baseline,,,44,success,
results\batch_logs\baseline_batch_base.log,baseline,common_concept,flan-t5-large,baseline,,,42,success,
results\batch_logs\baseline_batch_base.log,baseline,common_concept,flan-t5-large,baseline,,,43,success,
results\batch_logs\baseline_batch_base.log,baseline,common_concept,flan-t5-large,baseline,,,44,success,
results\batch_logs\baseline_batch_base.log,baseline,diff,flan-t5-large,baseline,,,42,success,
results\batch_logs\baseline_batch_base.log,baseline,diff,flan-t5-large,baseline,,,43,success,
results\batch_logs\baseline_batch_base.log,baseline,diff,flan-t5-large,baseline,,,44,success,
results\batch_logs\baseline_batch_base.log,baseline,first_word_letter,flan-t5-large,baseline,,,42,success,
results\batch_logs\baseline_batch_base.log,baseline,first_word_letter,flan-t5-large,baseline,,,43,success,
results\batch_logs\baseline_batch_base.log,baseline,first_word_letter,flan-t5-large,baseline,,,44,success,
results\batch_logs\baseline_batch_base.log,baseline,informal_to_formal,flan-t5-large,baseline,,,42,success,
results\batch_logs\baseline_batch_base.log,baseline,informal_to_formal,flan-t5-large,baseline,,,43,success,
results\batch_logs\baseline_batch_base.log,baseline,informal_to_formal,flan-t5-large,baseline,,,44,success,
results\batch_logs\baseline_batch_base.log,baseline,larger_animal,flan-t5-large,baseline,,,42,success,
results\batch_logs\baseline_batch_base.log,baseline,larger_animal,flan-t5-large,baseline,,,43,success,
results\batch_logs\baseline_batch_base.log,baseline,larger_animal,flan-t5-large,baseline,,,44,success,
results\batch_logs\baseline_batch_base.log,baseline,letters_list,flan-t5-large,baseline,,,42,success,
results\batch_logs\baseline_batch_base.log,baseline,letters_list,flan-t5-large,baseline,,,43,success,
results\batch_logs\baseline_batch_base.log,baseline,letters_list,flan-t5-large,baseline,,,44,success,
results\batch_logs\baseline_batch_base.log,baseline,negation,flan-t5-large,baseline,,,42,success,
results\batch_logs\baseline_batch_base.log,baseline,negation,flan-t5-large,baseline,,,43,success,
results\batch_logs\baseline_batch_base.log,baseline,negation,flan-t5-large,baseline,,,44,success,
results\batch_logs\baseline_batch_base.log,baseline,num_to_verbal,flan-t5-large,baseline,,,42,success,
results\batch_logs\baseline_batch_base.log,baseline,num_to_verbal,flan-t5-large,baseline,,,43,success,
results\batch_logs\baseline_batch_base.log,baseline,num_to_verbal,flan-t5-large,baseline,,,44,success,
results\batch_logs\baseline_batch_base.log,baseline,orthography_starts_with,flan-t5-large,baseline,,,42,success,
results\batch_logs\baseline_batch_base.log,baseline,orthography_starts_with,flan-t5-large,baseline,,,43,success,
results\batch_logs\baseline_batch_base.log,baseline,orthography_starts_with,flan-t5-large,baseline,,,44,success,
results\batch_logs\baseline_batch_base.log,baseline,rhymes,flan-t5-large,baseline,,,42,success,
results\batch_logs\baseline_batch_base.log,baseline,rhymes,flan-t5-large,baseline,,,43,success,
results\batch_logs\baseline_batch_base.log,baseline,rhymes,flan-t5-large,baseline,,,44,success,
results\batch_logs\baseline_batch_base.log,baseline,second_word_letter,flan-t5-large,baseline,,,42,success,
results\batch_logs\baseline_batch_base.log,baseline,second_word_letter,flan-t5-large,baseline,,,43,success,
results\batch_logs\baseline_batch_base.log,baseline,second_word_letter,flan-t5-large,baseline,,,44,success,
results\batch_logs\baseline_batch_base.log,baseline,sentence_similarity,flan-t5-large,baseline,,,42,success,
results\batch_logs\baseline_batch_base.log,baseline,sentence_similarity,flan-t5-large,baseline,,,43,success,
results\batch_logs\baseline_batch_base.log,baseline,sentence_similarity,flan-t5-large,baseline,,,44,success,
results\batch_logs\baseline_batch_base.log,baseline,sentiment,flan-t5-large,baseline,,,42,success,
results\batch_logs\baseline_batch_base.log,baseline,sentiment,flan-t5-large,baseline,,,43,success,
results\batch_logs\baseline_batch_base.log,baseline,sentiment,flan-t5-large,baseline,,,44,success,
results\batch_logs\baseline_batch_base.log,baseline,singular_to_plural,flan-t5-large,baseline,,,42,success,
results\batch_logs\baseline_batch_base.log,baseline,singular_to_plural,flan-t5-large,baseline,,,43,success,
results\batch_logs\baseline_batch_base.log,baseline,singular_to_plural,flan-t5-large,baseline,,,44,success,
results\batch_logs\baseline_batch_base.log,baseline,sum,flan-t5-large,baseline,,,42,success,
results\batch_logs\baseline_batch_base.log,baseline,sum,flan-t5-large,baseline,,,43,success,
results\batch_logs\baseline_batch_base.log,baseline,sum,flan-t5-large,baseline,,,44,success,
results\batch_logs\baseline_batch_base.log,baseline,synonyms,flan-t5-large,baseline,,,42,success,
results\batch_logs\baseline_batch_base.log,baseline,synonyms,flan-t5-large,baseline,,,43,success,
results\batch_logs\baseline_batch_base.log,baseline,synonyms,flan-t5-large,baseline,,,44,success,
results\batch_logs\baseline_batch_base.log,baseline,taxonomy_animal,flan-t5-large,baseline,,,42,success,
results\batch_logs\baseline_batch_base.log,baseline,taxonomy_animal,flan-t5-large,baseline,,,43,success,
results\batch_logs\baseline_batch_base.log,baseline,taxonomy_animal,flan-t5-large,baseline,,,44,success,
results\batch_logs\baseline_batch_base.log,baseline,translation_en-de,flan-t5-large,baseline,,,42,failed,Traceback (most recent call last):
results\batch_logs\baseline_batch_base.log,baseline,translation_en-de,flan-t5-large,baseline,,,43,failed,Traceback (most recent call last):
results\batch_logs\baseline_batch_base.log,baseline,translation_en-de,flan-t5-large,baseline,,,44,failed,Traceback (most recent call last):
results\batch_logs\baseline_batch_base.log,baseline,translation_en-es,flan-t5-large,baseline,,,42,success,
results\batch_logs\baseline_batch_base.log,baseline,translation_en-es,flan-t5-large,baseline,,,43,success,
results\batch_logs\baseline_batch_base.log,baseline,translation_en-es,flan-t5-large,baseline,,,44,success,
results\batch_logs\baseline_batch_base.log,baseline,translation_en-fr,flan-t5-large,baseline,,,42,success,
results\batch_logs\baseline_batch_base.log,baseline,translation_en-fr,flan-t5-large,baseline,,,43,success,
results\batch_logs\baseline_batch_base.log,baseline,translation_en-fr,flan-t5-large,baseline,,,44,success,
results\batch_logs\baseline_batch_base.log,baseline,word_in_context,flan-t5-large,baseline,,,42,success,
results\batch_logs\baseline_batch_base.log,baseline,word_in_context,flan-t5-large,baseline,,,43,success,
results\batch_logs\baseline_batch_base.log,baseline,word_in_context,flan-t5-large,baseline,,,44,success,
results\batch_logs\baseline_batch_base.log,baseline,active_to_passive,flan-t5-large,baseline,,,42,success,
results\batch_logs\baseline_batch_base.log,baseline,active_to_passive,flan-t5-large,baseline,,,43,success,
results\batch_logs\baseline_batch_base.log,baseline,active_to_passive,flan-t5-large,baseline,,,44,success,
results\batch_logs\baseline_batch_base.log,baseline,antonyms,flan-t5-large,baseline,,,42,success,
results\batch_logs\baseline_batch_base.log,baseline,antonyms,flan-t5-large,baseline,,,43,success,
results\batch_logs\baseline_batch_base.log,baseline,antonyms,flan-t5-large,baseline,,,44,success,
results\batch_logs\baseline_batch_base.log,baseline,cause_and_effect,flan-t5-large,baseline,,,42,success,
results\batch_logs\baseline_batch_base.log,baseline,cause_and_effect,flan-t5-large,baseline,,,43,success,
results\batch_logs\baseline_batch_base.log,baseline,cause_and_effect,flan-t5-large,baseline,,,44,success,
results\batch_logs\baseline_batch_base.log,baseline,common_concept,flan-t5-large,baseline,,,42,success,
results\batch_logs\baseline_batch_base.log,baseline,common_concept,flan-t5-large,baseline,,,43,success,
results\batch_logs\baseline_batch_base.log,baseline,common_concept,flan-t5-large,baseline,,,44,success,
results\batch_logs\baseline_batch_base.log,baseline,diff,flan-t5-large,baseline,,,42,success,
results\batch_logs\baseline_batch_base.log,baseline,diff,flan-t5-large,baseline,,,43,success,
results\batch_logs\baseline_batch_base.log,baseline,diff,flan-t5-large,baseline,,,44,success,
results\batch_logs\baseline_batch_base.log,baseline,first_word_letter,flan-t5-large,baseline,,,42,success,
results\batch_logs\baseline_batch_base.log,baseline,first_word_letter,flan-t5-large,baseline,,,43,success,
results\batch_logs\baseline_batch_base.log,baseline,first_word_letter,flan-t5-large,baseline,,,44,success,
results\batch_logs\baseline_batch_base.log,baseline,informal_to_formal,flan-t5-large,baseline,,,42,success,
results\batch_logs\baseline_batch_base.log,baseline,informal_to_formal,flan-t5-large,baseline,,,43,success,
results\batch_logs\baseline_batch_base.log,baseline,informal_to_formal,flan-t5-large,baseline,,,44,success,
results\batch_logs\baseline_batch_base.log,baseline,larger_animal,flan-t5-large,baseline,,,42,success,
results\batch_logs\baseline_batch_base.log,baseline,larger_animal,flan-t5-large,baseline,,,43,success,
results\batch_logs\baseline_batch_base.log,baseline,larger_animal,flan-t5-large,baseline,,,44,success,
results\batch_logs\baseline_batch_base.log,baseline,letters_list,flan-t5-large,baseline,,,42,success,
results\batch_logs\baseline_batch_base.log,baseline,letters_list,flan-t5-large,baseline,,,43,success,
results\batch_logs\baseline_batch_base.log,baseline,letters_list,flan-t5-large,baseline,,,44,success,
results\batch_logs\baseline_batch_base.log,baseline,negation,flan-t5-large,baseline,,,42,success,
results\batch_logs\baseline_batch_base.log,baseline,negation,flan-t5-large,baseline,,,43,success,
results\batch_logs\baseline_batch_base.log,baseline,negation,flan-t5-large,baseline,,,44,success,
results\batch_logs\baseline_batch_base.log,baseline,num_to_verbal,flan-t5-large,baseline,,,42,success,
results\batch_logs\baseline_batch_base.log,baseline,num_to_verbal,flan-t5-large,baseline,,,43,success,
results\batch_logs\baseline_batch_base.log,baseline,num_to_verbal,flan-t5-large,baseline,,,44,success,
results\batch_logs\baseline_batch_base.log,baseline,orthography_starts_with,flan-t5-large,baseline,,,42,success,
results\batch_logs\baseline_batch_base.log,baseline,orthography_starts_with,flan-t5-large,baseline,,,43,success,
results\batch_logs\baseline_batch_base.log,baseline,orthography_starts_with,flan-t5-large,baseline,,,44,success,
results\batch_logs\baseline_batch_base.log,baseline,rhymes,flan-t5-large,baseline,,,42,success,
results\batch_logs\baseline_batch_base.log,baseline,rhymes,flan-t5-large,baseline,,,43,success,
results\batch_logs\baseline_batch_base.log,baseline,rhymes,flan-t5-large,baseline,,,44,success,
results\batch_logs\baseline_batch_base.log,baseline,second_word_letter,flan-t5-large,baseline,,,42,success,
results\batch_logs\baseline_batch_base.log,baseline,second_word_letter,flan-t5-large,baseline,,,43,success,
results\batch_logs\baseline_batch_base.log,baseline,second_word_letter,flan-t5-large,baseline,,,44,success,
results\batch_logs\baseline_batch_base.log,baseline,sentence_similarity,flan-t5-large,baseline,,,42,success,
results\batch_logs\baseline_batch_base.log,baseline,sentence_similarity,flan-t5-large,baseline,,,43,success,
results\batch_logs\baseline_batch_base.log,baseline,sentence_similarity,flan-t5-large,baseline,,,44,success,
results\batch_logs\baseline_batch_base.log,baseline,sentiment,flan-t5-large,baseline,,,42,success,
results\batch_logs\baseline_batch_base.log,baseline,sentiment,flan-t5-large,baseline,,,43,success,
results\batch_logs\baseline_batch_base.log,baseline,sentiment,flan-t5-large,baseline,,,44,success,
results\batch_logs\baseline_batch_base.log,baseline,singular_to_plural,flan-t5-large,baseline,,,42,success,
results\batch_logs\baseline_batch_base.log,baseline,singular_to_plural,flan-t5-large,baseline,,,43,success,
results\batch_logs\baseline_batch_base.log,baseline,singular_to_plural,flan-t5-large,baseline,,,44,success,
results\batch_logs\baseline_batch_base.log,baseline,sum,flan-t5-large,baseline,,,42,success,
results\batch_logs\baseline_batch_base.log,baseline,sum,flan-t5-large,baseline,,,43,success,
results\batch_logs\baseline_batch_base.log,baseline,sum,flan-t5-large,baseline,,,44,success,
results\batch_logs\baseline_batch_base.log,baseline,synonyms,flan-t5-large,baseline,,,42,success,
results\batch_logs\baseline_batch_base.log,baseline,synonyms,flan-t5-large,baseline,,,43,success,
results\batch_logs\baseline_batch_base.log,baseline,synonyms,flan-t5-large,baseline,,,44,success,
results\batch_logs\baseline_batch_base.log,baseline,taxonomy_animal,flan-t5-large,baseline,,,42,success,
results\batch_logs\baseline_batch_base.log,baseline,taxonomy_animal,flan-t5-large,baseline,,,43,success,
results\batch_logs\baseline_batch_base.log,baseline,taxonomy_animal,flan-t5-large,baseline,,,44,success,
results\batch_logs\baseline_batch_base.log,baseline,translation_en-de,flan-t5-large,baseline,,,42,failed,Traceback (most recent call last):
results\batch_logs\baseline_batch_base.log,baseline,translation_en-de,flan-t5-large,baseline,,,43,failed,Traceback (most recent call last):
results\batch_logs\baseline_batch_base.log,baseline,translation_en-de,flan-t5-large,baseline,,,44,failed,Traceback (most recent call last):
results\batch_logs\baseline_batch_base.log,baseline,translation_en-es,flan-t5-large,baseline,,,42,success,
results\batch_logs\baseline_batch_base.log,baseline,translation_en-es,flan-t5-large,baseline,,,43,success,
results\batch_logs\baseline_batch_base.log,baseline,translation_en-es,flan-t5-large,baseline,,,44,success,
results\batch_logs\baseline_batch_base.log,baseline,translation_en-fr,flan-t5-large,baseline,,,42,success,
results\batch_logs\baseline_batch_base.log,baseline,translation_en-fr,flan-t5-large,baseline,,,43,success,
results\batch_logs\baseline_batch_base.log,baseline,translation_en-fr,flan-t5-large,baseline,,,44,success,
results\batch_logs\baseline_batch_base.log,baseline,word_in_context,flan-t5-large,baseline,,,42,success,
results\batch_logs\baseline_batch_base.log,baseline,word_in_context,flan-t5-large,baseline,,,43,success,
results\batch_logs\baseline_batch_base.log,baseline,word_in_context,flan-t5-large,baseline,,,44,success,
results\batch_logs\h3_batch_base.log,h3,sentiment,flan-t5-large,competence_threat,1,,42,success,
results\batch_logs\h3_batch_base.log,h3,sentiment,flan-t5-large,competence_threat,2,,42,success,
results\batch_logs\h3_batch_base.log,h3,sentiment,flan-t5-large,inconsistency,1,,42,success,
results\batch_logs\h3_batch_base.log,h3,sentiment,flan-t5-large,inconsistency,2,,42,success,
results\batch_logs\h3_batch_base.log,h3,sentiment,flan-t5-large,social_comparison,1,,42,success,
results\batch_logs\h3_batch_base.log,h3,sentiment,flan-t5-large,social_comparison,2,,42,success,
results\batch_logs\h3_batch_base.log,h3,sentiment,flan-t5-large,urgency,1,,42,success,
results\batch_logs\h3_batch_base.log,h3,sentiment,flan-t5-large,urgency,2,,42,success,
results\batch_logs\h3_batch_base.log,h3,sentiment,flan-t5-large,regret,1,,42,success,
results\batch_logs\h3_batch_base.log,h3,sentiment,flan-t5-large,regret,2,,42,success,
results\batch_logs\h3_batch_base.log,h3,sum,flan-t5-large,competence_threat,1,,42,success,
results\batch_logs\h3_batch_base.log,h3,sum,flan-t5-large,competence_threat,2,,42,success,
results\batch_logs\h3_batch_base.log,h3,sum,flan-t5-large,inconsistency,1,,42,success,
results\batch_logs\h3_batch_base.log,h3,sum,flan-t5-large,inconsistency,2,,42,success,
results\batch_logs\h3_batch_base.log,h3,sum,flan-t5-large,social_comparison,1,,42,success,
results\batch_logs\h3_batch_base.log,h3,sum,flan-t5-large,social_comparison,2,,42,success,
results\batch_logs\h3_batch_base.log,h3,sum,flan-t5-large,urgency,1,,42,success,
results\batch_logs\h3_batch_base.log,h3,sum,flan-t5-large,urgency,2,,42,success,
results\batch_logs\h3_batch_base.log,h3,sum,flan-t5-large,regret,1,,42,success,
results\batch_logs\h3_batch_base.log,h3,sum,flan-t5-large,regret,2,,42,success,
results\batch_logs\h3_batch_base.log,h3,sentiment,flan-t5-large,competence_threat,1,,42,success,
results\batch_logs\h3_batch_base.log,h3,sentiment,flan-t5-large,competence_threat,1,,43,success,
results\batch_logs\h3_batch_base.log,h3,sentiment,flan-t5-large,competence_threat,1,,44,success,
results\batch_logs\h3_batch_base.log,h3,sentiment,flan-t5-large,competence_threat,2,,42,success,
results\batch_logs\h3_batch_base.log,h3,sentiment,flan-t5-large,competence_threat,2,,43,success,
results\batch_logs\h3_batch_base.log,h3,sentiment,flan-t5-large,competence_threat,2,,44,success,
results\batch_logs\h3_batch_base.log,h3,sentiment,flan-t5-large,inconsistency,1,,42,success,
results\batch_logs\h3_batch_base.log,h3,sentiment,flan-t5-large,inconsistency,1,,43,success,
results\batch_logs\h3_batch_base.log,h3,sentiment,flan-t5-large,inconsistency,1,,44,success,
results\batch_logs\h3_batch_base.log,h3,sentiment,flan-t5-large,inconsistency,2,,42,success,
results\batch_logs\h3_batch_base.log,h3,sentiment,flan-t5-large,inconsistency,2,,43,success,
results\batch_logs\h3_batch_base.log,h3,sentiment,flan-t5-large,inconsistency,2,,44,success,
results\batch_logs\h3_batch_base.log,h3,sentiment,flan-t5-large,social_comparison,1,,42,success,
results\batch_logs\h3_batch_base.log,h3,sentiment,flan-t5-large,social_comparison,1,,43,success,
results\batch_logs\h3_batch_base.log,h3,sentiment,flan-t5-large,social_comparison,1,,44,success,
results\batch_logs\h3_batch_base.log,h3,sentiment,flan-t5-large,social_comparison,2,,42,success,
results\batch_logs\h3_batch_base.log,h3,sentiment,flan-t5-large,social_comparison,2,,43,success,
results\batch_logs\h3_batch_base.log,h3,sentiment,flan-t5-large,social_comparison,2,,44,success,
results\batch_logs\h3_batch_base.log,h3,sentiment,flan-t5-large,urgency,1,,42,success,
results\batch_logs\h3_batch_base.log,h3,sentiment,flan-t5-large,urgency,1,,43,success,
results\batch_logs\h3_batch_base.log,h3,sentiment,flan-t5-large,urgency,1,,44,success,
results\batch_logs\h3_batch_base.log,h3,sentiment,flan-t5-large,urgency,2,,42,success,
results\batch_logs\h3_batch_base.log,h3,sentiment,flan-t5-large,urgency,2,,43,success,
results\batch_logs\h3_batch_base.log,h3,sentiment,flan-t5-large,urgency,2,,44,success,
results\batch_logs\h3_batch_base.log,h3,sentiment,flan-t5-large,regret,1,,42,success,
results\batch_logs\h3_batch_base.log,h3,sentiment,flan-t5-large,regret,1,,43,success,
results\batch_logs\h3_batch_base.log,h3,sentiment,flan-t5-large,regret,1,,44,success,
results\batch_logs\h3_batch_base.log,h3,sentiment,flan-t5-large,regret,2,,42,success,
results\batch_logs\h3_batch_base.log,h3,sentiment,flan-t5-large,regret,2,,43,success,
results\batch_logs\h3_batch_base.log,h3,sentiment,flan-t5-large,regret,2,,44,success,
results\batch_logs\h3_batch_base.log,h3,sentence_similarity,flan-t5-large,competence_threat,1,,42,failed,Traceback (most recent call last):
results\batch_logs\h3_batch_base.log,h3,sentence_similarity,flan-t5-large,competence_threat,1,,43,failed,Traceback (most recent call last):
results\batch_logs\h3_batch_base.log,h3,sentence_similarity,flan-t5-large,competence_threat,1,,44,failed,Traceback (most recent call last):
results\batch_logs\h3_batch_base.log,h3,sentence_similarity,flan-t5-large,competence_threat,2,,42,failed,Traceback (most recent call last):
results\batch_logs\h3_batch_base.log,h3,sentence_similarity,flan-t5-large,competence_threat,2,,43,failed,Traceback (most recent call last):
results\batch_logs\h3_batch_base.log,h3,sentence_similarity,flan-t5-large,competence_threat,2,,44,failed,Traceback (most recent call last):
results\batch_logs\h3_batch_base.log,h3,sentence_similarity,flan-t5-large,inconsistency,1,,42,failed,Traceback (most recent call last):
results\batch_logs\h3_batch_base.log,h3,sentence_similarity,flan-t5-large,inconsistency,1,,43,failed,Traceback (most recent call last):
results\batch_logs\h3_batch_base.log,h3,sentence_similarity,flan-t5-large,inconsistency,1,,44,failed,Traceback (most recent call last):
results\batch_logs\h3_batch_base.log,h3,sentence_similarity,flan-t5-large,inconsistency,2,,42,failed,Traceback (most recent call last):
results\batch_logs\h3_batch_base.log,h3,sentence_similarity,flan-t5-large,inconsistency,2,,43,failed,Traceback (most recent call last):
results\batch_logs\h3_batch_base.log,h3,sentence_similarity,flan-t5-large,inconsistency,2,,44,failed,Traceback (most recent call last):
results\batch_logs\h3_batch_base.log,h3,sentence_similarity,flan-t5-large,social_comparison,1,,42,failed,Traceback (most recent call last):
results\batch_logs\h3_batch_base.log,h3,sentence_similarity,flan-t5-large,social_comparison,1,,43,failed,Traceback (most recent call last):
results\batch_logs\h3_batch_base.log,h3,sentence_similarity,flan-t5-large,social_comparison,1,,44,failed,Traceback (most recent call last):
results\batch_logs\h3_batch_base.log,h3,sentence_similarity,flan-t5-large,social_comparison,2,,42,failed,Traceback (most recent call last):
results\batch_logs\h3_batch_base.log,h3,sentence_similarity,flan-t5-large,social_comparison,2,,43,failed,Traceback (most recent call last):
results\batch_logs\h3_batch_base.log,h3,sentence_similarity,flan-t5-large,social_comparison,2,,44,failed,Traceback (most recent call last):
results\batch_logs\h3_batch_base.log,h3,sentence_similarity,flan-t5-large,urgency,1,,42,failed,Traceback (most recent call last):
results\batch_logs\h3_batch_base.log,h3,sentence_similarity,flan-t5-large,urgency,1,,43,failed,Traceback (most recent call last):
results\batch_logs\h3_batch_base.log,h3,sentence_similarity,flan-t5-large,urgency,1,,44,failed,Traceback (most recent call last):
results\batch_logs\h3_batch_base.log,h3,sentence_similarity,flan-t5-large,urgency,2,,42,failed,Traceback (most recent call last):
results\batch_logs\h3_batch_base.log,h3,sentence_similarity,flan-t5-large,urgency,2,,43,failed,Traceback (most recent call last):
results\batch_logs\h3_batch_base.log,h3,sentence_similarity,flan-t5-large,urgency,2,,44,failed,Traceback (most recent call last):
results\batch_logs\h3_batch_base.log,h3,sentence_similarity,flan-t5-large,regret,1,,42,failed,Traceback (most recent call last):
results\batch_logs\h3_batch_base.log,h3,sentence_similarity,flan-t5-large,regret,1,,43,failed,Traceback (most recent call last):
results\batch_logs\h3_batch_base.log,h3,sentence_similarity,flan-t5-large,regret,1,,44,failed,Traceback (most recent call last):
results\batch_logs\h3_batch_base.log,h3,sentence_similarity,flan-t5-large,regret,2,,42,failed,Traceback (most recent call last):
results\batch_logs\h3_batch_base.log,h3,sentence_similarity,flan-t5-large,regret,2,,43,failed,Traceback (most recent call last):
results\batch_logs\h3_batch_base.log,h3,sentence_similarity,flan-t5-large,regret,2,,44,failed,Traceback (most recent call last):
results\batch_logs\h3_batch_base.log,h3,word_in_context,flan-t5-large,competence_threat,1,,42,failed,Traceback (most recent call last):
results\batch_logs\h3_batch_base.log,h3,word_in_context,flan-t5-large,competence_threat,1,,43,failed,Traceback (most recent call last):
results\batch_logs\h3_batch_base.log,h3,word_in_context,flan-t5-large,competence_threat,1,,44,failed,Traceback (most recent call last):
results\batch_logs\h3_batch_base.log,h3,word_in_context,flan-t5-large,competence_threat,2,,42,failed,Traceback (most recent call last):
results\batch_logs\h3_batch_base.log,h3,word_in_context,flan-t5-large,competence_threat,2,,43,failed,Traceback (most recent call last):
results\batch_logs\h3_batch_base.log,h3,word_in_context,flan-t5-large,competence_threat,2,,44,failed,Traceback (most recent call last):
results\batch_logs\h3_batch_base.log,h3,word_in_context,flan-t5-large,inconsistency,1,,42,failed,Traceback (most recent call last):
results\batch_logs\h3_batch_base.log,h3,word_in_context,flan-t5-large,inconsistency,1,,43,failed,Traceback (most recent call last):
results\batch_logs\h3_batch_base.log,h3,word_in_context,flan-t5-large,inconsistency,1,,44,failed,Traceback (most recent call last):
results\batch_logs\h3_batch_base.log,h3,word_in_context,flan-t5-large,inconsistency,2,,42,failed,Traceback (most recent call last):
results\batch_logs\h3_batch_base.log,h3,word_in_context,flan-t5-large,inconsistency,2,,43,failed,Traceback (most recent call last):
results\batch_logs\h3_batch_base.log,h3,word_in_context,flan-t5-large,inconsistency,2,,44,failed,Traceback (most recent call last):
results\batch_logs\h3_batch_base.log,h3,word_in_context,flan-t5-large,social_comparison,1,,42,failed,Traceback (most recent call last):
results\batch_logs\h3_batch_base.log,h3,word_in_context,flan-t5-large,social_comparison,1,,43,failed,Traceback (most recent call last):
results\batch_logs\h3_batch_base.log,h3,word_in_context,flan-t5-large,social_comparison,1,,44,failed,Traceback (most recent call last):
results\batch_logs\h3_batch_base.log,h3,word_in_context,flan-t5-large,social_comparison,2,,42,failed,Traceback (most recent call last):
results\batch_logs\h3_batch_base.log,h3,word_in_context,flan-t5-large,social_comparison,2,,43,failed,Traceback (most recent call last):
results\batch_logs\h3_batch_base.log,h3,word_in_context,flan-t5-large,social_comparison,2,,44,failed,Traceback (most recent call last):
results\batch_logs\h3_batch_base.log,h3,word_in_context,flan-t5-large,urgency,1,,42,failed,Traceback (most recent call last):
results\batch_logs\h3_batch_base.log,h3,word_in_context,flan-t5-large,urgency,1,,43,failed,Traceback (most recent call last):
results\batch_logs\h3_batch_base.log,h3,word_in_context,flan-t5-large,urgency,1,,44,failed,Traceback (most recent call last):
results\batch_logs\h3_batch_base.log,h3,word_in_context,flan-t5-large,urgency,2,,42,failed,Traceback (most recent call last):
results\batch_logs\h3_batch_base.log,h3,word_in_context,flan-t5-large,urgency,2,,43,failed,Traceback (most recent call last):
results\batch_logs\h3_batch_base.log,h3,word_in_context,flan-t5-large,urgency,2,,44,failed,Traceback (most recent call last):
results\batch_logs\h3_batch_base.log,h3,word_in_context,flan-t5-large,regret,1,,42,failed,Traceback (most recent call last):
results\batch_logs\h3_batch_base.log,h3,word_in_context,flan-t5-large,regret,1,,43,failed,Traceback (most recent call last):
results\batch_logs\h3_batch_base.log,h3,word_in_context,flan-t5-large,regret,1,,44,failed,Traceback (most recent call last):
results\batch_logs\h3_batch_base.log,h3,word_in_context,flan-t5-large,regret,2,,42,failed,Traceback (most recent call last):
results\batch_logs\h3_batch_base.log,h3,word_in_context,flan-t5-large,regret,2,,43,failed,Traceback (most recent call last):
results\batch_logs\h3_batch_base.log,h3,word_in_context,flan-t5-large,regret,2,,44,failed,Traceback (most recent call last):
results\batch_logs\h3_batch_base.log,h3,cause_and_effect,flan-t5-large,competence_threat,1,,42,success,
results\batch_logs\h3_batch_base.log,h3,cause_and_effect,flan-t5-large,competence_threat,1,,43,success,
results\batch_logs\h3_batch_base.log,h3,cause_and_effect,flan-t5-large,competence_threat,1,,44,success,
results\batch_logs\h3_batch_base.log,h3,cause_and_effect,flan-t5-large,competence_threat,2,,42,success,
results\batch_logs\h3_batch_base.log,h3,cause_and_effect,flan-t5-large,competence_threat,2,,43,success,
results\batch_logs\h3_batch_base.log,h3,cause_and_effect,flan-t5-large,competence_threat,2,,44,success,
results\batch_logs\h3_batch_base.log,h3,cause_and_effect,flan-t5-large,inconsistency,1,,42,success,
results\batch_logs\h3_batch_base.log,h3,cause_and_effect,flan-t5-large,inconsistency,1,,43,success,
results\batch_logs\h3_batch_base.log,h3,cause_and_effect,flan-t5-large,inconsistency,1,,44,success,
results\batch_logs\h3_batch_base.log,h3,cause_and_effect,flan-t5-large,inconsistency,2,,42,success,
results\batch_logs\h3_batch_base.log,h3,cause_and_effect,flan-t5-large,inconsistency,2,,43,success,
results\batch_logs\h3_batch_base.log,h3,cause_and_effect,flan-t5-large,inconsistency,2,,44,success,
results\batch_logs\h3_batch_base.log,h3,cause_and_effect,flan-t5-large,social_comparison,1,,42,success,
results\batch_logs\h3_batch_base.log,h3,cause_and_effect,flan-t5-large,social_comparison,1,,43,success,
results\batch_logs\h3_batch_base.log,h3,cause_and_effect,flan-t5-large,social_comparison,1,,44,success,
results\batch_logs\h3_batch_base.log,h3,cause_and_effect,flan-t5-large,social_comparison,2,,42,success,
results\batch_logs\h3_batch_base.log,h3,cause_and_effect,flan-t5-large,social_comparison,2,,43,success,
results\batch_logs\h3_batch_base.log,h3,cause_and_effect,flan-t5-large,social_comparison,2,,44,success,
results\batch_logs\h3_batch_base.log,h3,cause_and_effect,flan-t5-large,urgency,1,,42,success,
results\batch_logs\h3_batch_base.log,h3,cause_and_effect,flan-t5-large,urgency,1,,43,success,
results\batch_logs\h3_batch_base.log,h3,cause_and_effect,flan-t5-large,urgency,1,,44,success,
results\batch_logs\h3_batch_base.log,h3,cause_and_effect,flan-t5-large,urgency,2,,42,success,
results\batch_logs\h3_batch_base.log,h3,cause_and_effect,flan-t5-large,urgency,2,,43,success,
results\batch_logs\h3_batch_base.log,h3,cause_and_effect,flan-t5-large,urgency,2,,44,success,
results\batch_logs\h3_batch_base.log,h3,cause_and_effect,flan-t5-large,regret,1,,42,success,
results\batch_logs\h3_batch_base.log,h3,cause_and_effect,flan-t5-large,regret,1,,43,success,
results\batch_logs\h3_batch_base.log,h3,cause_and_effect,flan-t5-large,regret,1,,44,success,
results\batch_logs\h3_batch_base.log,h3,cause_and_effect,flan-t5-large,regret,2,,42,success,
results\batch_logs\h3_batch_base.log,h3,cause_and_effect,flan-t5-large,regret,2,,43,success,
results\batch_logs\h3_batch_base.log,h3,cause_and_effect,flan-t5-large,regret,2,,44,success,
results\batch_logs\h3_batch_base.log,h3,sum,flan-t5-large,competence_threat,1,,42,success,
results\batch_logs\h3_batch_base.log,h3,sum,flan-t5-large,competence_threat,1,,43,success,
results\batch_logs\h3_batch_base.log,h3,sum,flan-t5-large,competence_threat,1,,44,success,
results\batch_logs\h3_batch_base.log,h3,sum,flan-t5-large,competence_threat,2,,42,success,
results\batch_logs\h3_batch_base.log,h3,sum,flan-t5-large,competence_threat,2,,43,success,
results\batch_logs\h3_batch_base.log,h3,sum,flan-t5-large,competence_threat,2,,44,success,
results\batch_logs\h3_batch_base.log,h3,sum,flan-t5-large,inconsistency,1,,42,success,
results\batch_logs\h3_batch_base.log,h3,sum,flan-t5-large,inconsistency,1,,43,success,
results\batch_logs\h3_batch_base.log,h3,sum,flan-t5-large,inconsistency,1,,44,success,
results\batch_logs\h3_batch_base.log,h3,sum,flan-t5-large,inconsistency,2,,42,success,
results\batch_logs\h3_batch_base.log,h3,sum,flan-t5-large,inconsistency,2,,43,success,
results\batch_logs\h3_batch_base.log,h3,sum,flan-t5-large,inconsistency,2,,44,success,
results\batch_logs\h3_batch_base.log,h3,sum,flan-t5-large,social_comparison,1,,42,success,
results\batch_logs\h3_batch_base.log,h3,sum,flan-t5-large,social_comparison,1,,43,success,
results\batch_logs\h3_batch_base.log,h3,sum,flan-t5-large,social_comparison,1,,44,success,
results\batch_logs\h3_batch_base.log,h3,sum,flan-t5-large,social_comparison,2,,42,success,
results\batch_logs\h3_batch_base.log,h3,sum,flan-t5-large,social_comparison,2,,43,success,
results\batch_logs\h3_batch_base.log,h3,sum,flan-t5-large,social_comparison,2,,44,success,
results\batch_logs\h3_batch_base.log,h3,sum,flan-t5-large,urgency,1,,42,success,
results\batch_logs\h3_batch_base.log,h3,sum,flan-t5-large,urgency,1,,43,success,
results\batch_logs\h3_batch_base.log,h3,sum,flan-t5-large,urgency,1,,44,success,
results\batch_logs\h3_batch_base.log,h3,sum,flan-t5-large,urgency,2,,42,success,
results\batch_logs\h3_batch_base.log,h3,sum,flan-t5-large,urgency,2,,43,success,
results\batch_logs\h3_batch_base.log,h3,sum,flan-t5-large,urgency,2,,44,success,
results\batch_logs\h3_batch_base.log,h3,sum,flan-t5-large,regret,1,,42,success,
results\batch_logs\h3_batch_base.log,h3,sum,flan-t5-large,regret,1,,43,success,
results\batch_logs\h3_batch_base.log,h3,sum,flan-t5-large,regret,1,,44,success,
results\batch_logs\h3_batch_base.log,h3,sum,flan-t5-large,regret,2,,42,success,
results\batch_logs\h3_batch_base.log,h3,sum,flan-t5-large,regret,2,,43,success,
results\batch_logs\h3_batch_base.log,h3,sum,flan-t5-large,regret,2,,44,success,
results\batch_logs\h3_batch_base.log,h3,active_to_passive,flan-t5-large,competence_threat,1,,42,success,
results\batch_logs\h3_batch_base.log,h3,active_to_passive,flan-t5-large,competence_threat,1,,43,success,
results\batch_logs\h3_batch_base.log,h3,active_to_passive,flan-t5-large,competence_threat,1,,44,success,
results\batch_logs\h3_batch_base.log,h3,active_to_passive,flan-t5-large,competence_threat,2,,42,success,
results\batch_logs\h3_batch_base.log,h3,active_to_passive,flan-t5-large,competence_threat,2,,43,success,
results\batch_logs\h3_batch_base.log,h3,active_to_passive,flan-t5-large,competence_threat,2,,44,success,
results\batch_logs\h3_batch_base.log,h3,active_to_passive,flan-t5-large,inconsistency,1,,42,success,
results\batch_logs\h3_batch_base.log,h3,active_to_passive,flan-t5-large,inconsistency,1,,43,success,
results\batch_logs\h3_batch_base.log,h3,active_to_passive,flan-t5-large,inconsistency,1,,44,success,
results\batch_logs\h3_batch_base.log,h3,active_to_passive,flan-t5-large,inconsistency,2,,42,success,
results\batch_logs\h3_batch_base.log,h3,active_to_passive,flan-t5-large,inconsistency,2,,43,success,
results\batch_logs\h3_batch_base.log,h3,active_to_passive,flan-t5-large,inconsistency,2,,44,success,
results\batch_logs\h3_batch_base.log,h3,active_to_passive,flan-t5-large,social_comparison,1,,42,success,
results\batch_logs\h3_batch_base.log,h3,active_to_passive,flan-t5-large,social_comparison,1,,43,success,
results\batch_logs\h3_batch_base.log,h3,active_to_passive,flan-t5-large,social_comparison,1,,44,success,
results\batch_logs\h3_batch_base.log,h3,active_to_passive,flan-t5-large,social_comparison,2,,42,success,
results\batch_logs\h3_batch_base.log,h3,active_to_passive,flan-t5-large,social_comparison,2,,43,success,
results\batch_logs\h3_batch_base.log,h3,active_to_passive,flan-t5-large,social_comparison,2,,44,success,
results\batch_logs\h3_batch_base.log,h3,active_to_passive,flan-t5-large,urgency,1,,42,success,
results\batch_logs\h3_batch_base.log,h3,active_to_passive,flan-t5-large,urgency,1,,43,success,
results\batch_logs\h3_batch_base.log,h3,active_to_passive,flan-t5-large,urgency,1,,44,success,
results\batch_logs\h3_batch_base.log,h3,active_to_passive,flan-t5-large,urgency,2,,42,success,
results\batch_logs\h3_batch_base.log,h3,active_to_passive,flan-t5-large,urgency,2,,43,success,
results\batch_logs\h3_batch_base.log,h3,active_to_passive,flan-t5-large,urgency,2,,44,success,
results\batch_logs\h3_batch_base.log,h3,active_to_passive,flan-t5-large,regret,1,,42,success,
results\batch_logs\h3_batch_base.log,h3,active_to_passive,flan-t5-large,regret,1,,43,success,
results\batch_logs\h3_batch_base.log,h3,active_to_passive,flan-t5-large,regret,1,,44,success,
results\batch_logs\h3_batch_base.log,h3,active_to_passive,flan-t5-large,regret,2,,42,success,
results\batch_logs\h3_batch_base.log,h3,active_to_passive,flan-t5-large,regret,2,,43,success,
results\batch_logs\h3_batch_base.log,h3,active_to_passive,flan-t5-large,regret,2,,44,success,
results\batch_logs\h3_batch_base.log,h3,antonyms,flan-t5-large,competence_threat,1,,42,success,
results\batch_logs\h3_batch_base.log,h3,antonyms,flan-t5-large,competence_threat,1,,43,success,
results\batch_logs\h3_batch_base.log,h3,antonyms,flan-t5-large,competence_threat,1,,44,success,
results\batch_logs\h3_batch_base.log,h3,antonyms,flan-t5-large,competence_threat,2,,42,success,
results\batch_logs\h3_batch_base.log,h3,antonyms,flan-t5-large,competence_threat,2,,43,success,
results\batch_logs\h3_batch_base.log,h3,antonyms,flan-t5-large,competence_threat,2,,44,success,
results\batch_logs\h3_batch_base.log,h3,antonyms,flan-t5-large,inconsistency,1,,42,success,
results\batch_logs\h3_batch_base.log,h3,antonyms,flan-t5-large,inconsistency,1,,43,success,
results\batch_logs\h3_batch_base.log,h3,antonyms,flan-t5-large,inconsistency,1,,44,success,
results\batch_logs\h3_batch_base.log,h3,antonyms,flan-t5-large,inconsistency,2,,42,success,
results\batch_logs\h3_batch_base.log,h3,antonyms,flan-t5-large,inconsistency,2,,43,success,
results\batch_logs\h3_batch_base.log,h3,antonyms,flan-t5-large,inconsistency,2,,44,success,
results\batch_logs\h3_batch_base.log,h3,antonyms,flan-t5-large,social_comparison,1,,42,success,
results\batch_logs\h3_batch_base.log,h3,antonyms,flan-t5-large,social_comparison,1,,43,success,
results\batch_logs\h3_batch_base.log,h3,antonyms,flan-t5-large,social_comparison,1,,44,success,
results\batch_logs\h3_batch_base.log,h3,antonyms,flan-t5-large,social_comparison,2,,42,success,
results\batch_logs\h3_batch_base.log,h3,antonyms,flan-t5-large,social_comparison,2,,43,success,
results\batch_logs\h3_batch_base.log,h3,antonyms,flan-t5-large,social_comparison,2,,44,success,
results\batch_logs\h3_batch_base.log,h3,antonyms,flan-t5-large,urgency,1,,42,success,
results\batch_logs\h3_batch_base.log,h3,antonyms,flan-t5-large,urgency,1,,43,success,
results\batch_logs\h3_batch_base.log,h3,antonyms,flan-t5-large,urgency,1,,44,success,
results\batch_logs\h3_batch_base.log,h3,antonyms,flan-t5-large,urgency,2,,42,success,
results\batch_logs\h3_batch_base.log,h3,antonyms,flan-t5-large,urgency,2,,43,success,
results\batch_logs\h3_batch_base.log,h3,antonyms,flan-t5-large,urgency,2,,44,success,
results\batch_logs\h3_batch_base.log,h3,antonyms,flan-t5-large,regret,1,,42,success,
results\batch_logs\h3_batch_base.log,h3,antonyms,flan-t5-large,regret,1,,43,success,
results\batch_logs\h3_batch_base.log,h3,antonyms,flan-t5-large,regret,1,,44,success,
results\batch_logs\h3_batch_base.log,h3,antonyms,flan-t5-large,regret,2,,42,success,
results\batch_logs\h3_batch_base.log,h3,antonyms,flan-t5-large,regret,2,,43,success,
results\batch_logs\h3_batch_base.log,h3,antonyms,flan-t5-large,regret,2,,44,success,
results\batch_logs\h3_batch_base.log,h3,cause_and_effect,flan-t5-large,competence_threat,1,,42,success,
results\batch_logs\h3_batch_base.log,h3,cause_and_effect,flan-t5-large,competence_threat,1,,43,success,
results\batch_logs\h3_batch_base.log,h3,cause_and_effect,flan-t5-large,competence_threat,1,,44,success,
results\batch_logs\h3_batch_base.log,h3,cause_and_effect,flan-t5-large,competence_threat,2,,42,success,
results\batch_logs\h3_batch_base.log,h3,cause_and_effect,flan-t5-large,competence_threat,2,,43,success,
results\batch_logs\h3_batch_base.log,h3,cause_and_effect,flan-t5-large,competence_threat,2,,44,success,
results\batch_logs\h3_batch_base.log,h3,cause_and_effect,flan-t5-large,inconsistency,1,,42,success,
results\batch_logs\h3_batch_base.log,h3,cause_and_effect,flan-t5-large,inconsistency,1,,43,success,
results\batch_logs\h3_batch_base.log,h3,cause_and_effect,flan-t5-large,inconsistency,1,,44,success,
results\batch_logs\h3_batch_base.log,h3,cause_and_effect,flan-t5-large,inconsistency,2,,42,success,
results\batch_logs\h3_batch_base.log,h3,cause_and_effect,flan-t5-large,inconsistency,2,,43,success,
results\batch_logs\h3_batch_base.log,h3,cause_and_effect,flan-t5-large,inconsistency,2,,44,success,
results\batch_logs\h3_batch_base.log,h3,cause_and_effect,flan-t5-large,social_comparison,1,,42,success,
results\batch_logs\h3_batch_base.log,h3,cause_and_effect,flan-t5-large,social_comparison,1,,43,success,
results\batch_logs\h3_batch_base.log,h3,cause_and_effect,flan-t5-large,social_comparison,1,,44,success,
results\batch_logs\h3_batch_base.log,h3,cause_and_effect,flan-t5-large,social_comparison,2,,42,success,
results\batch_logs\h3_batch_base.log,h3,cause_and_effect,flan-t5-large,social_comparison,2,,43,success,
results\batch_logs\h3_batch_base.log,h3,cause_and_effect,flan-t5-large,social_comparison,2,,44,success,
results\batch_logs\h3_batch_base.log,h3,cause_and_effect,flan-t5-large,urgency,1,,42,success,
results\batch_logs\h3_batch_base.log,h3,cause_and_effect,flan-t5-large,urgency,1,,43,success,
results\batch_logs\h3_batch_base.log,h3,cause_and_effect,flan-t5-large,urgency,1,,44,success,
results\batch_logs\h3_batch_base.log,h3,cause_and_effect,flan-t5-large,urgency,2,,42,success,
results\batch_logs\h3_batch_base.log,h3,cause_and_effect,flan-t5-large,urgency,2,,43,success,
results\batch_logs\h3_batch_base.log,h3,cause_and_effect,flan-t5-large,urgency,2,,44,success,
results\batch_logs\h3_batch_base.log,h3,cause_and_effect,flan-t5-large,regret,1,,42,success,
results\batch_logs\h3_batch_base.log,h3,cause_and_effect,flan-t5-large,regret,1,,43,success,
results\batch_logs\h3_batch_base.log,h3,cause_and_effect,flan-t5-large,regret,1,,44,success,
results\batch_logs\h3_batch_base.log,h3,cause_and_effect,flan-t5-large,regret,2,,42,success,
results\batch_logs\h3_batch_base.log,h3,cause_and_effect,flan-t5-large,regret,2,,43,success,
results\batch_logs\h3_batch_base.log,h3,cause_and_effect,flan-t5-large,regret,2,,44,success,
results\batch_logs\h3_batch_base.log,h3,common_concept,flan-t5-large,competence_threat,1,,42,success,
results\batch_logs\h3_batch_base.log,h3,common_concept,flan-t5-large,competence_threat,1,,43,success,
results\batch_logs\h3_batch_base.log,h3,common_concept,flan-t5-large,competence_threat,1,,44,success,
results\batch_logs\h3_batch_base.log,h3,common_concept,flan-t5-large,competence_threat,2,,42,success,
results\batch_logs\h3_batch_base.log,h3,common_concept,flan-t5-large,competence_threat,2,,43,success,
results\batch_logs\h3_batch_base.log,h3,common_concept,flan-t5-large,competence_threat,2,,44,success,
results\batch_logs\h3_batch_base.log,h3,common_concept,flan-t5-large,inconsistency,1,,42,success,
results\batch_logs\h3_batch_base.log,h3,common_concept,flan-t5-large,inconsistency,1,,43,success,
results\batch_logs\h3_batch_base.log,h3,common_concept,flan-t5-large,inconsistency,1,,44,success,
results\batch_logs\h3_batch_base.log,h3,common_concept,flan-t5-large,inconsistency,2,,42,success,
results\batch_logs\h3_batch_base.log,h3,common_concept,flan-t5-large,inconsistency,2,,43,success,
results\batch_logs\h3_batch_base.log,h3,common_concept,flan-t5-large,inconsistency,2,,44,success,
results\batch_logs\h3_batch_base.log,h3,common_concept,flan-t5-large,social_comparison,1,,42,success,
results\batch_logs\h3_batch_base.log,h3,common_concept,flan-t5-large,social_comparison,1,,43,success,
results\batch_logs\h3_batch_base.log,h3,common_concept,flan-t5-large,social_comparison,1,,44,success,
results\batch_logs\h3_batch_base.log,h3,common_concept,flan-t5-large,social_comparison,2,,42,success,
results\batch_logs\h3_batch_base.log,h3,common_concept,flan-t5-large,social_comparison,2,,43,success,
results\batch_logs\h3_batch_base.log,h3,common_concept,flan-t5-large,social_comparison,2,,44,success,
results\batch_logs\h3_batch_base.log,h3,common_concept,flan-t5-large,urgency,1,,42,success,
results\batch_logs\h3_batch_base.log,h3,common_concept,flan-t5-large,urgency,1,,43,success,
results\batch_logs\h3_batch_base.log,h3,common_concept,flan-t5-large,urgency,1,,44,success,
results\batch_logs\h3_batch_base.log,h3,common_concept,flan-t5-large,urgency,2,,42,success,
results\batch_logs\h3_batch_base.log,h3,common_concept,flan-t5-large,urgency,2,,43,success,
results\batch_logs\h3_batch_base.log,h3,common_concept,flan-t5-large,urgency,2,,44,success,
results\batch_logs\h3_batch_base.log,h3,common_concept,flan-t5-large,regret,1,,42,success,
results\batch_logs\h3_batch_base.log,h3,common_concept,flan-t5-large,regret,1,,43,success,
results\batch_logs\h3_batch_base.log,h3,common_concept,flan-t5-large,regret,1,,44,success,
results\batch_logs\h3_batch_base.log,h3,common_concept,flan-t5-large,regret,2,,42,success,
results\batch_logs\h3_batch_base.log,h3,common_concept,flan-t5-large,regret,2,,43,success,
results\batch_logs\h3_batch_base.log,h3,common_concept,flan-t5-large,regret,2,,44,success,
results\batch_logs\h3_batch_base.log,h3,diff,flan-t5-large,competence_threat,1,,42,success,
results\batch_logs\h3_batch_base.log,h3,diff,flan-t5-large,competence_threat,1,,43,success,
results\batch_logs\h3_batch_base.log,h3,diff,flan-t5-large,competence_threat,1,,44,success,
results\batch_logs\h3_batch_base.log,h3,diff,flan-t5-large,competence_threat,2,,42,success,
results\batch_logs\h3_batch_base.log,h3,diff,flan-t5-large,competence_threat,2,,43,success,
results\batch_logs\h3_batch_base.log,h3,diff,flan-t5-large,competence_threat,2,,44,success,
results\batch_logs\h3_batch_base.log,h3,diff,flan-t5-large,inconsistency,1,,42,success,
results\batch_logs\h3_batch_base.log,h3,diff,flan-t5-large,inconsistency,1,,43,success,
results\batch_logs\h3_batch_base.log,h3,diff,flan-t5-large,inconsistency,1,,44,success,
results\batch_logs\h3_batch_base.log,h3,diff,flan-t5-large,inconsistency,2,,42,success,
results\batch_logs\h3_batch_base.log,h3,diff,flan-t5-large,inconsistency,2,,43,success,
results\batch_logs\h3_batch_base.log,h3,diff,flan-t5-large,inconsistency,2,,44,success,
results\batch_logs\h3_batch_base.log,h3,diff,flan-t5-large,social_comparison,1,,42,success,
results\batch_logs\h3_batch_base.log,h3,diff,flan-t5-large,social_comparison,1,,43,success,
results\batch_logs\h3_batch_base.log,h3,diff,flan-t5-large,social_comparison,1,,44,success,
results\batch_logs\h3_batch_base.log,h3,diff,flan-t5-large,social_comparison,2,,42,success,
results\batch_logs\h3_batch_base.log,h3,diff,flan-t5-large,social_comparison,2,,43,success,
results\batch_logs\h3_batch_base.log,h3,diff,flan-t5-large,social_comparison,2,,44,success,
results\batch_logs\h3_batch_base.log,h3,diff,flan-t5-large,urgency,1,,42,success,
results\batch_logs\h3_batch_base.log,h3,diff,flan-t5-large,urgency,1,,43,success,
results\batch_logs\h3_batch_base.log,h3,diff,flan-t5-large,urgency,1,,44,success,
results\batch_logs\h3_batch_base.log,h3,diff,flan-t5-large,urgency,2,,42,success,
results\batch_logs\h3_batch_base.log,h3,diff,flan-t5-large,urgency,2,,43,success,
results\batch_logs\h3_batch_base.log,h3,diff,flan-t5-large,urgency,2,,44,success,
results\batch_logs\h3_batch_base.log,h3,diff,flan-t5-large,regret,1,,42,success,
results\batch_logs\h3_batch_base.log,h3,diff,flan-t5-large,regret,1,,43,success,
results\batch_logs\h3_batch_base.log,h3,diff,flan-t5-large,regret,1,,44,success,
results\batch_logs\h3_batch_base.log,h3,diff,flan-t5-large,regret,2,,42,success,
results\batch_logs\h3_batch_base.log,h3,diff,flan-t5-large,regret,2,,43,success,
results\batch_logs\h3_batch_base.log,h3,diff,flan-t5-large,regret,2,,44,success,
results\batch_logs\h3_batch_base.log,h3,first_word_letter,flan-t5-large,competence_threat,1,,42,success,
results\batch_logs\h3_batch_base.log,h3,first_word_letter,flan-t5-large,competence_threat,1,,43,success,
results\batch_logs\h3_batch_base.log,h3,first_word_letter,flan-t5-large,competence_threat,1,,44,success,
results\batch_logs\h3_batch_base.log,h3,first_word_letter,flan-t5-large,competence_threat,2,,42,success,
results\batch_logs\h3_batch_base.log,h3,first_word_letter,flan-t5-large,competence_threat,2,,43,success,
results\batch_logs\h3_batch_base.log,h3,first_word_letter,flan-t5-large,competence_threat,2,,44,success,
results\batch_logs\h3_batch_base.log,h3,first_word_letter,flan-t5-large,inconsistency,1,,42,success,
results\batch_logs\h3_batch_base.log,h3,first_word_letter,flan-t5-large,inconsistency,1,,43,success,
results\batch_logs\h3_batch_base.log,h3,first_word_letter,flan-t5-large,inconsistency,1,,44,success,
results\batch_logs\h3_batch_base.log,h3,first_word_letter,flan-t5-large,inconsistency,2,,42,success,
results\batch_logs\h3_batch_base.log,h3,first_word_letter,flan-t5-large,inconsistency,2,,43,success,
results\batch_logs\h3_batch_base.log,h3,first_word_letter,flan-t5-large,inconsistency,2,,44,success,
results\batch_logs\h3_batch_base.log,h3,first_word_letter,flan-t5-large,social_comparison,1,,42,success,
results\batch_logs\h3_batch_base.log,h3,first_word_letter,flan-t5-large,social_comparison,1,,43,success,
results\batch_logs\h3_batch_base.log,h3,first_word_letter,flan-t5-large,social_comparison,1,,44,success,
results\batch_logs\h3_batch_base.log,h3,first_word_letter,flan-t5-large,social_comparison,2,,42,success,
results\batch_logs\h3_batch_base.log,h3,first_word_letter,flan-t5-large,social_comparison,2,,43,success,
results\batch_logs\h3_batch_base.log,h3,first_word_letter,flan-t5-large,social_comparison,2,,44,success,
results\batch_logs\h3_batch_base.log,h3,first_word_letter,flan-t5-large,urgency,1,,42,success,
results\batch_logs\h3_batch_base.log,h3,first_word_letter,flan-t5-large,urgency,1,,43,success,
results\batch_logs\h3_batch_base.log,h3,first_word_letter,flan-t5-large,urgency,1,,44,success,
results\batch_logs\h3_batch_base.log,h3,first_word_letter,flan-t5-large,urgency,2,,42,success,
results\batch_logs\h3_batch_base.log,h3,first_word_letter,flan-t5-large,urgency,2,,43,success,
results\batch_logs\h3_batch_base.log,h3,first_word_letter,flan-t5-large,urgency,2,,44,success,
results\batch_logs\h3_batch_base.log,h3,first_word_letter,flan-t5-large,regret,1,,42,success,
results\batch_logs\h3_batch_base.log,h3,first_word_letter,flan-t5-large,regret,1,,43,success,
results\batch_logs\h3_batch_base.log,h3,first_word_letter,flan-t5-large,regret,1,,44,success,
results\batch_logs\h3_batch_base.log,h3,first_word_letter,flan-t5-large,regret,2,,42,success,
results\batch_logs\h3_batch_base.log,h3,first_word_letter,flan-t5-large,regret,2,,43,success,
results\batch_logs\h3_batch_base.log,h3,first_word_letter,flan-t5-large,regret,2,,44,success,
results\batch_logs\h3_batch_base.log,h3,informal_to_formal,flan-t5-large,competence_threat,1,,42,success,
results\batch_logs\h3_batch_base.log,h3,informal_to_formal,flan-t5-large,competence_threat,1,,43,success,
results\batch_logs\h3_batch_base.log,h3,informal_to_formal,flan-t5-large,competence_threat,1,,44,success,
results\batch_logs\h3_batch_base.log,h3,informal_to_formal,flan-t5-large,competence_threat,2,,42,success,
results\batch_logs\h3_batch_base.log,h3,informal_to_formal,flan-t5-large,competence_threat,2,,43,success,
results\batch_logs\h3_batch_base.log,h3,informal_to_formal,flan-t5-large,competence_threat,2,,44,success,
results\batch_logs\h3_batch_base.log,h3,informal_to_formal,flan-t5-large,inconsistency,1,,42,success,
results\batch_logs\h3_batch_base.log,h3,informal_to_formal,flan-t5-large,inconsistency,1,,43,success,
results\batch_logs\h3_batch_base.log,h3,informal_to_formal,flan-t5-large,inconsistency,1,,44,success,
results\batch_logs\h3_batch_base.log,h3,informal_to_formal,flan-t5-large,inconsistency,2,,42,success,
results\batch_logs\h3_batch_base.log,h3,informal_to_formal,flan-t5-large,inconsistency,2,,43,success,
results\batch_logs\h3_batch_base.log,h3,informal_to_formal,flan-t5-large,inconsistency,2,,44,success,
results\batch_logs\h3_batch_base.log,h3,informal_to_formal,flan-t5-large,social_comparison,1,,42,success,
results\batch_logs\h3_batch_base.log,h3,informal_to_formal,flan-t5-large,social_comparison,1,,43,success,
results\batch_logs\h3_batch_base.log,h3,informal_to_formal,flan-t5-large,social_comparison,1,,44,success,
results\batch_logs\h3_batch_base.log,h3,informal_to_formal,flan-t5-large,social_comparison,2,,42,success,
results\batch_logs\h3_batch_base.log,h3,informal_to_formal,flan-t5-large,social_comparison,2,,43,success,
results\batch_logs\h3_batch_base.log,h3,informal_to_formal,flan-t5-large,social_comparison,2,,44,success,
results\batch_logs\h3_batch_base.log,h3,informal_to_formal,flan-t5-large,urgency,1,,42,success,
results\batch_logs\h3_batch_base.log,h3,informal_to_formal,flan-t5-large,urgency,1,,43,success,
results\batch_logs\h3_batch_base.log,h3,informal_to_formal,flan-t5-large,urgency,1,,44,success,
results\batch_logs\h3_batch_base.log,h3,informal_to_formal,flan-t5-large,urgency,2,,42,success,
results\batch_logs\h3_batch_base.log,h3,informal_to_formal,flan-t5-large,urgency,2,,43,success,
results\batch_logs\h3_batch_base.log,h3,informal_to_formal,flan-t5-large,urgency,2,,44,success,
results\batch_logs\h3_batch_base.log,h3,informal_to_formal,flan-t5-large,regret,1,,42,success,
results\batch_logs\h3_batch_base.log,h3,informal_to_formal,flan-t5-large,regret,1,,43,success,
results\batch_logs\h3_batch_base.log,h3,informal_to_formal,flan-t5-large,regret,1,,44,success,
results\batch_logs\h3_batch_base.log,h3,informal_to_formal,flan-t5-large,regret,2,,42,success,
results\batch_logs\h3_batch_base.log,h3,informal_to_formal,flan-t5-large,regret,2,,43,success,
results\batch_logs\h3_batch_base.log,h3,informal_to_formal,flan-t5-large,regret,2,,44,success,
results\batch_logs\h3_batch_base.log,h3,larger_animal,flan-t5-large,competence_threat,1,,42,success,
results\batch_logs\h3_batch_base.log,h3,larger_animal,flan-t5-large,competence_threat,1,,43,success,
results\batch_logs\h3_batch_base.log,h3,larger_animal,flan-t5-large,competence_threat,1,,44,success,
results\batch_logs\h3_batch_base.log,h3,larger_animal,flan-t5-large,competence_threat,2,,42,success,
results\batch_logs\h3_batch_base.log,h3,larger_animal,flan-t5-large,competence_threat,2,,43,success,
results\batch_logs\h3_batch_base.log,h3,larger_animal,flan-t5-large,competence_threat,2,,44,success,
results\batch_logs\h3_batch_base.log,h3,larger_animal,flan-t5-large,inconsistency,1,,42,success,
results\batch_logs\h3_batch_base.log,h3,larger_animal,flan-t5-large,inconsistency,1,,43,success,
results\batch_logs\h3_batch_base.log,h3,larger_animal,flan-t5-large,inconsistency,1,,44,success,
results\batch_logs\h3_batch_base.log,h3,larger_animal,flan-t5-large,inconsistency,2,,42,success,
results\batch_logs\h3_batch_base.log,h3,larger_animal,flan-t5-large,inconsistency,2,,43,success,
results\batch_logs\h3_batch_base.log,h3,larger_animal,flan-t5-large,inconsistency,2,,44,success,
results\batch_logs\h3_batch_base.log,h3,larger_animal,flan-t5-large,social_comparison,1,,42,success,
results\batch_logs\h3_batch_base.log,h3,larger_animal,flan-t5-large,social_comparison,1,,43,success,
results\batch_logs\h3_batch_base.log,h3,larger_animal,flan-t5-large,social_comparison,1,,44,success,
results\batch_logs\h3_batch_base.log,h3,larger_animal,flan-t5-large,social_comparison,2,,42,success,
results\batch_logs\h3_batch_base.log,h3,larger_animal,flan-t5-large,social_comparison,2,,43,success,
results\batch_logs\h3_batch_base.log,h3,larger_animal,flan-t5-large,social_comparison,2,,44,success,
results\batch_logs\h3_batch_base.log,h3,larger_animal,flan-t5-large,urgency,1,,42,success,
results\batch_logs\h3_batch_base.log,h3,larger_animal,flan-t5-large,urgency,1,,43,success,
results\batch_logs\h3_batch_base.log,h3,larger_animal,flan-t5-large,urgency,1,,44,success,
results\batch_logs\h3_batch_base.log,h3,larger_animal,flan-t5-large,urgency,2,,42,success,
results\batch_logs\h3_batch_base.log,h3,larger_animal,flan-t5-large,urgency,2,,43,success,
results\batch_logs\h3_batch_base.log,h3,larger_animal,flan-t5-large,urgency,2,,44,success,
results\batch_logs\h3_batch_base.log,h3,larger_animal,flan-t5-large,regret,1,,42,success,
results\batch_logs\h3_batch_base.log,h3,larger_animal,flan-t5-large,regret,1,,43,success,
results\batch_logs\h3_batch_base.log,h3,larger_animal,flan-t5-large,regret,1,,44,success,
results\batch_logs\h3_batch_base.log,h3,larger_animal,flan-t5-large,regret,2,,42,success,
results\batch_logs\h3_batch_base.log,h3,larger_animal,flan-t5-large,regret,2,,43,success,
results\batch_logs\h3_batch_base.log,h3,larger_animal,flan-t5-large,regret,2,,44,success,
results\batch_logs\h3_batch_base.log,h3,letters_list,flan-t5-large,competence_threat,1,,42,success,
results\batch_logs\h3_batch_base.log,h3,letters_list,flan-t5-large,competence_threat,1,,43,success,
results\batch_logs\h3_batch_base.log,h3,letters_list,flan-t5-large,competence_threat,1,,44,success,
results\batch_logs\h3_batch_base.log,h3,letters_list,flan-t5-large,competence_threat,2,,42,success,
results\batch_logs\h3_batch_base.log,h3,letters_list,flan-t5-large,competence_threat,2,,43,success,
results\batch_logs\h3_batch_base.log,h3,letters_list,flan-t5-large,competence_threat,2,,44,success,
results\batch_logs\h3_batch_base.log,h3,letters_list,flan-t5-large,inconsistency,1,,42,success,
results\batch_logs\h3_batch_base.log,h3,letters_list,flan-t5-large,inconsistency,1,,43,success,
results\batch_logs\h3_batch_base.log,h3,letters_list,flan-t5-large,inconsistency,1,,44,success,
results\batch_logs\h3_batch_base.log,h3,letters_list,flan-t5-large,inconsistency,2,,42,success,
results\batch_logs\h3_batch_base.log,h3,letters_list,flan-t5-large,inconsistency,2,,43,success,
results\batch_logs\h3_batch_base.log,h3,letters_list,flan-t5-large,inconsistency,2,,44,success,
results\batch_logs\h3_batch_base.log,h3,letters_list,flan-t5-large,social_comparison,1,,42,success,
results\batch_logs\h3_batch_base.log,h3,letters_list,flan-t5-large,social_comparison,1,,43,success,
results\batch_logs\h3_batch_base.log,h3,letters_list,flan-t5-large,social_comparison,1,,44,success,
results\batch_logs\h3_batch_base.log,h3,letters_list,flan-t5-large,social_comparison,2,,42,success,
results\batch_logs\h3_batch_base.log,h3,letters_list,flan-t5-large,social_comparison,2,,43,success,
results\batch_logs\h3_batch_base.log,h3,letters_list,flan-t5-large,social_comparison,2,,44,success,
results\batch_logs\h3_batch_base.log,h3,letters_list,flan-t5-large,urgency,1,,42,success,
results\batch_logs\h3_batch_base.log,h3,letters_list,flan-t5-large,urgency,1,,43,success,
results\batch_logs\h3_batch_base.log,h3,letters_list,flan-t5-large,urgency,1,,44,success,
results\batch_logs\h3_batch_base.log,h3,letters_list,flan-t5-large,urgency,2,,42,success,
results\batch_logs\h3_batch_base.log,h3,letters_list,flan-t5-large,urgency,2,,43,success,
results\batch_logs\h3_batch_base.log,h3,letters_list,flan-t5-large,urgency,2,,44,success,
results\batch_logs\h3_batch_base.log,h3,letters_list,flan-t5-large,regret,1,,42,success,
results\batch_logs\h3_batch_base.log,h3,letters_list,flan-t5-large,regret,1,,43,success,
results\batch_logs\h3_batch_base.log,h3,letters_list,flan-t5-large,regret,1,,44,success,
results\batch_logs\h3_batch_base.log,h3,letters_list,flan-t5-large,regret,2,,42,success,
results\batch_logs\h3_batch_base.log,h3,letters_list,flan-t5-large,regret,2,,43,success,
results\batch_logs\h3_batch_base.log,h3,letters_list,flan-t5-large,regret,2,,44,success,
results\batch_logs\h3_batch_base.log,h3,negation,flan-t5-large,competence_threat,1,,42,success,
results\batch_logs\h3_batch_base.log,h3,negation,flan-t5-large,competence_threat,1,,43,success,
results\batch_logs\h3_batch_base.log,h3,negation,flan-t5-large,competence_threat,1,,44,success,
results\batch_logs\h3_batch_base.log,h3,negation,flan-t5-large,competence_threat,2,,42,success,
results\batch_logs\h3_batch_base.log,h3,negation,flan-t5-large,competence_threat,2,,43,success,
results\batch_logs\h3_batch_base.log,h3,negation,flan-t5-large,competence_threat,2,,44,success,
results\batch_logs\h3_batch_base.log,h3,negation,flan-t5-large,inconsistency,1,,42,success,
results\batch_logs\h3_batch_base.log,h3,negation,flan-t5-large,inconsistency,1,,43,success,
results\batch_logs\h3_batch_base.log,h3,negation,flan-t5-large,inconsistency,1,,44,success,
results\batch_logs\h3_batch_base.log,h3,negation,flan-t5-large,inconsistency,2,,42,success,
results\batch_logs\h3_batch_base.log,h3,negation,flan-t5-large,inconsistency,2,,43,success,
results\batch_logs\h3_batch_base.log,h3,negation,flan-t5-large,inconsistency,2,,44,success,
results\batch_logs\h3_batch_base.log,h3,negation,flan-t5-large,social_comparison,1,,42,success,
results\batch_logs\h3_batch_base.log,h3,negation,flan-t5-large,social_comparison,1,,43,success,
results\batch_logs\h3_batch_base.log,h3,negation,flan-t5-large,social_comparison,1,,44,success,
results\batch_logs\h3_batch_base.log,h3,negation,flan-t5-large,social_comparison,2,,42,success,
results\batch_logs\h3_batch_base.log,h3,negation,flan-t5-large,social_comparison,2,,43,success,
results\batch_logs\h3_batch_base.log,h3,negation,flan-t5-large,social_comparison,2,,44,success,
results\batch_logs\h3_batch_base.log,h3,negation,flan-t5-large,urgency,1,,42,success,
results\batch_logs\h3_batch_base.log,h3,negation,flan-t5-large,urgency,1,,43,success,
results\batch_logs\h3_batch_base.log,h3,negation,flan-t5-large,urgency,1,,44,success,
results\batch_logs\h3_batch_base.log,h3,negation,flan-t5-large,urgency,2,,42,success,
results\batch_logs\h3_batch_base.log,h3,negation,flan-t5-large,urgency,2,,43,success,
results\batch_logs\h3_batch_base.log,h3,negation,flan-t5-large,urgency,2,,44,success,
results\batch_logs\h3_batch_base.log,h3,negation,flan-t5-large,regret,1,,42,success,
results\batch_logs\h3_batch_base.log,h3,negation,flan-t5-large,regret,1,,43,success,
results\batch_logs\h3_batch_base.log,h3,negation,flan-t5-large,regret,1,,44,success,
results\batch_logs\h3_batch_base.log,h3,negation,flan-t5-large,regret,2,,42,success,
results\batch_logs\h3_batch_base.log,h3,negation,flan-t5-large,regret,2,,43,success,
results\batch_logs\h3_batch_base.log,h3,negation,flan-t5-large,regret,2,,44,success,
results\batch_logs\h3_batch_base.log,h3,num_to_verbal,flan-t5-large,competence_threat,1,,42,success,
results\batch_logs\h3_batch_base.log,h3,num_to_verbal,flan-t5-large,competence_threat,1,,43,success,
results\batch_logs\h3_batch_base.log,h3,num_to_verbal,flan-t5-large,competence_threat,1,,44,success,
results\batch_logs\h3_batch_base.log,h3,num_to_verbal,flan-t5-large,competence_threat,2,,42,success,
results\batch_logs\h3_batch_base.log,h3,num_to_verbal,flan-t5-large,competence_threat,2,,43,success,
results\batch_logs\h3_batch_base.log,h3,num_to_verbal,flan-t5-large,competence_threat,2,,44,success,
results\batch_logs\h3_batch_base.log,h3,num_to_verbal,flan-t5-large,inconsistency,1,,42,success,
results\batch_logs\h3_batch_base.log,h3,num_to_verbal,flan-t5-large,inconsistency,1,,43,success,
results\batch_logs\h3_batch_base.log,h3,num_to_verbal,flan-t5-large,inconsistency,1,,44,success,
results\batch_logs\h3_batch_base.log,h3,num_to_verbal,flan-t5-large,inconsistency,2,,42,success,
results\batch_logs\h3_batch_base.log,h3,num_to_verbal,flan-t5-large,inconsistency,2,,43,success,
results\batch_logs\h3_batch_base.log,h3,num_to_verbal,flan-t5-large,inconsistency,2,,44,success,
results\batch_logs\h3_batch_base.log,h3,num_to_verbal,flan-t5-large,social_comparison,1,,42,success,
results\batch_logs\h3_batch_base.log,h3,num_to_verbal,flan-t5-large,social_comparison,1,,43,success,
results\batch_logs\h3_batch_base.log,h3,num_to_verbal,flan-t5-large,social_comparison,1,,44,success,
results\batch_logs\h3_batch_base.log,h3,num_to_verbal,flan-t5-large,social_comparison,2,,42,success,
results\batch_logs\h3_batch_base.log,h3,num_to_verbal,flan-t5-large,social_comparison,2,,43,success,
results\batch_logs\h3_batch_base.log,h3,num_to_verbal,flan-t5-large,social_comparison,2,,44,success,
results\batch_logs\h3_batch_base.log,h3,num_to_verbal,flan-t5-large,urgency,1,,42,success,
results\batch_logs\h3_batch_base.log,h3,num_to_verbal,flan-t5-large,urgency,1,,43,success,
results\batch_logs\h3_batch_base.log,h3,num_to_verbal,flan-t5-large,urgency,1,,44,success,
results\batch_logs\h3_batch_base.log,h3,num_to_verbal,flan-t5-large,urgency,2,,42,success,
results\batch_logs\h3_batch_base.log,h3,num_to_verbal,flan-t5-large,urgency,2,,43,success,
results\batch_logs\h3_batch_base.log,h3,num_to_verbal,flan-t5-large,urgency,2,,44,success,
results\batch_logs\h3_batch_base.log,h3,num_to_verbal,flan-t5-large,regret,1,,42,success,
results\batch_logs\h3_batch_base.log,h3,num_to_verbal,flan-t5-large,regret,1,,43,success,
results\batch_logs\h3_batch_base.log,h3,num_to_verbal,flan-t5-large,regret,1,,44,success,
results\batch_logs\h3_batch_base.log,h3,num_to_verbal,flan-t5-large,regret,2,,42,success,
results\batch_logs\h3_batch_base.log,h3,num_to_verbal,flan-t5-large,regret,2,,43,success,
results\batch_logs\h3_batch_base.log,h3,num_to_verbal,flan-t5-large,regret,2,,44,success,
results\batch_logs\h3_batch_base.log,h3,orthography_starts_with,flan-t5-large,competence_threat,1,,42,success,
results\batch_logs\h3_batch_base.log,h3,orthography_starts_with,flan-t5-large,competence_threat,1,,43,success,
results\batch_logs\h3_batch_base.log,h3,orthography_starts_with,flan-t5-large,competence_threat,1,,44,success,
results\batch_logs\h3_batch_base.log,h3,orthography_starts_with,flan-t5-large,competence_threat,2,,42,success,
results\batch_logs\h3_batch_base.log,h3,orthography_starts_with,flan-t5-large,competence_threat,2,,43,success,
results\batch_logs\h3_batch_base.log,h3,orthography_starts_with,flan-t5-large,competence_threat,2,,44,success,
results\batch_logs\h3_batch_base.log,h3,orthography_starts_with,flan-t5-large,inconsistency,1,,42,success,
results\batch_logs\h3_batch_base.log,h3,orthography_starts_with,flan-t5-large,inconsistency,1,,43,success,
results\batch_logs\h3_batch_base.log,h3,orthography_starts_with,flan-t5-large,inconsistency,1,,44,success,
results\batch_logs\h3_batch_base.log,h3,orthography_starts_with,flan-t5-large,inconsistency,2,,42,success,
results\batch_logs\h3_batch_base.log,h3,orthography_starts_with,flan-t5-large,inconsistency,2,,43,success,
results\batch_logs\h3_batch_base.log,h3,orthography_starts_with,flan-t5-large,inconsistency,2,,44,success,
results\batch_logs\h3_batch_base.log,h3,orthography_starts_with,flan-t5-large,social_comparison,1,,42,success,
results\batch_logs\h3_batch_base.log,h3,orthography_starts_with,flan-t5-large,social_comparison,1,,43,success,
results\batch_logs\h3_batch_base.log,h3,orthography_starts_with,flan-t5-large,social_comparison,1,,44,success,
results\batch_logs\h3_batch_base.log,h3,orthography_starts_with,flan-t5-large,social_comparison,2,,42,success,
results\batch_logs\h3_batch_base.log,h3,orthography_starts_with,flan-t5-large,social_comparison,2,,43,success,
results\batch_logs\h3_batch_base.log,h3,orthography_starts_with,flan-t5-large,social_comparison,2,,44,success,
results\batch_logs\h3_batch_base.log,h3,orthography_starts_with,flan-t5-large,urgency,1,,42,success,
results\batch_logs\h3_batch_base.log,h3,orthography_starts_with,flan-t5-large,urgency,1,,43,success,
results\batch_logs\h3_batch_base.log,h3,orthography_starts_with,flan-t5-large,urgency,1,,44,success,
results\batch_logs\h3_batch_base.log,h3,orthography_starts_with,flan-t5-large,urgency,2,,42,success,
results\batch_logs\h3_batch_base.log,h3,orthography_starts_with,flan-t5-large,urgency,2,,43,success,
results\batch_logs\h3_batch_base.log,h3,orthography_starts_with,flan-t5-large,urgency,2,,44,success,
results\batch_logs\h3_batch_base.log,h3,orthography_starts_with,flan-t5-large,regret,1,,42,success,
results\batch_logs\h3_batch_base.log,h3,orthography_starts_with,flan-t5-large,regret,1,,43,success,
results\batch_logs\h3_batch_base.log,h3,orthography_starts_with,flan-t5-large,regret,1,,44,success,
results\batch_logs\h3_batch_base.log,h3,orthography_starts_with,flan-t5-large,regret,2,,42,success,
results\batch_logs\h3_batch_base.log,h3,orthography_starts_with,flan-t5-large,regret,2,,43,success,
results\batch_logs\h3_batch_base.log,h3,orthography_starts_with,flan-t5-large,regret,2,,44,success,
results\batch_logs\h3_batch_base.log,h3,rhymes,flan-t5-large,competence_threat,1,,42,success,
results\batch_logs\h3_batch_base.log,h3,rhymes,flan-t5-large,competence_threat,1,,43,success,
results\batch_logs\h3_batch_base.log,h3,rhymes,flan-t5-large,competence_threat,1,,44,success,
results\batch_logs\h3_batch_base.log,h3,rhymes,flan-t5-large,competence_threat,2,,42,success,
results\batch_logs\h3_batch_base.log,h3,rhymes,flan-t5-large,competence_threat,2,,43,success,
results\batch_logs\h3_batch_base.log,h3,rhymes,flan-t5-large,competence_threat,2,,44,success,
results\batch_logs\h3_batch_base.log,h3,rhymes,flan-t5-large,inconsistency,1,,42,success,
results\batch_logs\h3_batch_base.log,h3,rhymes,flan-t5-large,inconsistency,1,,43,success,
results\batch_logs\h3_batch_base.log,h3,rhymes,flan-t5-large,inconsistency,1,,44,success,
results\batch_logs\h3_batch_base.log,h3,rhymes,flan-t5-large,inconsistency,2,,42,success,
results\batch_logs\h3_batch_base.log,h3,rhymes,flan-t5-large,inconsistency,2,,43,success,
results\batch_logs\h3_batch_base.log,h3,rhymes,flan-t5-large,inconsistency,2,,44,success,
results\batch_logs\h3_batch_base.log,h3,rhymes,flan-t5-large,social_comparison,1,,42,success,
results\batch_logs\h3_batch_base.log,h3,rhymes,flan-t5-large,social_comparison,1,,43,success,
results\batch_logs\h3_batch_base.log,h3,rhymes,flan-t5-large,social_comparison,1,,44,success,
results\batch_logs\h3_batch_base.log,h3,rhymes,flan-t5-large,social_comparison,2,,42,success,
results\batch_logs\h3_batch_base.log,h3,rhymes,flan-t5-large,social_comparison,2,,43,success,
results\batch_logs\h3_batch_base.log,h3,rhymes,flan-t5-large,social_comparison,2,,44,success,
results\batch_logs\h3_batch_base.log,h3,rhymes,flan-t5-large,urgency,1,,42,success,
results\batch_logs\h3_batch_base.log,h3,rhymes,flan-t5-large,urgency,1,,43,success,
results\batch_logs\h3_batch_base.log,h3,rhymes,flan-t5-large,urgency,1,,44,success,
results\batch_logs\h3_batch_base.log,h3,rhymes,flan-t5-large,urgency,2,,42,success,
results\batch_logs\h3_batch_base.log,h3,rhymes,flan-t5-large,urgency,2,,43,success,
results\batch_logs\h3_batch_base.log,h3,rhymes,flan-t5-large,urgency,2,,44,success,
results\batch_logs\h3_batch_base.log,h3,rhymes,flan-t5-large,regret,1,,42,success,
results\batch_logs\h3_batch_base.log,h3,rhymes,flan-t5-large,regret,1,,43,success,
results\batch_logs\h3_batch_base.log,h3,rhymes,flan-t5-large,regret,1,,44,success,
results\batch_logs\h3_batch_base.log,h3,rhymes,flan-t5-large,regret,2,,42,success,
results\batch_logs\h3_batch_base.log,h3,rhymes,flan-t5-large,regret,2,,43,success,
results\batch_logs\h3_batch_base.log,h3,rhymes,flan-t5-large,regret,2,,44,success,
results\batch_logs\h3_batch_base.log,h3,second_word_letter,flan-t5-large,competence_threat,1,,42,success,
results\batch_logs\h3_batch_base.log,h3,second_word_letter,flan-t5-large,competence_threat,1,,43,success,
results\batch_logs\h3_batch_base.log,h3,second_word_letter,flan-t5-large,competence_threat,1,,44,success,
results\batch_logs\h3_batch_base.log,h3,second_word_letter,flan-t5-large,competence_threat,2,,42,success,
results\batch_logs\h3_batch_base.log,h3,second_word_letter,flan-t5-large,competence_threat,2,,43,success,
results\batch_logs\h3_batch_base.log,h3,second_word_letter,flan-t5-large,competence_threat,2,,44,success,
results\batch_logs\h3_batch_base.log,h3,second_word_letter,flan-t5-large,inconsistency,1,,42,success,
results\batch_logs\h3_batch_base.log,h3,second_word_letter,flan-t5-large,inconsistency,1,,43,success,
results\batch_logs\h3_batch_base.log,h3,second_word_letter,flan-t5-large,inconsistency,1,,44,success,
results\batch_logs\h3_batch_base.log,h3,second_word_letter,flan-t5-large,inconsistency,2,,42,success,
results\batch_logs\h3_batch_base.log,h3,second_word_letter,flan-t5-large,inconsistency,2,,43,success,
results\batch_logs\h3_batch_base.log,h3,second_word_letter,flan-t5-large,inconsistency,2,,44,success,
results\batch_logs\h3_batch_base.log,h3,second_word_letter,flan-t5-large,social_comparison,1,,42,success,
results\batch_logs\h3_batch_base.log,h3,second_word_letter,flan-t5-large,social_comparison,1,,43,success,
results\batch_logs\h3_batch_base.log,h3,second_word_letter,flan-t5-large,social_comparison,1,,44,success,
results\batch_logs\h3_batch_base.log,h3,second_word_letter,flan-t5-large,social_comparison,2,,42,success,
results\batch_logs\h3_batch_base.log,h3,second_word_letter,flan-t5-large,social_comparison,2,,43,success,
results\batch_logs\h3_batch_base.log,h3,second_word_letter,flan-t5-large,social_comparison,2,,44,success,
results\batch_logs\h3_batch_base.log,h3,second_word_letter,flan-t5-large,urgency,1,,42,success,
results\batch_logs\h3_batch_base.log,h3,second_word_letter,flan-t5-large,urgency,1,,43,success,
results\batch_logs\h3_batch_base.log,h3,second_word_letter,flan-t5-large,urgency,1,,44,success,
results\batch_logs\h3_batch_base.log,h3,second_word_letter,flan-t5-large,urgency,2,,42,success,
results\batch_logs\h3_batch_base.log,h3,second_word_letter,flan-t5-large,urgency,2,,43,success,
results\batch_logs\h3_batch_base.log,h3,second_word_letter,flan-t5-large,urgency,2,,44,success,
results\batch_logs\h3_batch_base.log,h3,second_word_letter,flan-t5-large,regret,1,,42,success,
results\batch_logs\h3_batch_base.log,h3,second_word_letter,flan-t5-large,regret,1,,43,success,
results\batch_logs\h3_batch_base.log,h3,second_word_letter,flan-t5-large,regret,1,,44,success,
results\batch_logs\h3_batch_base.log,h3,second_word_letter,flan-t5-large,regret,2,,42,success,
results\batch_logs\h3_batch_base.log,h3,second_word_letter,flan-t5-large,regret,2,,43,success,
results\batch_logs\h3_batch_base.log,h3,second_word_letter,flan-t5-large,regret,2,,44,success,
results\batch_logs\h3_batch_base.log,h3,sentence_similarity,flan-t5-large,competence_threat,1,,42,success,
results\batch_logs\h3_batch_base.log,h3,sentence_similarity,flan-t5-large,competence_threat,1,,43,success,
results\batch_logs\h3_batch_base.log,h3,sentence_similarity,flan-t5-large,competence_threat,1,,44,success,
results\batch_logs\h3_batch_base.log,h3,sentence_similarity,flan-t5-large,competence_threat,2,,42,success,
results\batch_logs\h3_batch_base.log,h3,sentence_similarity,flan-t5-large,competence_threat,2,,43,success,
results\batch_logs\h3_batch_base.log,h3,sentence_similarity,flan-t5-large,competence_threat,2,,44,success,
results\batch_logs\h3_batch_base.log,h3,sentence_similarity,flan-t5-large,inconsistency,1,,42,success,
results\batch_logs\h3_batch_base.log,h3,sentence_similarity,flan-t5-large,inconsistency,1,,43,success,
results\batch_logs\h3_batch_base.log,h3,sentence_similarity,flan-t5-large,inconsistency,1,,44,success,
results\batch_logs\h3_batch_base.log,h3,sentence_similarity,flan-t5-large,inconsistency,2,,42,success,
results\batch_logs\h3_batch_base.log,h3,sentence_similarity,flan-t5-large,inconsistency,2,,43,success,
results\batch_logs\h3_batch_base.log,h3,sentence_similarity,flan-t5-large,inconsistency,2,,44,success,
results\batch_logs\h3_batch_base.log,h3,sentence_similarity,flan-t5-large,social_comparison,1,,42,success,
results\batch_logs\h3_batch_base.log,h3,sentence_similarity,flan-t5-large,social_comparison,1,,43,success,
results\batch_logs\h3_batch_base.log,h3,sentence_similarity,flan-t5-large,social_comparison,1,,44,success,
results\batch_logs\h3_batch_base.log,h3,sentence_similarity,flan-t5-large,social_comparison,2,,42,success,
results\batch_logs\h3_batch_base.log,h3,sentence_similarity,flan-t5-large,social_comparison,2,,43,success,
results\batch_logs\h3_batch_base.log,h3,sentence_similarity,flan-t5-large,social_comparison,2,,44,success,
results\batch_logs\h3_batch_base.log,h3,sentence_similarity,flan-t5-large,urgency,1,,42,success,
results\batch_logs\h3_batch_base.log,h3,sentence_similarity,flan-t5-large,urgency,1,,43,success,
results\batch_logs\h3_batch_base.log,h3,sentence_similarity,flan-t5-large,urgency,1,,44,success,
results\batch_logs\h3_batch_base.log,h3,sentence_similarity,flan-t5-large,urgency,2,,42,success,
results\batch_logs\h3_batch_base.log,h3,sentence_similarity,flan-t5-large,urgency,2,,43,success,
results\batch_logs\h3_batch_base.log,h3,sentence_similarity,flan-t5-large,urgency,2,,44,success,
results\batch_logs\h3_batch_base.log,h3,sentence_similarity,flan-t5-large,regret,1,,42,success,
results\batch_logs\h3_batch_base.log,h3,sentence_similarity,flan-t5-large,regret,1,,43,success,
results\batch_logs\h3_batch_base.log,h3,sentence_similarity,flan-t5-large,regret,1,,44,success,
results\batch_logs\h3_batch_base.log,h3,sentence_similarity,flan-t5-large,regret,2,,42,success,
results\batch_logs\h3_batch_base.log,h3,sentence_similarity,flan-t5-large,regret,2,,43,success,
results\batch_logs\h3_batch_base.log,h3,sentence_similarity,flan-t5-large,regret,2,,44,success,
results\batch_logs\h3_batch_base.log,h3,sentiment,flan-t5-large,competence_threat,1,,42,success,
results\batch_logs\h3_batch_base.log,h3,sentiment,flan-t5-large,competence_threat,1,,43,success,
results\batch_logs\h3_batch_base.log,h3,sentiment,flan-t5-large,competence_threat,1,,44,success,
results\batch_logs\h3_batch_base.log,h3,sentiment,flan-t5-large,competence_threat,2,,42,success,
results\batch_logs\h3_batch_base.log,h3,sentiment,flan-t5-large,competence_threat,2,,43,success,
results\batch_logs\h3_batch_base.log,h3,sentiment,flan-t5-large,competence_threat,2,,44,success,
results\batch_logs\h3_batch_base.log,h3,sentiment,flan-t5-large,inconsistency,1,,42,success,
results\batch_logs\h3_batch_base.log,h3,sentiment,flan-t5-large,inconsistency,1,,43,success,
results\batch_logs\h3_batch_base.log,h3,sentiment,flan-t5-large,inconsistency,1,,44,success,
results\batch_logs\h3_batch_base.log,h3,sentiment,flan-t5-large,inconsistency,2,,42,success,
results\batch_logs\h3_batch_base.log,h3,sentiment,flan-t5-large,inconsistency,2,,43,success,
results\batch_logs\h3_batch_base.log,h3,sentiment,flan-t5-large,inconsistency,2,,44,success,
results\batch_logs\h3_batch_base.log,h3,sentiment,flan-t5-large,social_comparison,1,,42,success,
results\batch_logs\h3_batch_base.log,h3,sentiment,flan-t5-large,social_comparison,1,,43,success,
results\batch_logs\h3_batch_base.log,h3,sentiment,flan-t5-large,social_comparison,1,,44,success,
results\batch_logs\h3_batch_base.log,h3,sentiment,flan-t5-large,social_comparison,2,,42,success,
results\batch_logs\h3_batch_base.log,h3,sentiment,flan-t5-large,social_comparison,2,,43,success,
results\batch_logs\h3_batch_base.log,h3,sentiment,flan-t5-large,social_comparison,2,,44,success,
results\batch_logs\h3_batch_base.log,h3,sentiment,flan-t5-large,urgency,1,,42,success,
results\batch_logs\h3_batch_base.log,h3,sentiment,flan-t5-large,urgency,1,,43,success,
results\batch_logs\h3_batch_base.log,h3,sentiment,flan-t5-large,urgency,1,,44,success,
results\batch_logs\h3_batch_base.log,h3,sentiment,flan-t5-large,urgency,2,,42,success,
results\batch_logs\h3_batch_base.log,h3,sentiment,flan-t5-large,urgency,2,,43,success,
results\batch_logs\h3_batch_base.log,h3,sentiment,flan-t5-large,urgency,2,,44,success,
results\batch_logs\h3_batch_base.log,h3,sentiment,flan-t5-large,regret,1,,42,success,
results\batch_logs\h3_batch_base.log,h3,sentiment,flan-t5-large,regret,1,,43,success,
results\batch_logs\h3_batch_base.log,h3,sentiment,flan-t5-large,regret,1,,44,success,
results\batch_logs\h3_batch_base.log,h3,sentiment,flan-t5-large,regret,2,,42,success,
results\batch_logs\h3_batch_base.log,h3,sentiment,flan-t5-large,regret,2,,43,success,
results\batch_logs\h3_batch_base.log,h3,sentiment,flan-t5-large,regret,2,,44,success,
results\batch_logs\h3_batch_base.log,h3,singular_to_plural,flan-t5-large,competence_threat,1,,42,success,
results\batch_logs\h3_batch_base.log,h3,singular_to_plural,flan-t5-large,competence_threat,1,,43,success,
results\batch_logs\h3_batch_base.log,h3,singular_to_plural,flan-t5-large,competence_threat,1,,44,success,
results\batch_logs\h3_batch_base.log,h3,singular_to_plural,flan-t5-large,competence_threat,2,,42,success,
results\batch_logs\h3_batch_base.log,h3,singular_to_plural,flan-t5-large,competence_threat,2,,43,success,
results\batch_logs\h3_batch_base.log,h3,singular_to_plural,flan-t5-large,competence_threat,2,,44,success,
results\batch_logs\h3_batch_base.log,h3,singular_to_plural,flan-t5-large,inconsistency,1,,42,success,
results\batch_logs\h3_batch_base.log,h3,singular_to_plural,flan-t5-large,inconsistency,1,,43,success,
results\batch_logs\h3_batch_base.log,h3,singular_to_plural,flan-t5-large,inconsistency,1,,44,success,
results\batch_logs\h3_batch_base.log,h3,singular_to_plural,flan-t5-large,inconsistency,2,,42,success,
results\batch_logs\h3_batch_base.log,h3,singular_to_plural,flan-t5-large,inconsistency,2,,43,success,
results\batch_logs\h3_batch_base.log,h3,singular_to_plural,flan-t5-large,inconsistency,2,,44,success,
results\batch_logs\h3_batch_base.log,h3,singular_to_plural,flan-t5-large,social_comparison,1,,42,success,
results\batch_logs\h3_batch_base.log,h3,singular_to_plural,flan-t5-large,social_comparison,1,,43,success,
results\batch_logs\h3_batch_base.log,h3,singular_to_plural,flan-t5-large,social_comparison,1,,44,success,
results\batch_logs\h3_batch_base.log,h3,singular_to_plural,flan-t5-large,social_comparison,2,,42,success,
results\batch_logs\h3_batch_base.log,h3,singular_to_plural,flan-t5-large,social_comparison,2,,43,success,
results\batch_logs\h3_batch_base.log,h3,singular_to_plural,flan-t5-large,social_comparison,2,,44,success,
results\batch_logs\h3_batch_base.log,h3,singular_to_plural,flan-t5-large,urgency,1,,42,success,
results\batch_logs\h3_batch_base.log,h3,singular_to_plural,flan-t5-large,urgency,1,,43,success,
results\batch_logs\h3_batch_base.log,h3,singular_to_plural,flan-t5-large,urgency,1,,44,success,
results\batch_logs\h3_batch_base.log,h3,singular_to_plural,flan-t5-large,urgency,2,,42,success,
results\batch_logs\h3_batch_base.log,h3,singular_to_plural,flan-t5-large,urgency,2,,43,success,
results\batch_logs\h3_batch_base.log,h3,singular_to_plural,flan-t5-large,urgency,2,,44,success,
results\batch_logs\h3_batch_base.log,h3,singular_to_plural,flan-t5-large,regret,1,,42,success,
results\batch_logs\h3_batch_base.log,h3,singular_to_plural,flan-t5-large,regret,1,,43,success,
results\batch_logs\h3_batch_base.log,h3,singular_to_plural,flan-t5-large,regret,1,,44,success,
results\batch_logs\h3_batch_base.log,h3,singular_to_plural,flan-t5-large,regret,2,,42,success,
results\batch_logs\h3_batch_base.log,h3,singular_to_plural,flan-t5-large,regret,2,,43,success,
results\batch_logs\h3_batch_base.log,h3,singular_to_plural,flan-t5-large,regret,2,,44,success,
results\batch_logs\h3_batch_base.log,h3,sum,flan-t5-large,competence_threat,1,,42,success,
results\batch_logs\h3_batch_base.log,h3,sum,flan-t5-large,competence_threat,1,,43,success,
results\batch_logs\h3_batch_base.log,h3,sum,flan-t5-large,competence_threat,1,,44,success,
results\batch_logs\h3_batch_base.log,h3,sum,flan-t5-large,competence_threat,2,,42,success,
results\batch_logs\h3_batch_base.log,h3,sum,flan-t5-large,competence_threat,2,,43,success,
results\batch_logs\h3_batch_base.log,h3,sum,flan-t5-large,competence_threat,2,,44,success,
results\batch_logs\h3_batch_base.log,h3,sum,flan-t5-large,inconsistency,1,,42,success,
results\batch_logs\h3_batch_base.log,h3,sum,flan-t5-large,inconsistency,1,,43,success,
results\batch_logs\h3_batch_base.log,h3,sum,flan-t5-large,inconsistency,1,,44,success,
results\batch_logs\h3_batch_base.log,h3,sum,flan-t5-large,inconsistency,2,,42,success,
results\batch_logs\h3_batch_base.log,h3,sum,flan-t5-large,inconsistency,2,,43,success,
results\batch_logs\h3_batch_base.log,h3,sum,flan-t5-large,inconsistency,2,,44,success,
results\batch_logs\h3_batch_base.log,h3,sum,flan-t5-large,social_comparison,1,,42,success,
results\batch_logs\h3_batch_base.log,h3,sum,flan-t5-large,social_comparison,1,,43,success,
results\batch_logs\h3_batch_base.log,h3,sum,flan-t5-large,social_comparison,1,,44,success,
results\batch_logs\h3_batch_base.log,h3,sum,flan-t5-large,social_comparison,2,,42,success,
results\batch_logs\h3_batch_base.log,h3,sum,flan-t5-large,social_comparison,2,,43,success,
results\batch_logs\h3_batch_base.log,h3,sum,flan-t5-large,social_comparison,2,,44,success,
results\batch_logs\h3_batch_base.log,h3,sum,flan-t5-large,urgency,1,,42,success,
results\batch_logs\h3_batch_base.log,h3,sum,flan-t5-large,urgency,1,,43,success,
results\batch_logs\h3_batch_base.log,h3,sum,flan-t5-large,urgency,1,,44,success,
results\batch_logs\h3_batch_base.log,h3,sum,flan-t5-large,urgency,2,,42,success,
results\batch_logs\h3_batch_base.log,h3,sum,flan-t5-large,urgency,2,,43,success,
results\batch_logs\h3_batch_base.log,h3,sum,flan-t5-large,urgency,2,,44,success,
results\batch_logs\h3_batch_base.log,h3,sum,flan-t5-large,regret,1,,42,success,
results\batch_logs\h3_batch_base.log,h3,sum,flan-t5-large,regret,1,,43,success,
results\batch_logs\h3_batch_base.log,h3,sum,flan-t5-large,regret,1,,44,success,
results\batch_logs\h3_batch_base.log,h3,sum,flan-t5-large,regret,2,,42,success,
results\batch_logs\h3_batch_base.log,h3,sum,flan-t5-large,regret,2,,43,success,
results\batch_logs\h3_batch_base.log,h3,sum,flan-t5-large,regret,2,,44,success,
results\batch_logs\h3_batch_base.log,h3,synonyms,flan-t5-large,competence_threat,1,,42,success,
results\batch_logs\h3_batch_base.log,h3,synonyms,flan-t5-large,competence_threat,1,,43,success,
results\batch_logs\h3_batch_base.log,h3,synonyms,flan-t5-large,competence_threat,1,,44,success,
results\batch_logs\h3_batch_base.log,h3,synonyms,flan-t5-large,competence_threat,2,,42,success,
results\batch_logs\h3_batch_base.log,h3,synonyms,flan-t5-large,competence_threat,2,,43,success,
results\batch_logs\h3_batch_base.log,h3,synonyms,flan-t5-large,competence_threat,2,,44,success,
results\batch_logs\h3_batch_base.log,h3,synonyms,flan-t5-large,inconsistency,1,,42,success,
results\batch_logs\h3_batch_base.log,h3,synonyms,flan-t5-large,inconsistency,1,,43,success,
results\batch_logs\h3_batch_base.log,h3,synonyms,flan-t5-large,inconsistency,1,,44,success,
results\batch_logs\h3_batch_base.log,h3,synonyms,flan-t5-large,inconsistency,2,,42,success,
results\batch_logs\h3_batch_base.log,h3,synonyms,flan-t5-large,inconsistency,2,,43,success,
results\batch_logs\h3_batch_base.log,h3,synonyms,flan-t5-large,inconsistency,2,,44,success,
results\batch_logs\h3_batch_base.log,h3,synonyms,flan-t5-large,social_comparison,1,,42,success,
results\batch_logs\h3_batch_base.log,h3,synonyms,flan-t5-large,social_comparison,1,,43,success,
results\batch_logs\h3_batch_base.log,h3,synonyms,flan-t5-large,social_comparison,1,,44,success,
results\batch_logs\h3_batch_base.log,h3,synonyms,flan-t5-large,social_comparison,2,,42,success,
results\batch_logs\h3_batch_base.log,h3,synonyms,flan-t5-large,social_comparison,2,,43,success,
results\batch_logs\h3_batch_base.log,h3,synonyms,flan-t5-large,social_comparison,2,,44,success,
results\batch_logs\h3_batch_base.log,h3,synonyms,flan-t5-large,urgency,1,,42,success,
results\batch_logs\h3_batch_base.log,h3,synonyms,flan-t5-large,urgency,1,,43,success,
results\batch_logs\h3_batch_base.log,h3,synonyms,flan-t5-large,urgency,1,,44,success,
results\batch_logs\h3_batch_base.log,h3,synonyms,flan-t5-large,urgency,2,,42,success,
results\batch_logs\h3_batch_base.log,h3,synonyms,flan-t5-large,urgency,2,,43,success,
results\batch_logs\h3_batch_base.log,h3,synonyms,flan-t5-large,urgency,2,,44,success,
results\batch_logs\h3_batch_base.log,h3,synonyms,flan-t5-large,regret,1,,42,success,
results\batch_logs\h3_batch_base.log,h3,synonyms,flan-t5-large,regret,1,,43,success,
results\batch_logs\h3_batch_base.log,h3,synonyms,flan-t5-large,regret,1,,44,success,
results\batch_logs\h3_batch_base.log,h3,synonyms,flan-t5-large,regret,2,,42,success,
results\batch_logs\h3_batch_base.log,h3,synonyms,flan-t5-large,regret,2,,43,success,
results\batch_logs\h3_batch_base.log,h3,synonyms,flan-t5-large,regret,2,,44,success,
results\batch_logs\h3_batch_base.log,h3,taxonomy_animal,flan-t5-large,competence_threat,1,,42,success,
results\batch_logs\h3_batch_base.log,h3,taxonomy_animal,flan-t5-large,competence_threat,1,,43,success,
results\batch_logs\h3_batch_base.log,h3,taxonomy_animal,flan-t5-large,competence_threat,1,,44,success,
results\batch_logs\h3_batch_base.log,h3,taxonomy_animal,flan-t5-large,competence_threat,2,,42,success,
results\batch_logs\h3_batch_base.log,h3,taxonomy_animal,flan-t5-large,competence_threat,2,,43,success,
results\batch_logs\h3_batch_base.log,h3,taxonomy_animal,flan-t5-large,competence_threat,2,,44,success,
results\batch_logs\h3_batch_base.log,h3,taxonomy_animal,flan-t5-large,inconsistency,1,,42,success,
results\batch_logs\h3_batch_base.log,h3,taxonomy_animal,flan-t5-large,inconsistency,1,,43,success,
results\batch_logs\h3_batch_base.log,h3,taxonomy_animal,flan-t5-large,inconsistency,1,,44,success,
results\batch_logs\h3_batch_base.log,h3,taxonomy_animal,flan-t5-large,inconsistency,2,,42,success,
results\batch_logs\h3_batch_base.log,h3,taxonomy_animal,flan-t5-large,inconsistency,2,,43,success,
results\batch_logs\h3_batch_base.log,h3,taxonomy_animal,flan-t5-large,inconsistency,2,,44,success,
results\batch_logs\h3_batch_base.log,h3,taxonomy_animal,flan-t5-large,social_comparison,1,,42,success,
results\batch_logs\h3_batch_base.log,h3,taxonomy_animal,flan-t5-large,social_comparison,1,,43,success,
results\batch_logs\h3_batch_base.log,h3,taxonomy_animal,flan-t5-large,social_comparison,1,,44,success,
results\batch_logs\h3_batch_base.log,h3,taxonomy_animal,flan-t5-large,social_comparison,2,,42,success,
results\batch_logs\h3_batch_base.log,h3,taxonomy_animal,flan-t5-large,social_comparison,2,,43,success,
results\batch_logs\h3_batch_base.log,h3,taxonomy_animal,flan-t5-large,social_comparison,2,,44,success,
results\batch_logs\h3_batch_base.log,h3,taxonomy_animal,flan-t5-large,urgency,1,,42,success,
results\batch_logs\h3_batch_base.log,h3,taxonomy_animal,flan-t5-large,urgency,1,,43,success,
results\batch_logs\h3_batch_base.log,h3,taxonomy_animal,flan-t5-large,urgency,1,,44,success,
results\batch_logs\h3_batch_base.log,h3,taxonomy_animal,flan-t5-large,urgency,2,,42,success,
results\batch_logs\h3_batch_base.log,h3,taxonomy_animal,flan-t5-large,urgency,2,,43,success,
results\batch_logs\h3_batch_base.log,h3,taxonomy_animal,flan-t5-large,urgency,2,,44,success,
results\batch_logs\h3_batch_base.log,h3,taxonomy_animal,flan-t5-large,regret,1,,42,success,
results\batch_logs\h3_batch_base.log,h3,taxonomy_animal,flan-t5-large,regret,1,,43,success,
results\batch_logs\h3_batch_base.log,h3,taxonomy_animal,flan-t5-large,regret,1,,44,success,
results\batch_logs\h3_batch_base.log,h3,taxonomy_animal,flan-t5-large,regret,2,,42,success,
results\batch_logs\h3_batch_base.log,h3,taxonomy_animal,flan-t5-large,regret,2,,43,success,
results\batch_logs\h3_batch_base.log,h3,taxonomy_animal,flan-t5-large,regret,2,,44,success,
results\batch_logs\h3_batch_base.log,h3,translation_en-de,flan-t5-large,competence_threat,1,,42,success,
results\batch_logs\h3_batch_base.log,h3,translation_en-de,flan-t5-large,competence_threat,1,,43,success,
results\batch_logs\h3_batch_base.log,h3,translation_en-de,flan-t5-large,competence_threat,1,,44,success,
results\batch_logs\h3_batch_base.log,h3,translation_en-de,flan-t5-large,competence_threat,2,,42,failed,Traceback (most recent call last):
results\batch_logs\h3_batch_base.log,h3,translation_en-de,flan-t5-large,competence_threat,2,,43,failed,Traceback (most recent call last):
results\batch_logs\h3_batch_base.log,h3,translation_en-de,flan-t5-large,competence_threat,2,,44,failed,Traceback (most recent call last):
results\batch_logs\h3_batch_base.log,h3,translation_en-de,flan-t5-large,inconsistency,1,,42,success,
results\batch_logs\h3_batch_base.log,h3,translation_en-de,flan-t5-large,inconsistency,1,,43,success,
results\batch_logs\h3_batch_base.log,h3,translation_en-de,flan-t5-large,inconsistency,1,,44,success,
results\batch_logs\h3_batch_base.log,h3,translation_en-de,flan-t5-large,inconsistency,2,,42,success,
results\batch_logs\h3_batch_base.log,h3,translation_en-de,flan-t5-large,inconsistency,2,,43,success,
results\batch_logs\h3_batch_base.log,h3,translation_en-de,flan-t5-large,inconsistency,2,,44,success,
results\batch_logs\h3_batch_base.log,h3,translation_en-de,flan-t5-large,social_comparison,1,,42,failed,Traceback (most recent call last):
results\batch_logs\h3_batch_base.log,h3,translation_en-de,flan-t5-large,social_comparison,1,,43,failed,Traceback (most recent call last):
results\batch_logs\h3_batch_base.log,h3,translation_en-de,flan-t5-large,social_comparison,1,,44,failed,Traceback (most recent call last):
results\batch_logs\h3_batch_base.log,h3,translation_en-de,flan-t5-large,social_comparison,2,,42,failed,Traceback (most recent call last):
results\batch_logs\h3_batch_base.log,h3,translation_en-de,flan-t5-large,social_comparison,2,,43,failed,Traceback (most recent call last):
results\batch_logs\h3_batch_base.log,h3,translation_en-de,flan-t5-large,social_comparison,2,,44,failed,Traceback (most recent call last):
results\batch_logs\h3_batch_base.log,h3,translation_en-de,flan-t5-large,urgency,1,,42,failed,Traceback (most recent call last):
results\batch_logs\h3_batch_base.log,h3,translation_en-de,flan-t5-large,urgency,1,,43,failed,Traceback (most recent call last):
results\batch_logs\h3_batch_base.log,h3,translation_en-de,flan-t5-large,urgency,1,,44,failed,Traceback (most recent call last):
results\batch_logs\h3_batch_base.log,h3,translation_en-de,flan-t5-large,urgency,2,,42,success,
results\batch_logs\h3_batch_base.log,h3,translation_en-de,flan-t5-large,urgency,2,,43,success,
results\batch_logs\h3_batch_base.log,h3,translation_en-de,flan-t5-large,urgency,2,,44,success,
results\batch_logs\h3_batch_base.log,h3,translation_en-de,flan-t5-large,regret,1,,42,success,
results\batch_logs\h3_batch_base.log,h3,translation_en-de,flan-t5-large,regret,1,,43,success,
results\batch_logs\h3_batch_base.log,h3,translation_en-de,flan-t5-large,regret,1,,44,success,
results\batch_logs\h3_batch_base.log,h3,translation_en-de,flan-t5-large,regret,2,,42,success,
results\batch_logs\h3_batch_base.log,h3,translation_en-de,flan-t5-large,regret,2,,43,success,
results\batch_logs\h3_batch_base.log,h3,translation_en-de,flan-t5-large,regret,2,,44,success,
results\batch_logs\h3_batch_base.log,h3,translation_en-es,flan-t5-large,competence_threat,1,,42,success,
results\batch_logs\h3_batch_base.log,h3,translation_en-es,flan-t5-large,competence_threat,1,,43,success,
results\batch_logs\h3_batch_base.log,h3,translation_en-es,flan-t5-large,competence_threat,1,,44,success,
results\batch_logs\h3_batch_base.log,h3,translation_en-es,flan-t5-large,competence_threat,2,,42,success,
results\batch_logs\h3_batch_base.log,h3,translation_en-es,flan-t5-large,competence_threat,2,,43,success,
results\batch_logs\h3_batch_base.log,h3,translation_en-es,flan-t5-large,competence_threat,2,,44,success,
results\batch_logs\h3_batch_base.log,h3,translation_en-es,flan-t5-large,inconsistency,1,,42,success,
results\batch_logs\h3_batch_base.log,h3,translation_en-es,flan-t5-large,inconsistency,1,,43,success,
results\batch_logs\h3_batch_base.log,h3,translation_en-es,flan-t5-large,inconsistency,1,,44,success,
results\batch_logs\h3_batch_base.log,h3,translation_en-es,flan-t5-large,inconsistency,2,,42,success,
results\batch_logs\h3_batch_base.log,h3,translation_en-es,flan-t5-large,inconsistency,2,,43,success,
results\batch_logs\h3_batch_base.log,h3,translation_en-es,flan-t5-large,inconsistency,2,,44,success,
results\batch_logs\h3_batch_base.log,h3,translation_en-es,flan-t5-large,social_comparison,1,,42,success,
results\batch_logs\h3_batch_base.log,h3,translation_en-es,flan-t5-large,social_comparison,1,,43,success,
results\batch_logs\h3_batch_base.log,h3,translation_en-es,flan-t5-large,social_comparison,1,,44,success,
results\batch_logs\h3_batch_base.log,h3,translation_en-es,flan-t5-large,social_comparison,2,,42,success,
results\batch_logs\h3_batch_base.log,h3,translation_en-es,flan-t5-large,social_comparison,2,,43,success,
results\batch_logs\h3_batch_base.log,h3,translation_en-es,flan-t5-large,social_comparison,2,,44,success,
results\batch_logs\h3_batch_base.log,h3,translation_en-es,flan-t5-large,urgency,1,,42,success,
results\batch_logs\h3_batch_base.log,h3,translation_en-es,flan-t5-large,urgency,1,,43,success,
results\batch_logs\h3_batch_base.log,h3,translation_en-es,flan-t5-large,urgency,1,,44,success,
results\batch_logs\h3_batch_base.log,h3,translation_en-es,flan-t5-large,urgency,2,,42,success,
results\batch_logs\h3_batch_base.log,h3,translation_en-es,flan-t5-large,urgency,2,,43,success,
results\batch_logs\h3_batch_base.log,h3,translation_en-es,flan-t5-large,urgency,2,,44,success,
results\batch_logs\h3_batch_base.log,h3,translation_en-es,flan-t5-large,regret,1,,42,success,
results\batch_logs\h3_batch_base.log,h3,translation_en-es,flan-t5-large,regret,1,,43,success,
results\batch_logs\h3_batch_base.log,h3,translation_en-es,flan-t5-large,regret,1,,44,success,
results\batch_logs\h3_batch_base.log,h3,translation_en-es,flan-t5-large,regret,2,,42,success,
results\batch_logs\h3_batch_base.log,h3,translation_en-es,flan-t5-large,regret,2,,43,success,
results\batch_logs\h3_batch_base.log,h3,translation_en-es,flan-t5-large,regret,2,,44,success,
results\batch_logs\h3_batch_base.log,h3,translation_en-fr,flan-t5-large,competence_threat,1,,42,success,
results\batch_logs\h3_batch_base.log,h3,translation_en-fr,flan-t5-large,competence_threat,1,,43,success,
results\batch_logs\h3_batch_base.log,h3,translation_en-fr,flan-t5-large,competence_threat,1,,44,success,
results\batch_logs\h3_batch_base.log,h3,translation_en-fr,flan-t5-large,competence_threat,2,,42,success,
results\batch_logs\h3_batch_base.log,h3,translation_en-fr,flan-t5-large,competence_threat,2,,43,success,
results\batch_logs\h3_batch_base.log,h3,translation_en-fr,flan-t5-large,competence_threat,2,,44,success,
results\batch_logs\h3_batch_base.log,h3,translation_en-fr,flan-t5-large,inconsistency,1,,42,success,
results\batch_logs\h3_batch_base.log,h3,translation_en-fr,flan-t5-large,inconsistency,1,,43,success,
results\batch_logs\h3_batch_base.log,h3,translation_en-fr,flan-t5-large,inconsistency,1,,44,success,
results\batch_logs\h3_batch_base.log,h3,translation_en-fr,flan-t5-large,inconsistency,2,,42,success,
results\batch_logs\h3_batch_base.log,h3,translation_en-fr,flan-t5-large,inconsistency,2,,43,success,
results\batch_logs\h3_batch_base.log,h3,translation_en-fr,flan-t5-large,inconsistency,2,,44,success,
results\batch_logs\h3_batch_base.log,h3,translation_en-fr,flan-t5-large,social_comparison,1,,42,success,
results\batch_logs\h3_batch_base.log,h3,translation_en-fr,flan-t5-large,social_comparison,1,,43,success,
results\batch_logs\h3_batch_base.log,h3,translation_en-fr,flan-t5-large,social_comparison,1,,44,success,
results\batch_logs\h3_batch_base.log,h3,translation_en-fr,flan-t5-large,social_comparison,2,,42,success,
results\batch_logs\h3_batch_base.log,h3,translation_en-fr,flan-t5-large,social_comparison,2,,43,success,
results\batch_logs\h3_batch_base.log,h3,translation_en-fr,flan-t5-large,social_comparison,2,,44,success,
results\batch_logs\h3_batch_base.log,h3,translation_en-fr,flan-t5-large,urgency,1,,42,success,
results\batch_logs\h3_batch_base.log,h3,translation_en-fr,flan-t5-large,urgency,1,,43,success,
results\batch_logs\h3_batch_base.log,h3,translation_en-fr,flan-t5-large,urgency,1,,44,success,
results\batch_logs\h3_batch_base.log,h3,translation_en-fr,flan-t5-large,urgency,2,,42,success,
results\batch_logs\h3_batch_base.log,h3,translation_en-fr,flan-t5-large,urgency,2,,43,success,
results\batch_logs\h3_batch_base.log,h3,translation_en-fr,flan-t5-large,urgency,2,,44,success,
results\batch_logs\h3_batch_base.log,h3,translation_en-fr,flan-t5-large,regret,1,,42,success,
results\batch_logs\h3_batch_base.log,h3,translation_en-fr,flan-t5-large,regret,1,,43,success,
results\batch_logs\h3_batch_base.log,h3,translation_en-fr,flan-t5-large,regret,1,,44,success,
results\batch_logs\h3_batch_base.log,h3,translation_en-fr,flan-t5-large,regret,2,,42,success,
results\batch_logs\h3_batch_base.log,h3,translation_en-fr,flan-t5-large,regret,2,,43,success,
results\batch_logs\h3_batch_base.log,h3,translation_en-fr,flan-t5-large,regret,2,,44,success,
results\batch_logs\h3_batch_base.log,h3,word_in_context,flan-t5-large,competence_threat,1,,42,success,
results\batch_logs\h3_batch_base.log,h3,word_in_context,flan-t5-large,competence_threat,1,,43,success,
results\batch_logs\h3_batch_base.log,h3,word_in_context,flan-t5-large,competence_threat,1,,44,success,
results\batch_logs\h3_batch_base.log,h3,word_in_context,flan-t5-large,competence_threat,2,,42,success,
results\batch_logs\h3_batch_base.log,h3,word_in_context,flan-t5-large,competence_threat,2,,43,success,
results\batch_logs\h3_batch_base.log,h3,word_in_context,flan-t5-large,competence_threat,2,,44,success,
results\batch_logs\h3_batch_base.log,h3,word_in_context,flan-t5-large,inconsistency,1,,42,success,
results\batch_logs\h3_batch_base.log,h3,word_in_context,flan-t5-large,inconsistency,1,,43,success,
results\batch_logs\h3_batch_base.log,h3,word_in_context,flan-t5-large,inconsistency,1,,44,success,
results\batch_logs\h3_batch_base.log,h3,word_in_context,flan-t5-large,inconsistency,2,,42,success,
results\batch_logs\h3_batch_base.log,h3,word_in_context,flan-t5-large,inconsistency,2,,43,success,
results\batch_logs\h3_batch_base.log,h3,word_in_context,flan-t5-large,inconsistency,2,,44,success,
results\batch_logs\h3_batch_base.log,h3,word_in_context,flan-t5-large,social_comparison,1,,42,success,
results\batch_logs\h3_batch_base.log,h3,word_in_context,flan-t5-large,social_comparison,1,,43,success,
results\batch_logs\h3_batch_base.log,h3,word_in_context,flan-t5-large,social_comparison,1,,44,success,
results\batch_logs\h3_batch_base.log,h3,word_in_context,flan-t5-large,social_comparison,2,,42,success,
results\batch_logs\h3_batch_base.log,h3,word_in_context,flan-t5-large,social_comparison,2,,43,success,
results\batch_logs\h3_batch_base.log,h3,word_in_context,flan-t5-large,social_comparison,2,,44,success,
results\batch_logs\h3_batch_base.log,h3,word_in_context,flan-t5-large,urgency,1,,42,success,
results\batch_logs\h3_batch_base.log,h3,word_in_context,flan-t5-large,urgency,1,,43,success,
results\batch_logs\h3_batch_base.log,h3,word_in_context,flan-t5-large,urgency,1,,44,success,
results\batch_logs\h3_batch_base.log,h3,word_in_context,flan-t5-large,urgency,2,,42,success,
results\batch_logs\h3_batch_base.log,h3,word_in_context,flan-t5-large,urgency,2,,43,success,
results\batch_logs\h3_batch_base.log,h3,word_in_context,flan-t5-large,urgency,2,,44,success,
results\batch_logs\h3_batch_base.log,h3,word_in_context,flan-t5-large,regret,1,,42,success,
results\batch_logs\h3_batch_base.log,h3,word_in_context,flan-t5-large,regret,1,,43,success,
results\batch_logs\h3_batch_base.log,h3,word_in_context,flan-t5-large,regret,1,,44,success,
results\batch_logs\h3_batch_base.log,h3,word_in_context,flan-t5-large,regret,2,,42,success,
results\batch_logs\h3_batch_base.log,h3,word_in_context,flan-t5-large,regret,2,,43,success,
results\batch_logs\h3_batch_base.log,h3,word_in_context,flan-t5-large,regret,2,,44,success,
results\batch_logs\negative_original_batch_base.log,negative_original,sentiment,flan-t5-large,negative_original,,1,42,success,
results\batch_logs\negative_original_batch_base.log,negative_original,sentiment,flan-t5-large,negative_original,,2,42,success,
results\batch_logs\negative_original_batch_base.log,negative_original,sentiment,flan-t5-large,negative_original,,3,42,success,
results\batch_logs\negative_original_batch_base.log,negative_original,sentiment,flan-t5-large,negative_original,,4,42,success,
results\batch_logs\negative_original_batch_base.log,negative_original,sentiment,flan-t5-large,negative_original,,5,42,success,
results\batch_logs\negative_original_batch_base.log,negative_original,sentiment,flan-t5-large,negative_original,,6,42,success,
results\batch_logs\negative_original_batch_base.log,negative_original,sentiment,flan-t5-large,negative_original,,7,42,success,
results\batch_logs\negative_original_batch_base.log,negative_original,sentiment,flan-t5-large,negative_original,,8,42,success,
results\batch_logs\negative_original_batch_base.log,negative_original,sentiment,flan-t5-large,negative_original,,9,42,success,
results\batch_logs\negative_original_batch_base.log,negative_original,sentiment,flan-t5-large,negative_original,,10,42,success,
results\batch_logs\negative_original_batch_base.log,negative_original,sum,flan-t5-large,negative_original,,1,42,success,
results\batch_logs\negative_original_batch_base.log,negative_original,sum,flan-t5-large,negative_original,,2,42,success,
results\batch_logs\negative_original_batch_base.log,negative_original,sum,flan-t5-large,negative_original,,3,42,success,
results\batch_logs\negative_original_batch_base.log,negative_original,sum,flan-t5-large,negative_original,,4,42,success,
results\batch_logs\negative_original_batch_base.log,negative_original,sum,flan-t5-large,negative_original,,5,42,success,
results\batch_logs\negative_original_batch_base.log,negative_original,sum,flan-t5-large,negative_original,,6,42,success,
results\batch_logs\negative_original_batch_base.log,negative_original,sum,flan-t5-large,negative_original,,7,42,success,
results\batch_logs\negative_original_batch_base.log,negative_original,sum,flan-t5-large,negative_original,,8,42,success,
results\batch_logs\negative_original_batch_base.log,negative_original,sum,flan-t5-large,negative_original,,9,42,success,
results\batch_logs\negative_original_batch_base.log,negative_original,sum,flan-t5-large,negative_original,,10,42,success,
results\batch_logs\negative_original_batch_base.log,negative_original,sentiment,flan-t5-large,negative_original,,1,42,success,
results\batch_logs\negative_original_batch_base.log,negative_original,sentiment,flan-t5-large,negative_original,,1,43,success,
results\batch_logs\negative_original_batch_base.log,negative_original,sentiment,flan-t5-large,negative_original,,1,44,success,
results\batch_logs\negative_original_batch_base.log,negative_original,sentiment,flan-t5-large,negative_original,,2,42,success,
results\batch_logs\negative_original_batch_base.log,negative_original,sentiment,flan-t5-large,negative_original,,2,43,success,
results\batch_logs\negative_original_batch_base.log,negative_original,sentiment,flan-t5-large,negative_original,,2,44,success,
results\batch_logs\negative_original_batch_base.log,negative_original,sentiment,flan-t5-large,negative_original,,3,42,success,
results\batch_logs\negative_original_batch_base.log,negative_original,sentiment,flan-t5-large,negative_original,,3,43,success,
results\batch_logs\negative_original_batch_base.log,negative_original,sentiment,flan-t5-large,negative_original,,3,44,success,
results\batch_logs\negative_original_batch_base.log,negative_original,sentiment,flan-t5-large,negative_original,,4,42,success,
results\batch_logs\negative_original_batch_base.log,negative_original,sentiment,flan-t5-large,negative_original,,4,43,success,
results\batch_logs\negative_original_batch_base.log,negative_original,sentiment,flan-t5-large,negative_original,,4,44,success,
results\batch_logs\negative_original_batch_base.log,negative_original,sentiment,flan-t5-large,negative_original,,5,42,success,
results\batch_logs\negative_original_batch_base.log,negative_original,sentiment,flan-t5-large,negative_original,,5,43,success,
results\batch_logs\negative_original_batch_base.log,negative_original,sentiment,flan-t5-large,negative_original,,5,44,success,
results\batch_logs\negative_original_batch_base.log,negative_original,sentiment,flan-t5-large,negative_original,,6,42,success,
results\batch_logs\negative_original_batch_base.log,negative_original,sentiment,flan-t5-large,negative_original,,6,43,success,
results\batch_logs\negative_original_batch_base.log,negative_original,sentiment,flan-t5-large,negative_original,,6,44,success,
results\batch_logs\negative_original_batch_base.log,negative_original,sentiment,flan-t5-large,negative_original,,7,42,success,
results\batch_logs\negative_original_batch_base.log,negative_original,sentiment,flan-t5-large,negative_original,,7,43,success,
results\batch_logs\negative_original_batch_base.log,negative_original,sentiment,flan-t5-large,negative_original,,7,44,success,
results\batch_logs\negative_original_batch_base.log,negative_original,sentiment,flan-t5-large,negative_original,,8,42,success,
results\batch_logs\negative_original_batch_base.log,negative_original,sentiment,flan-t5-large,negative_original,,8,43,success,
results\batch_logs\negative_original_batch_base.log,negative_original,sentiment,flan-t5-large,negative_original,,8,44,success,
results\batch_logs\negative_original_batch_base.log,negative_original,sentiment,flan-t5-large,negative_original,,9,42,success,
results\batch_logs\negative_original_batch_base.log,negative_original,sentiment,flan-t5-large,negative_original,,9,43,success,
results\batch_logs\negative_original_batch_base.log,negative_original,sentiment,flan-t5-large,negative_original,,9,44,success,
results\batch_logs\negative_original_batch_base.log,negative_original,sentiment,flan-t5-large,negative_original,,10,42,success,
results\batch_logs\negative_original_batch_base.log,negative_original,sentiment,flan-t5-large,negative_original,,10,43,success,
results\batch_logs\negative_original_batch_base.log,negative_original,sentiment,flan-t5-large,negative_original,,10,44,success,
results\batch_logs\negative_original_batch_base.log,negative_original,sum,flan-t5-large,negative_original,,1,42,success,
results\batch_logs\negative_original_batch_base.log,negative_original,sum,flan-t5-large,negative_original,,1,43,success,
results\batch_logs\negative_original_batch_base.log,negative_original,sum,flan-t5-large,negative_original,,1,44,success,
results\batch_logs\negative_original_batch_base.log,negative_original,sum,flan-t5-large,negative_original,,2,42,success,
results\batch_logs\negative_original_batch_base.log,negative_original,sum,flan-t5-large,negative_original,,2,43,success,
results\batch_logs\negative_original_batch_base.log,negative_original,sum,flan-t5-large,negative_original,,2,44,success,
results\batch_logs\negative_original_batch_base.log,negative_original,sum,flan-t5-large,negative_original,,3,42,success,
results\batch_logs\negative_original_batch_base.log,negative_original,sum,flan-t5-large,negative_original,,3,43,success,
results\batch_logs\negative_original_batch_base.log,negative_original,sum,flan-t5-large,negative_original,,3,44,success,
results\batch_logs\negative_original_batch_base.log,negative_original,sum,flan-t5-large,negative_original,,4,42,success,
results\batch_logs\negative_original_batch_base.log,negative_original,sum,flan-t5-large,negative_original,,4,43,success,
results\batch_logs\negative_original_batch_base.log,negative_original,sum,flan-t5-large,negative_original,,4,44,success,
results\batch_logs\negative_original_batch_base.log,negative_original,sum,flan-t5-large,negative_original,,5,42,success,
results\batch_logs\negative_original_batch_base.log,negative_original,sum,flan-t5-large,negative_original,,5,43,success,
results\batch_logs\negative_original_batch_base.log,negative_original,sum,flan-t5-large,negative_original,,5,44,success,
results\batch_logs\negative_original_batch_base.log,negative_original,sum,flan-t5-large,negative_original,,6,42,success,
results\batch_logs\negative_original_batch_base.log,negative_original,sum,flan-t5-large,negative_original,,6,43,success,
results\batch_logs\negative_original_batch_base.log,negative_original,sum,flan-t5-large,negative_original,,6,44,success,
results\batch_logs\negative_original_batch_base.log,negative_original,sum,flan-t5-large,negative_original,,7,42,success,
results\batch_logs\negative_original_batch_base.log,negative_original,sum,flan-t5-large,negative_original,,7,43,success,
results\batch_logs\negative_original_batch_base.log,negative_original,sum,flan-t5-large,negative_original,,7,44,success,
results\batch_logs\negative_original_batch_base.log,negative_original,sum,flan-t5-large,negative_original,,8,42,success,
results\batch_logs\negative_original_batch_base.log,negative_original,sum,flan-t5-large,negative_original,,8,43,success,
results\batch_logs\negative_original_batch_base.log,negative_original,sum,flan-t5-large,negative_original,,8,44,success,
results\batch_logs\negative_original_batch_base.log,negative_original,sum,flan-t5-large,negative_original,,9,42,success,
results\batch_logs\negative_original_batch_base.log,negative_original,sum,flan-t5-large,negative_original,,9,43,success,
results\batch_logs\negative_original_batch_base.log,negative_original,sum,flan-t5-large,negative_original,,9,44,success,
results\batch_logs\negative_original_batch_base.log,negative_original,sum,flan-t5-large,negative_original,,10,42,success,
results\batch_logs\negative_original_batch_base.log,negative_original,sum,flan-t5-large,negative_original,,10,43,success,
results\batch_logs\negative_original_batch_base.log,negative_original,sum,flan-t5-large,negative_original,,10,44,success,
results\batch_logs\negative_original_batch_base.log,negative_original,active_to_passive,flan-t5-large,negative_original,,1,42,success,
results\batch_logs\negative_original_batch_base.log,negative_original,active_to_passive,flan-t5-large,negative_original,,1,43,success,
results\batch_logs\negative_original_batch_base.log,negative_original,active_to_passive,flan-t5-large,negative_original,,1,44,success,
results\batch_logs\negative_original_batch_base.log,negative_original,active_to_passive,flan-t5-large,negative_original,,2,42,success,
results\batch_logs\negative_original_batch_base.log,negative_original,active_to_passive,flan-t5-large,negative_original,,2,43,success,
results\batch_logs\negative_original_batch_base.log,negative_original,active_to_passive,flan-t5-large,negative_original,,2,44,success,
results\batch_logs\negative_original_batch_base.log,negative_original,active_to_passive,flan-t5-large,negative_original,,3,42,success,
results\batch_logs\negative_original_batch_base.log,negative_original,active_to_passive,flan-t5-large,negative_original,,3,43,success,
results\batch_logs\negative_original_batch_base.log,negative_original,active_to_passive,flan-t5-large,negative_original,,3,44,success,
results\batch_logs\negative_original_batch_base.log,negative_original,active_to_passive,flan-t5-large,negative_original,,4,42,success,
results\batch_logs\negative_original_batch_base.log,negative_original,active_to_passive,flan-t5-large,negative_original,,4,43,success,
results\batch_logs\negative_original_batch_base.log,negative_original,active_to_passive,flan-t5-large,negative_original,,4,44,success,
results\batch_logs\negative_original_batch_base.log,negative_original,active_to_passive,flan-t5-large,negative_original,,5,42,success,
results\batch_logs\negative_original_batch_base.log,negative_original,active_to_passive,flan-t5-large,negative_original,,5,43,success,
results\batch_logs\negative_original_batch_base.log,negative_original,active_to_passive,flan-t5-large,negative_original,,5,44,success,
results\batch_logs\negative_original_batch_base.log,negative_original,active_to_passive,flan-t5-large,negative_original,,6,42,success,
results\batch_logs\negative_original_batch_base.log,negative_original,active_to_passive,flan-t5-large,negative_original,,6,43,success,
results\batch_logs\negative_original_batch_base.log,negative_original,active_to_passive,flan-t5-large,negative_original,,6,44,success,
results\batch_logs\negative_original_batch_base.log,negative_original,active_to_passive,flan-t5-large,negative_original,,7,42,success,
results\batch_logs\negative_original_batch_base.log,negative_original,active_to_passive,flan-t5-large,negative_original,,7,43,success,
results\batch_logs\negative_original_batch_base.log,negative_original,active_to_passive,flan-t5-large,negative_original,,7,44,success,
results\batch_logs\negative_original_batch_base.log,negative_original,active_to_passive,flan-t5-large,negative_original,,8,42,success,
results\batch_logs\negative_original_batch_base.log,negative_original,active_to_passive,flan-t5-large,negative_original,,8,43,success,
results\batch_logs\negative_original_batch_base.log,negative_original,active_to_passive,flan-t5-large,negative_original,,8,44,success,
results\batch_logs\negative_original_batch_base.log,negative_original,active_to_passive,flan-t5-large,negative_original,,9,42,success,
results\batch_logs\negative_original_batch_base.log,negative_original,active_to_passive,flan-t5-large,negative_original,,9,43,success,
results\batch_logs\negative_original_batch_base.log,negative_original,active_to_passive,flan-t5-large,negative_original,,9,44,success,
results\batch_logs\negative_original_batch_base.log,negative_original,active_to_passive,flan-t5-large,negative_original,,10,42,success,
results\batch_logs\negative_original_batch_base.log,negative_original,active_to_passive,flan-t5-large,negative_original,,10,43,success,
results\batch_logs\negative_original_batch_base.log,negative_original,active_to_passive,flan-t5-large,negative_original,,10,44,success,
results\batch_logs\negative_original_batch_base.log,negative_original,antonyms,flan-t5-large,negative_original,,1,42,success,
results\batch_logs\negative_original_batch_base.log,negative_original,antonyms,flan-t5-large,negative_original,,1,43,success,
results\batch_logs\negative_original_batch_base.log,negative_original,antonyms,flan-t5-large,negative_original,,1,44,success,
results\batch_logs\negative_original_batch_base.log,negative_original,antonyms,flan-t5-large,negative_original,,2,42,success,
results\batch_logs\negative_original_batch_base.log,negative_original,antonyms,flan-t5-large,negative_original,,2,43,success,
results\batch_logs\negative_original_batch_base.log,negative_original,antonyms,flan-t5-large,negative_original,,2,44,success,
results\batch_logs\negative_original_batch_base.log,negative_original,antonyms,flan-t5-large,negative_original,,3,42,success,
results\batch_logs\negative_original_batch_base.log,negative_original,antonyms,flan-t5-large,negative_original,,3,43,success,
results\batch_logs\negative_original_batch_base.log,negative_original,antonyms,flan-t5-large,negative_original,,3,44,success,
results\batch_logs\negative_original_batch_base.log,negative_original,antonyms,flan-t5-large,negative_original,,4,42,success,
results\batch_logs\negative_original_batch_base.log,negative_original,antonyms,flan-t5-large,negative_original,,4,43,success,
results\batch_logs\negative_original_batch_base.log,negative_original,antonyms,flan-t5-large,negative_original,,4,44,success,
results\batch_logs\negative_original_batch_base.log,negative_original,antonyms,flan-t5-large,negative_original,,5,42,success,
results\batch_logs\negative_original_batch_base.log,negative_original,antonyms,flan-t5-large,negative_original,,5,43,success,
results\batch_logs\negative_original_batch_base.log,negative_original,antonyms,flan-t5-large,negative_original,,5,44,success,
results\batch_logs\negative_original_batch_base.log,negative_original,antonyms,flan-t5-large,negative_original,,6,42,success,
results\batch_logs\negative_original_batch_base.log,negative_original,antonyms,flan-t5-large,negative_original,,6,43,success,
results\batch_logs\negative_original_batch_base.log,negative_original,antonyms,flan-t5-large,negative_original,,6,44,success,
results\batch_logs\negative_original_batch_base.log,negative_original,antonyms,flan-t5-large,negative_original,,7,42,success,
results\batch_logs\negative_original_batch_base.log,negative_original,antonyms,flan-t5-large,negative_original,,7,43,success,
results\batch_logs\negative_original_batch_base.log,negative_original,antonyms,flan-t5-large,negative_original,,7,44,success,
results\batch_logs\negative_original_batch_base.log,negative_original,antonyms,flan-t5-large,negative_original,,8,42,success,
results\batch_logs\negative_original_batch_base.log,negative_original,antonyms,flan-t5-large,negative_original,,8,43,success,
results\batch_logs\negative_original_batch_base.log,negative_original,antonyms,flan-t5-large,negative_original,,8,44,success,
results\batch_logs\negative_original_batch_base.log,negative_original,antonyms,flan-t5-large,negative_original,,9,42,success,
results\batch_logs\negative_original_batch_base.log,negative_original,antonyms,flan-t5-large,negative_original,,9,43,success,
results\batch_logs\negative_original_batch_base.log,negative_original,antonyms,flan-t5-large,negative_original,,9,44,success,
results\batch_logs\negative_original_batch_base.log,negative_original,antonyms,flan-t5-large,negative_original,,10,42,success,
results\batch_logs\negative_original_batch_base.log,negative_original,antonyms,flan-t5-large,negative_original,,10,43,success,
results\batch_logs\negative_original_batch_base.log,negative_original,antonyms,flan-t5-large,negative_original,,10,44,success,
results\batch_logs\negative_original_batch_base.log,negative_original,cause_and_effect,flan-t5-large,negative_original,,1,42,success,
results\batch_logs\negative_original_batch_base.log,negative_original,cause_and_effect,flan-t5-large,negative_original,,1,43,success,
results\batch_logs\negative_original_batch_base.log,negative_original,cause_and_effect,flan-t5-large,negative_original,,1,44,success,
results\batch_logs\negative_original_batch_base.log,negative_original,cause_and_effect,flan-t5-large,negative_original,,2,42,success,
results\batch_logs\negative_original_batch_base.log,negative_original,cause_and_effect,flan-t5-large,negative_original,,2,43,success,
results\batch_logs\negative_original_batch_base.log,negative_original,cause_and_effect,flan-t5-large,negative_original,,2,44,success,
results\batch_logs\negative_original_batch_base.log,negative_original,cause_and_effect,flan-t5-large,negative_original,,3,42,success,
results\batch_logs\negative_original_batch_base.log,negative_original,cause_and_effect,flan-t5-large,negative_original,,3,43,success,
results\batch_logs\negative_original_batch_base.log,negative_original,cause_and_effect,flan-t5-large,negative_original,,3,44,success,
results\batch_logs\negative_original_batch_base.log,negative_original,cause_and_effect,flan-t5-large,negative_original,,4,42,success,
results\batch_logs\negative_original_batch_base.log,negative_original,cause_and_effect,flan-t5-large,negative_original,,4,43,success,
results\batch_logs\negative_original_batch_base.log,negative_original,cause_and_effect,flan-t5-large,negative_original,,4,44,success,
results\batch_logs\negative_original_batch_base.log,negative_original,cause_and_effect,flan-t5-large,negative_original,,5,42,success,
results\batch_logs\negative_original_batch_base.log,negative_original,cause_and_effect,flan-t5-large,negative_original,,5,43,success,
results\batch_logs\negative_original_batch_base.log,negative_original,cause_and_effect,flan-t5-large,negative_original,,5,44,success,
results\batch_logs\negative_original_batch_base.log,negative_original,cause_and_effect,flan-t5-large,negative_original,,6,42,success,
results\batch_logs\negative_original_batch_base.log,negative_original,cause_and_effect,flan-t5-large,negative_original,,6,43,success,
results\batch_logs\negative_original_batch_base.log,negative_original,cause_and_effect,flan-t5-large,negative_original,,6,44,success,
results\batch_logs\negative_original_batch_base.log,negative_original,cause_and_effect,flan-t5-large,negative_original,,7,42,success,
results\batch_logs\negative_original_batch_base.log,negative_original,cause_and_effect,flan-t5-large,negative_original,,7,43,success,
results\batch_logs\negative_original_batch_base.log,negative_original,cause_and_effect,flan-t5-large,negative_original,,7,44,success,
results\batch_logs\negative_original_batch_base.log,negative_original,cause_and_effect,flan-t5-large,negative_original,,8,42,success,
results\batch_logs\negative_original_batch_base.log,negative_original,cause_and_effect,flan-t5-large,negative_original,,8,43,success,
results\batch_logs\negative_original_batch_base.log,negative_original,cause_and_effect,flan-t5-large,negative_original,,8,44,success,
results\batch_logs\negative_original_batch_base.log,negative_original,cause_and_effect,flan-t5-large,negative_original,,9,42,success,
results\batch_logs\negative_original_batch_base.log,negative_original,cause_and_effect,flan-t5-large,negative_original,,9,43,success,
results\batch_logs\negative_original_batch_base.log,negative_original,cause_and_effect,flan-t5-large,negative_original,,9,44,success,
results\batch_logs\negative_original_batch_base.log,negative_original,cause_and_effect,flan-t5-large,negative_original,,10,42,success,
results\batch_logs\negative_original_batch_base.log,negative_original,cause_and_effect,flan-t5-large,negative_original,,10,43,success,
results\batch_logs\negative_original_batch_base.log,negative_original,cause_and_effect,flan-t5-large,negative_original,,10,44,success,
results\batch_logs\negative_original_batch_base.log,negative_original,common_concept,flan-t5-large,negative_original,,1,42,success,
results\batch_logs\negative_original_batch_base.log,negative_original,common_concept,flan-t5-large,negative_original,,1,43,success,
results\batch_logs\negative_original_batch_base.log,negative_original,common_concept,flan-t5-large,negative_original,,1,44,success,
results\batch_logs\negative_original_batch_base.log,negative_original,common_concept,flan-t5-large,negative_original,,2,42,success,
results\batch_logs\negative_original_batch_base.log,negative_original,common_concept,flan-t5-large,negative_original,,2,43,success,
results\batch_logs\negative_original_batch_base.log,negative_original,common_concept,flan-t5-large,negative_original,,2,44,success,
results\batch_logs\negative_original_batch_base.log,negative_original,common_concept,flan-t5-large,negative_original,,3,42,success,
results\batch_logs\negative_original_batch_base.log,negative_original,common_concept,flan-t5-large,negative_original,,3,43,success,
results\batch_logs\negative_original_batch_base.log,negative_original,common_concept,flan-t5-large,negative_original,,3,44,success,
results\batch_logs\negative_original_batch_base.log,negative_original,common_concept,flan-t5-large,negative_original,,4,42,success,
results\batch_logs\negative_original_batch_base.log,negative_original,common_concept,flan-t5-large,negative_original,,4,43,success,
results\batch_logs\negative_original_batch_base.log,negative_original,common_concept,flan-t5-large,negative_original,,4,44,success,
results\batch_logs\negative_original_batch_base.log,negative_original,common_concept,flan-t5-large,negative_original,,5,42,success,
results\batch_logs\negative_original_batch_base.log,negative_original,common_concept,flan-t5-large,negative_original,,5,43,success,
results\batch_logs\negative_original_batch_base.log,negative_original,common_concept,flan-t5-large,negative_original,,5,44,success,
results\batch_logs\negative_original_batch_base.log,negative_original,common_concept,flan-t5-large,negative_original,,6,42,success,
results\batch_logs\negative_original_batch_base.log,negative_original,common_concept,flan-t5-large,negative_original,,6,43,success,
results\batch_logs\negative_original_batch_base.log,negative_original,common_concept,flan-t5-large,negative_original,,6,44,success,
results\batch_logs\negative_original_batch_base.log,negative_original,common_concept,flan-t5-large,negative_original,,7,42,success,
results\batch_logs\negative_original_batch_base.log,negative_original,common_concept,flan-t5-large,negative_original,,7,43,success,
results\batch_logs\negative_original_batch_base.log,negative_original,common_concept,flan-t5-large,negative_original,,7,44,success,
results\batch_logs\negative_original_batch_base.log,negative_original,common_concept,flan-t5-large,negative_original,,8,42,success,
results\batch_logs\negative_original_batch_base.log,negative_original,common_concept,flan-t5-large,negative_original,,8,43,success,
results\batch_logs\negative_original_batch_base.log,negative_original,common_concept,flan-t5-large,negative_original,,8,44,success,
results\batch_logs\negative_original_batch_base.log,negative_original,common_concept,flan-t5-large,negative_original,,9,42,success,
results\batch_logs\negative_original_batch_base.log,negative_original,common_concept,flan-t5-large,negative_original,,9,43,success,
results\batch_logs\negative_original_batch_base.log,negative_original,common_concept,flan-t5-large,negative_original,,9,44,success,
results\batch_logs\negative_original_batch_base.log,negative_original,common_concept,flan-t5-large,negative_original,,10,42,success,
results\batch_logs\negative_original_batch_base.log,negative_original,common_concept,flan-t5-large,negative_original,,10,43,success,
results\batch_logs\negative_original_batch_base.log,negative_original,common_concept,flan-t5-large,negative_original,,10,44,success,
results\batch_logs\negative_original_batch_base.log,negative_original,diff,flan-t5-large,negative_original,,1,42,success,
results\batch_logs\negative_original_batch_base.log,negative_original,diff,flan-t5-large,negative_original,,1,43,success,
results\batch_logs\negative_original_batch_base.log,negative_original,diff,flan-t5-large,negative_original,,1,44,success,
results\batch_logs\negative_original_batch_base.log,negative_original,diff,flan-t5-large,negative_original,,2,42,success,
results\batch_logs\negative_original_batch_base.log,negative_original,diff,flan-t5-large,negative_original,,2,43,success,
results\batch_logs\negative_original_batch_base.log,negative_original,diff,flan-t5-large,negative_original,,2,44,success,
results\batch_logs\negative_original_batch_base.log,negative_original,diff,flan-t5-large,negative_original,,3,42,success,
results\batch_logs\negative_original_batch_base.log,negative_original,diff,flan-t5-large,negative_original,,3,43,success,
results\batch_logs\negative_original_batch_base.log,negative_original,diff,flan-t5-large,negative_original,,3,44,success,
results\batch_logs\negative_original_batch_base.log,negative_original,diff,flan-t5-large,negative_original,,4,42,success,
results\batch_logs\negative_original_batch_base.log,negative_original,diff,flan-t5-large,negative_original,,4,43,success,
results\batch_logs\negative_original_batch_base.log,negative_original,diff,flan-t5-large,negative_original,,4,44,success,
results\batch_logs\negative_original_batch_base.log,negative_original,diff,flan-t5-large,negative_original,,5,42,success,
results\batch_logs\negative_original_batch_base.log,negative_original,diff,flan-t5-large,negative_original,,5,43,success,
results\batch_logs\negative_original_batch_base.log,negative_original,diff,flan-t5-large,negative_original,,5,44,success,
results\batch_logs\negative_original_batch_base.log,negative_original,diff,flan-t5-large,negative_original,,6,42,success,
results\batch_logs\negative_original_batch_base.log,negative_original,diff,flan-t5-large,negative_original,,6,43,success,
results\batch_logs\negative_original_batch_base.log,negative_original,diff,flan-t5-large,negative_original,,6,44,success,
results\batch_logs\negative_original_batch_base.log,negative_original,diff,flan-t5-large,negative_original,,7,42,success,
results\batch_logs\negative_original_batch_base.log,negative_original,diff,flan-t5-large,negative_original,,7,43,success,
results\batch_logs\negative_original_batch_base.log,negative_original,diff,flan-t5-large,negative_original,,7,44,success,
results\batch_logs\negative_original_batch_base.log,negative_original,diff,flan-t5-large,negative_original,,8,42,success,
results\batch_logs\negative_original_batch_base.log,negative_original,diff,flan-t5-large,negative_original,,8,43,success,
results\batch_logs\negative_original_batch_base.log,negative_original,diff,flan-t5-large,negative_original,,8,44,success,
results\batch_logs\negative_original_batch_base.log,negative_original,diff,flan-t5-large,negative_original,,9,42,success,
results\batch_logs\negative_original_batch_base.log,negative_original,diff,flan-t5-large,negative_original,,9,43,success,
results\batch_logs\negative_original_batch_base.log,negative_original,diff,flan-t5-large,negative_original,,9,44,success,
results\batch_logs\negative_original_batch_base.log,negative_original,diff,flan-t5-large,negative_original,,10,42,success,
results\batch_logs\negative_original_batch_base.log,negative_original,diff,flan-t5-large,negative_original,,10,43,success,
results\batch_logs\negative_original_batch_base.log,negative_original,diff,flan-t5-large,negative_original,,10,44,success,
results\batch_logs\negative_original_batch_base.log,negative_original,first_word_letter,flan-t5-large,negative_original,,1,42,success,
results\batch_logs\negative_original_batch_base.log,negative_original,first_word_letter,flan-t5-large,negative_original,,1,43,success,
results\batch_logs\negative_original_batch_base.log,negative_original,first_word_letter,flan-t5-large,negative_original,,1,44,success,
results\batch_logs\negative_original_batch_base.log,negative_original,first_word_letter,flan-t5-large,negative_original,,2,42,success,
results\batch_logs\negative_original_batch_base.log,negative_original,first_word_letter,flan-t5-large,negative_original,,2,43,success,
results\batch_logs\negative_original_batch_base.log,negative_original,first_word_letter,flan-t5-large,negative_original,,2,44,success,
results\batch_logs\negative_original_batch_base.log,negative_original,first_word_letter,flan-t5-large,negative_original,,3,42,success,
results\batch_logs\negative_original_batch_base.log,negative_original,first_word_letter,flan-t5-large,negative_original,,3,43,success,
results\batch_logs\negative_original_batch_base.log,negative_original,first_word_letter,flan-t5-large,negative_original,,3,44,success,
results\batch_logs\negative_original_batch_base.log,negative_original,first_word_letter,flan-t5-large,negative_original,,4,42,success,
results\batch_logs\negative_original_batch_base.log,negative_original,first_word_letter,flan-t5-large,negative_original,,4,43,success,
results\batch_logs\negative_original_batch_base.log,negative_original,first_word_letter,flan-t5-large,negative_original,,4,44,success,
results\batch_logs\negative_original_batch_base.log,negative_original,first_word_letter,flan-t5-large,negative_original,,5,42,success,
results\batch_logs\negative_original_batch_base.log,negative_original,first_word_letter,flan-t5-large,negative_original,,5,43,success,
results\batch_logs\negative_original_batch_base.log,negative_original,first_word_letter,flan-t5-large,negative_original,,5,44,success,
results\batch_logs\negative_original_batch_base.log,negative_original,first_word_letter,flan-t5-large,negative_original,,6,42,success,
results\batch_logs\negative_original_batch_base.log,negative_original,first_word_letter,flan-t5-large,negative_original,,6,43,success,
results\batch_logs\negative_original_batch_base.log,negative_original,first_word_letter,flan-t5-large,negative_original,,6,44,success,
results\batch_logs\negative_original_batch_base.log,negative_original,first_word_letter,flan-t5-large,negative_original,,7,42,success,
results\batch_logs\negative_original_batch_base.log,negative_original,first_word_letter,flan-t5-large,negative_original,,7,43,success,
results\batch_logs\negative_original_batch_base.log,negative_original,first_word_letter,flan-t5-large,negative_original,,7,44,success,
results\batch_logs\negative_original_batch_base.log,negative_original,first_word_letter,flan-t5-large,negative_original,,8,42,success,
results\batch_logs\negative_original_batch_base.log,negative_original,first_word_letter,flan-t5-large,negative_original,,8,43,success,
results\batch_logs\negative_original_batch_base.log,negative_original,first_word_letter,flan-t5-large,negative_original,,8,44,success,
results\batch_logs\negative_original_batch_base.log,negative_original,first_word_letter,flan-t5-large,negative_original,,9,42,success,
results\batch_logs\negative_original_batch_base.log,negative_original,first_word_letter,flan-t5-large,negative_original,,9,43,success,
results\batch_logs\negative_original_batch_base.log,negative_original,first_word_letter,flan-t5-large,negative_original,,9,44,success,
results\batch_logs\negative_original_batch_base.log,negative_original,first_word_letter,flan-t5-large,negative_original,,10,42,success,
results\batch_logs\negative_original_batch_base.log,negative_original,first_word_letter,flan-t5-large,negative_original,,10,43,success,
results\batch_logs\negative_original_batch_base.log,negative_original,first_word_letter,flan-t5-large,negative_original,,10,44,success,
results\batch_logs\negative_original_batch_base.log,negative_original,informal_to_formal,flan-t5-large,negative_original,,1,42,success,
results\batch_logs\negative_original_batch_base.log,negative_original,informal_to_formal,flan-t5-large,negative_original,,1,43,success,
results\batch_logs\negative_original_batch_base.log,negative_original,informal_to_formal,flan-t5-large,negative_original,,1,44,success,
results\batch_logs\negative_original_batch_base.log,negative_original,informal_to_formal,flan-t5-large,negative_original,,2,42,success,
results\batch_logs\negative_original_batch_base.log,negative_original,informal_to_formal,flan-t5-large,negative_original,,2,43,success,
results\batch_logs\negative_original_batch_base.log,negative_original,informal_to_formal,flan-t5-large,negative_original,,2,44,success,
results\batch_logs\negative_original_batch_base.log,negative_original,informal_to_formal,flan-t5-large,negative_original,,3,42,success,
results\batch_logs\negative_original_batch_base.log,negative_original,informal_to_formal,flan-t5-large,negative_original,,3,43,success,
results\batch_logs\negative_original_batch_base.log,negative_original,informal_to_formal,flan-t5-large,negative_original,,3,44,success,
results\batch_logs\negative_original_batch_base.log,negative_original,informal_to_formal,flan-t5-large,negative_original,,4,42,success,
results\batch_logs\negative_original_batch_base.log,negative_original,informal_to_formal,flan-t5-large,negative_original,,4,43,success,
results\batch_logs\negative_original_batch_base.log,negative_original,informal_to_formal,flan-t5-large,negative_original,,4,44,success,
results\batch_logs\negative_original_batch_base.log,negative_original,informal_to_formal,flan-t5-large,negative_original,,5,42,success,
results\batch_logs\negative_original_batch_base.log,negative_original,informal_to_formal,flan-t5-large,negative_original,,5,43,success,
results\batch_logs\negative_original_batch_base.log,negative_original,informal_to_formal,flan-t5-large,negative_original,,5,44,success,
results\batch_logs\negative_original_batch_base.log,negative_original,informal_to_formal,flan-t5-large,negative_original,,6,42,success,
results\batch_logs\negative_original_batch_base.log,negative_original,informal_to_formal,flan-t5-large,negative_original,,6,43,success,
results\batch_logs\negative_original_batch_base.log,negative_original,informal_to_formal,flan-t5-large,negative_original,,6,44,success,
results\batch_logs\negative_original_batch_base.log,negative_original,informal_to_formal,flan-t5-large,negative_original,,7,42,success,
results\batch_logs\negative_original_batch_base.log,negative_original,informal_to_formal,flan-t5-large,negative_original,,7,43,success,
results\batch_logs\negative_original_batch_base.log,negative_original,informal_to_formal,flan-t5-large,negative_original,,7,44,success,
results\batch_logs\negative_original_batch_base.log,negative_original,informal_to_formal,flan-t5-large,negative_original,,8,42,success,
results\batch_logs\negative_original_batch_base.log,negative_original,informal_to_formal,flan-t5-large,negative_original,,8,43,success,
results\batch_logs\negative_original_batch_base.log,negative_original,informal_to_formal,flan-t5-large,negative_original,,8,44,success,
results\batch_logs\negative_original_batch_base.log,negative_original,informal_to_formal,flan-t5-large,negative_original,,9,42,success,
results\batch_logs\negative_original_batch_base.log,negative_original,informal_to_formal,flan-t5-large,negative_original,,9,43,success,
results\batch_logs\negative_original_batch_base.log,negative_original,informal_to_formal,flan-t5-large,negative_original,,9,44,success,
results\batch_logs\negative_original_batch_base.log,negative_original,informal_to_formal,flan-t5-large,negative_original,,10,42,success,
results\batch_logs\negative_original_batch_base.log,negative_original,informal_to_formal,flan-t5-large,negative_original,,10,43,success,
results\batch_logs\negative_original_batch_base.log,negative_original,informal_to_formal,flan-t5-large,negative_original,,10,44,success,
results\batch_logs\negative_original_batch_base.log,negative_original,larger_animal,flan-t5-large,negative_original,,1,42,success,
results\batch_logs\negative_original_batch_base.log,negative_original,larger_animal,flan-t5-large,negative_original,,1,43,success,
results\batch_logs\negative_original_batch_base.log,negative_original,larger_animal,flan-t5-large,negative_original,,1,44,success,
results\batch_logs\negative_original_batch_base.log,negative_original,larger_animal,flan-t5-large,negative_original,,2,42,success,
results\batch_logs\negative_original_batch_base.log,negative_original,larger_animal,flan-t5-large,negative_original,,2,43,success,
results\batch_logs\negative_original_batch_base.log,negative_original,larger_animal,flan-t5-large,negative_original,,2,44,success,
results\batch_logs\negative_original_batch_base.log,negative_original,larger_animal,flan-t5-large,negative_original,,3,42,success,
results\batch_logs\negative_original_batch_base.log,negative_original,larger_animal,flan-t5-large,negative_original,,3,43,success,
results\batch_logs\negative_original_batch_base.log,negative_original,larger_animal,flan-t5-large,negative_original,,3,44,success,
results\batch_logs\negative_original_batch_base.log,negative_original,larger_animal,flan-t5-large,negative_original,,4,42,success,
results\batch_logs\negative_original_batch_base.log,negative_original,larger_animal,flan-t5-large,negative_original,,4,43,success,
results\batch_logs\negative_original_batch_base.log,negative_original,larger_animal,flan-t5-large,negative_original,,4,44,success,
results\batch_logs\negative_original_batch_base.log,negative_original,larger_animal,flan-t5-large,negative_original,,5,42,success,
results\batch_logs\negative_original_batch_base.log,negative_original,larger_animal,flan-t5-large,negative_original,,5,43,success,
results\batch_logs\negative_original_batch_base.log,negative_original,larger_animal,flan-t5-large,negative_original,,5,44,success,
results\batch_logs\negative_original_batch_base.log,negative_original,larger_animal,flan-t5-large,negative_original,,6,42,success,
results\batch_logs\negative_original_batch_base.log,negative_original,larger_animal,flan-t5-large,negative_original,,6,43,success,
results\batch_logs\negative_original_batch_base.log,negative_original,larger_animal,flan-t5-large,negative_original,,6,44,success,
results\batch_logs\negative_original_batch_base.log,negative_original,larger_animal,flan-t5-large,negative_original,,7,42,success,
results\batch_logs\negative_original_batch_base.log,negative_original,larger_animal,flan-t5-large,negative_original,,7,43,success,
results\batch_logs\negative_original_batch_base.log,negative_original,larger_animal,flan-t5-large,negative_original,,7,44,success,
results\batch_logs\negative_original_batch_base.log,negative_original,larger_animal,flan-t5-large,negative_original,,8,42,success,
results\batch_logs\negative_original_batch_base.log,negative_original,larger_animal,flan-t5-large,negative_original,,8,43,success,
results\batch_logs\negative_original_batch_base.log,negative_original,larger_animal,flan-t5-large,negative_original,,8,44,success,
results\batch_logs\negative_original_batch_base.log,negative_original,larger_animal,flan-t5-large,negative_original,,9,42,success,
results\batch_logs\negative_original_batch_base.log,negative_original,larger_animal,flan-t5-large,negative_original,,9,43,success,
results\batch_logs\negative_original_batch_base.log,negative_original,larger_animal,flan-t5-large,negative_original,,9,44,success,
results\batch_logs\negative_original_batch_base.log,negative_original,larger_animal,flan-t5-large,negative_original,,10,42,success,
results\batch_logs\negative_original_batch_base.log,negative_original,larger_animal,flan-t5-large,negative_original,,10,43,success,
results\batch_logs\negative_original_batch_base.log,negative_original,larger_animal,flan-t5-large,negative_original,,10,44,success,
results\batch_logs\negative_original_batch_base.log,negative_original,letters_list,flan-t5-large,negative_original,,1,42,success,
results\batch_logs\negative_original_batch_base.log,negative_original,letters_list,flan-t5-large,negative_original,,1,43,success,
results\batch_logs\negative_original_batch_base.log,negative_original,letters_list,flan-t5-large,negative_original,,1,44,success,
results\batch_logs\negative_original_batch_base.log,negative_original,letters_list,flan-t5-large,negative_original,,2,42,success,
results\batch_logs\negative_original_batch_base.log,negative_original,letters_list,flan-t5-large,negative_original,,2,43,success,
results\batch_logs\negative_original_batch_base.log,negative_original,letters_list,flan-t5-large,negative_original,,2,44,success,
results\batch_logs\negative_original_batch_base.log,negative_original,letters_list,flan-t5-large,negative_original,,3,42,success,
results\batch_logs\negative_original_batch_base.log,negative_original,letters_list,flan-t5-large,negative_original,,3,43,success,
results\batch_logs\negative_original_batch_base.log,negative_original,letters_list,flan-t5-large,negative_original,,3,44,success,
results\batch_logs\negative_original_batch_base.log,negative_original,letters_list,flan-t5-large,negative_original,,4,42,success,
results\batch_logs\negative_original_batch_base.log,negative_original,letters_list,flan-t5-large,negative_original,,4,43,success,
results\batch_logs\negative_original_batch_base.log,negative_original,letters_list,flan-t5-large,negative_original,,4,44,success,
results\batch_logs\negative_original_batch_base.log,negative_original,letters_list,flan-t5-large,negative_original,,5,42,success,
results\batch_logs\negative_original_batch_base.log,negative_original,letters_list,flan-t5-large,negative_original,,5,43,success,
results\batch_logs\negative_original_batch_base.log,negative_original,letters_list,flan-t5-large,negative_original,,5,44,success,
results\batch_logs\negative_original_batch_base.log,negative_original,letters_list,flan-t5-large,negative_original,,6,42,success,
results\batch_logs\negative_original_batch_base.log,negative_original,letters_list,flan-t5-large,negative_original,,6,43,success,
results\batch_logs\negative_original_batch_base.log,negative_original,letters_list,flan-t5-large,negative_original,,6,44,success,
results\batch_logs\negative_original_batch_base.log,negative_original,letters_list,flan-t5-large,negative_original,,7,42,success,
results\batch_logs\negative_original_batch_base.log,negative_original,letters_list,flan-t5-large,negative_original,,7,43,success,
results\batch_logs\negative_original_batch_base.log,negative_original,letters_list,flan-t5-large,negative_original,,7,44,success,
results\batch_logs\negative_original_batch_base.log,negative_original,letters_list,flan-t5-large,negative_original,,8,42,success,
results\batch_logs\negative_original_batch_base.log,negative_original,letters_list,flan-t5-large,negative_original,,8,43,success,
results\batch_logs\negative_original_batch_base.log,negative_original,letters_list,flan-t5-large,negative_original,,8,44,success,
results\batch_logs\negative_original_batch_base.log,negative_original,letters_list,flan-t5-large,negative_original,,9,42,success,
results\batch_logs\negative_original_batch_base.log,negative_original,letters_list,flan-t5-large,negative_original,,9,43,success,
results\batch_logs\negative_original_batch_base.log,negative_original,letters_list,flan-t5-large,negative_original,,9,44,success,
results\batch_logs\negative_original_batch_base.log,negative_original,letters_list,flan-t5-large,negative_original,,10,42,success,
results\batch_logs\negative_original_batch_base.log,negative_original,letters_list,flan-t5-large,negative_original,,10,43,success,
results\batch_logs\negative_original_batch_base.log,negative_original,letters_list,flan-t5-large,negative_original,,10,44,success,
results\batch_logs\negative_original_batch_base.log,negative_original,negation,flan-t5-large,negative_original,,1,42,success,
results\batch_logs\negative_original_batch_base.log,negative_original,negation,flan-t5-large,negative_original,,1,43,success,
results\batch_logs\negative_original_batch_base.log,negative_original,negation,flan-t5-large,negative_original,,1,44,success,
results\batch_logs\negative_original_batch_base.log,negative_original,negation,flan-t5-large,negative_original,,2,42,success,
results\batch_logs\negative_original_batch_base.log,negative_original,negation,flan-t5-large,negative_original,,2,43,success,
results\batch_logs\negative_original_batch_base.log,negative_original,negation,flan-t5-large,negative_original,,2,44,success,
results\batch_logs\negative_original_batch_base.log,negative_original,negation,flan-t5-large,negative_original,,3,42,success,
results\batch_logs\negative_original_batch_base.log,negative_original,negation,flan-t5-large,negative_original,,3,43,success,
results\batch_logs\negative_original_batch_base.log,negative_original,negation,flan-t5-large,negative_original,,3,44,success,
results\batch_logs\negative_original_batch_base.log,negative_original,negation,flan-t5-large,negative_original,,4,42,success,
results\batch_logs\negative_original_batch_base.log,negative_original,negation,flan-t5-large,negative_original,,4,43,success,
results\batch_logs\negative_original_batch_base.log,negative_original,negation,flan-t5-large,negative_original,,4,44,success,
results\batch_logs\negative_original_batch_base.log,negative_original,negation,flan-t5-large,negative_original,,5,42,success,
results\batch_logs\negative_original_batch_base.log,negative_original,negation,flan-t5-large,negative_original,,5,43,success,
results\batch_logs\negative_original_batch_base.log,negative_original,negation,flan-t5-large,negative_original,,5,44,success,
results\batch_logs\negative_original_batch_base.log,negative_original,negation,flan-t5-large,negative_original,,6,42,success,
results\batch_logs\negative_original_batch_base.log,negative_original,negation,flan-t5-large,negative_original,,6,43,success,
results\batch_logs\negative_original_batch_base.log,negative_original,negation,flan-t5-large,negative_original,,6,44,success,
results\batch_logs\negative_original_batch_base.log,negative_original,negation,flan-t5-large,negative_original,,7,42,success,
results\batch_logs\negative_original_batch_base.log,negative_original,negation,flan-t5-large,negative_original,,7,43,success,
results\batch_logs\negative_original_batch_base.log,negative_original,negation,flan-t5-large,negative_original,,7,44,success,
results\batch_logs\negative_original_batch_base.log,negative_original,negation,flan-t5-large,negative_original,,8,42,success,
results\batch_logs\negative_original_batch_base.log,negative_original,negation,flan-t5-large,negative_original,,8,43,success,
results\batch_logs\negative_original_batch_base.log,negative_original,negation,flan-t5-large,negative_original,,8,44,success,
results\batch_logs\negative_original_batch_base.log,negative_original,negation,flan-t5-large,negative_original,,9,42,success,
results\batch_logs\negative_original_batch_base.log,negative_original,negation,flan-t5-large,negative_original,,9,43,success,
results\batch_logs\negative_original_batch_base.log,negative_original,negation,flan-t5-large,negative_original,,9,44,success,
results\batch_logs\negative_original_batch_base.log,negative_original,negation,flan-t5-large,negative_original,,10,42,success,
results\batch_logs\negative_original_batch_base.log,negative_original,negation,flan-t5-large,negative_original,,10,43,success,
results\batch_logs\negative_original_batch_base.log,negative_original,negation,flan-t5-large,negative_original,,10,44,success,
results\batch_logs\negative_original_batch_base.log,negative_original,num_to_verbal,flan-t5-large,negative_original,,1,42,success,
results\batch_logs\negative_original_batch_base.log,negative_original,num_to_verbal,flan-t5-large,negative_original,,1,43,success,
results\batch_logs\negative_original_batch_base.log,negative_original,num_to_verbal,flan-t5-large,negative_original,,1,44,success,
results\batch_logs\negative_original_batch_base.log,negative_original,num_to_verbal,flan-t5-large,negative_original,,2,42,success,
results\batch_logs\negative_original_batch_base.log,negative_original,num_to_verbal,flan-t5-large,negative_original,,2,43,success,
results\batch_logs\negative_original_batch_base.log,negative_original,num_to_verbal,flan-t5-large,negative_original,,2,44,success,
results\batch_logs\negative_original_batch_base.log,negative_original,num_to_verbal,flan-t5-large,negative_original,,3,42,success,
results\batch_logs\negative_original_batch_base.log,negative_original,num_to_verbal,flan-t5-large,negative_original,,3,43,success,
results\batch_logs\negative_original_batch_base.log,negative_original,num_to_verbal,flan-t5-large,negative_original,,3,44,success,
results\batch_logs\negative_original_batch_base.log,negative_original,num_to_verbal,flan-t5-large,negative_original,,4,42,success,
results\batch_logs\negative_original_batch_base.log,negative_original,num_to_verbal,flan-t5-large,negative_original,,4,43,success,
results\batch_logs\negative_original_batch_base.log,negative_original,num_to_verbal,flan-t5-large,negative_original,,4,44,success,
results\batch_logs\negative_original_batch_base.log,negative_original,num_to_verbal,flan-t5-large,negative_original,,5,42,success,
results\batch_logs\negative_original_batch_base.log,negative_original,num_to_verbal,flan-t5-large,negative_original,,5,43,success,
results\batch_logs\negative_original_batch_base.log,negative_original,num_to_verbal,flan-t5-large,negative_original,,5,44,success,
results\batch_logs\negative_original_batch_base.log,negative_original,num_to_verbal,flan-t5-large,negative_original,,6,42,success,
results\batch_logs\negative_original_batch_base.log,negative_original,num_to_verbal,flan-t5-large,negative_original,,6,43,success,
results\batch_logs\negative_original_batch_base.log,negative_original,num_to_verbal,flan-t5-large,negative_original,,6,44,success,
results\batch_logs\negative_original_batch_base.log,negative_original,num_to_verbal,flan-t5-large,negative_original,,7,42,success,
results\batch_logs\negative_original_batch_base.log,negative_original,num_to_verbal,flan-t5-large,negative_original,,7,43,success,
results\batch_logs\negative_original_batch_base.log,negative_original,num_to_verbal,flan-t5-large,negative_original,,7,44,success,
results\batch_logs\negative_original_batch_base.log,negative_original,num_to_verbal,flan-t5-large,negative_original,,8,42,success,
results\batch_logs\negative_original_batch_base.log,negative_original,num_to_verbal,flan-t5-large,negative_original,,8,43,success,
results\batch_logs\negative_original_batch_base.log,negative_original,num_to_verbal,flan-t5-large,negative_original,,8,44,success,
results\batch_logs\negative_original_batch_base.log,negative_original,num_to_verbal,flan-t5-large,negative_original,,9,42,success,
results\batch_logs\negative_original_batch_base.log,negative_original,num_to_verbal,flan-t5-large,negative_original,,9,43,success,
results\batch_logs\negative_original_batch_base.log,negative_original,num_to_verbal,flan-t5-large,negative_original,,9,44,success,
results\batch_logs\negative_original_batch_base.log,negative_original,num_to_verbal,flan-t5-large,negative_original,,10,42,success,
results\batch_logs\negative_original_batch_base.log,negative_original,num_to_verbal,flan-t5-large,negative_original,,10,43,success,
results\batch_logs\negative_original_batch_base.log,negative_original,num_to_verbal,flan-t5-large,negative_original,,10,44,success,
results\batch_logs\negative_original_batch_base.log,negative_original,orthography_starts_with,flan-t5-large,negative_original,,1,42,success,
results\batch_logs\negative_original_batch_base.log,negative_original,orthography_starts_with,flan-t5-large,negative_original,,1,43,success,
results\batch_logs\negative_original_batch_base.log,negative_original,orthography_starts_with,flan-t5-large,negative_original,,1,44,success,
results\batch_logs\negative_original_batch_base.log,negative_original,orthography_starts_with,flan-t5-large,negative_original,,2,42,success,
results\batch_logs\negative_original_batch_base.log,negative_original,orthography_starts_with,flan-t5-large,negative_original,,2,43,success,
results\batch_logs\negative_original_batch_base.log,negative_original,orthography_starts_with,flan-t5-large,negative_original,,2,44,success,
results\batch_logs\negative_original_batch_base.log,negative_original,orthography_starts_with,flan-t5-large,negative_original,,3,42,success,
results\batch_logs\negative_original_batch_base.log,negative_original,orthography_starts_with,flan-t5-large,negative_original,,3,43,success,
results\batch_logs\negative_original_batch_base.log,negative_original,orthography_starts_with,flan-t5-large,negative_original,,3,44,success,
results\batch_logs\negative_original_batch_base.log,negative_original,orthography_starts_with,flan-t5-large,negative_original,,4,42,success,
results\batch_logs\negative_original_batch_base.log,negative_original,orthography_starts_with,flan-t5-large,negative_original,,4,43,success,
results\batch_logs\negative_original_batch_base.log,negative_original,orthography_starts_with,flan-t5-large,negative_original,,4,44,success,
results\batch_logs\negative_original_batch_base.log,negative_original,orthography_starts_with,flan-t5-large,negative_original,,5,42,success,
results\batch_logs\negative_original_batch_base.log,negative_original,orthography_starts_with,flan-t5-large,negative_original,,5,43,success,
results\batch_logs\negative_original_batch_base.log,negative_original,orthography_starts_with,flan-t5-large,negative_original,,5,44,success,
results\batch_logs\negative_original_batch_base.log,negative_original,orthography_starts_with,flan-t5-large,negative_original,,6,42,success,
results\batch_logs\negative_original_batch_base.log,negative_original,orthography_starts_with,flan-t5-large,negative_original,,6,43,success,
results\batch_logs\negative_original_batch_base.log,negative_original,orthography_starts_with,flan-t5-large,negative_original,,6,44,success,
results\batch_logs\negative_original_batch_base.log,negative_original,orthography_starts_with,flan-t5-large,negative_original,,7,42,success,
results\batch_logs\negative_original_batch_base.log,negative_original,orthography_starts_with,flan-t5-large,negative_original,,7,43,success,
results\batch_logs\negative_original_batch_base.log,negative_original,orthography_starts_with,flan-t5-large,negative_original,,7,44,success,
results\batch_logs\negative_original_batch_base.log,negative_original,orthography_starts_with,flan-t5-large,negative_original,,8,42,success,
results\batch_logs\negative_original_batch_base.log,negative_original,orthography_starts_with,flan-t5-large,negative_original,,8,43,success,
results\batch_logs\negative_original_batch_base.log,negative_original,orthography_starts_with,flan-t5-large,negative_original,,8,44,success,
results\batch_logs\negative_original_batch_base.log,negative_original,orthography_starts_with,flan-t5-large,negative_original,,9,42,success,
results\batch_logs\negative_original_batch_base.log,negative_original,orthography_starts_with,flan-t5-large,negative_original,,9,43,success,
results\batch_logs\negative_original_batch_base.log,negative_original,orthography_starts_with,flan-t5-large,negative_original,,9,44,success,
results\batch_logs\negative_original_batch_base.log,negative_original,orthography_starts_with,flan-t5-large,negative_original,,10,42,success,
results\batch_logs\negative_original_batch_base.log,negative_original,orthography_starts_with,flan-t5-large,negative_original,,10,43,success,
results\batch_logs\negative_original_batch_base.log,negative_original,orthography_starts_with,flan-t5-large,negative_original,,10,44,success,
results\batch_logs\negative_original_batch_base.log,negative_original,rhymes,flan-t5-large,negative_original,,1,42,success,
results\batch_logs\negative_original_batch_base.log,negative_original,rhymes,flan-t5-large,negative_original,,1,43,success,
results\batch_logs\negative_original_batch_base.log,negative_original,rhymes,flan-t5-large,negative_original,,1,44,success,
results\batch_logs\negative_original_batch_base.log,negative_original,rhymes,flan-t5-large,negative_original,,2,42,success,
results\batch_logs\negative_original_batch_base.log,negative_original,rhymes,flan-t5-large,negative_original,,2,43,success,
results\batch_logs\negative_original_batch_base.log,negative_original,rhymes,flan-t5-large,negative_original,,2,44,success,
results\batch_logs\negative_original_batch_base.log,negative_original,rhymes,flan-t5-large,negative_original,,3,42,success,
results\batch_logs\negative_original_batch_base.log,negative_original,rhymes,flan-t5-large,negative_original,,3,43,success,
results\batch_logs\negative_original_batch_base.log,negative_original,rhymes,flan-t5-large,negative_original,,3,44,success,
results\batch_logs\negative_original_batch_base.log,negative_original,rhymes,flan-t5-large,negative_original,,4,42,success,
results\batch_logs\negative_original_batch_base.log,negative_original,rhymes,flan-t5-large,negative_original,,4,43,success,
results\batch_logs\negative_original_batch_base.log,negative_original,rhymes,flan-t5-large,negative_original,,4,44,success,
results\batch_logs\negative_original_batch_base.log,negative_original,rhymes,flan-t5-large,negative_original,,5,42,success,
results\batch_logs\negative_original_batch_base.log,negative_original,rhymes,flan-t5-large,negative_original,,5,43,success,
results\batch_logs\negative_original_batch_base.log,negative_original,rhymes,flan-t5-large,negative_original,,5,44,success,
results\batch_logs\negative_original_batch_base.log,negative_original,rhymes,flan-t5-large,negative_original,,6,42,success,
results\batch_logs\negative_original_batch_base.log,negative_original,rhymes,flan-t5-large,negative_original,,6,43,success,
results\batch_logs\negative_original_batch_base.log,negative_original,rhymes,flan-t5-large,negative_original,,6,44,success,
results\batch_logs\negative_original_batch_base.log,negative_original,rhymes,flan-t5-large,negative_original,,7,42,success,
results\batch_logs\negative_original_batch_base.log,negative_original,rhymes,flan-t5-large,negative_original,,7,43,success,
results\batch_logs\negative_original_batch_base.log,negative_original,rhymes,flan-t5-large,negative_original,,7,44,success,
results\batch_logs\negative_original_batch_base.log,negative_original,rhymes,flan-t5-large,negative_original,,8,42,success,
results\batch_logs\negative_original_batch_base.log,negative_original,rhymes,flan-t5-large,negative_original,,8,43,success,
results\batch_logs\negative_original_batch_base.log,negative_original,rhymes,flan-t5-large,negative_original,,8,44,success,
results\batch_logs\negative_original_batch_base.log,negative_original,rhymes,flan-t5-large,negative_original,,9,42,success,
results\batch_logs\negative_original_batch_base.log,negative_original,rhymes,flan-t5-large,negative_original,,9,43,success,
results\batch_logs\negative_original_batch_base.log,negative_original,rhymes,flan-t5-large,negative_original,,9,44,success,
results\batch_logs\negative_original_batch_base.log,negative_original,rhymes,flan-t5-large,negative_original,,10,42,success,
results\batch_logs\negative_original_batch_base.log,negative_original,rhymes,flan-t5-large,negative_original,,10,43,success,
results\batch_logs\negative_original_batch_base.log,negative_original,rhymes,flan-t5-large,negative_original,,10,44,success,
results\batch_logs\negative_original_batch_base.log,negative_original,second_word_letter,flan-t5-large,negative_original,,1,42,success,
results\batch_logs\negative_original_batch_base.log,negative_original,second_word_letter,flan-t5-large,negative_original,,1,43,success,
results\batch_logs\negative_original_batch_base.log,negative_original,second_word_letter,flan-t5-large,negative_original,,1,44,success,
results\batch_logs\negative_original_batch_base.log,negative_original,second_word_letter,flan-t5-large,negative_original,,2,42,success,
results\batch_logs\negative_original_batch_base.log,negative_original,second_word_letter,flan-t5-large,negative_original,,2,43,success,
results\batch_logs\negative_original_batch_base.log,negative_original,second_word_letter,flan-t5-large,negative_original,,2,44,success,
results\batch_logs\negative_original_batch_base.log,negative_original,second_word_letter,flan-t5-large,negative_original,,3,42,success,
results\batch_logs\negative_original_batch_base.log,negative_original,second_word_letter,flan-t5-large,negative_original,,3,43,success,
results\batch_logs\negative_original_batch_base.log,negative_original,second_word_letter,flan-t5-large,negative_original,,3,44,success,
results\batch_logs\negative_original_batch_base.log,negative_original,second_word_letter,flan-t5-large,negative_original,,4,42,success,
results\batch_logs\negative_original_batch_base.log,negative_original,second_word_letter,flan-t5-large,negative_original,,4,43,success,
results\batch_logs\negative_original_batch_base.log,negative_original,second_word_letter,flan-t5-large,negative_original,,4,44,success,
results\batch_logs\negative_original_batch_base.log,negative_original,second_word_letter,flan-t5-large,negative_original,,5,42,success,
results\batch_logs\negative_original_batch_base.log,negative_original,second_word_letter,flan-t5-large,negative_original,,5,43,success,
results\batch_logs\negative_original_batch_base.log,negative_original,second_word_letter,flan-t5-large,negative_original,,5,44,success,
results\batch_logs\negative_original_batch_base.log,negative_original,second_word_letter,flan-t5-large,negative_original,,6,42,success,
results\batch_logs\negative_original_batch_base.log,negative_original,second_word_letter,flan-t5-large,negative_original,,6,43,success,
results\batch_logs\negative_original_batch_base.log,negative_original,second_word_letter,flan-t5-large,negative_original,,6,44,success,
results\batch_logs\negative_original_batch_base.log,negative_original,second_word_letter,flan-t5-large,negative_original,,7,42,success,
results\batch_logs\negative_original_batch_base.log,negative_original,second_word_letter,flan-t5-large,negative_original,,7,43,success,
results\batch_logs\negative_original_batch_base.log,negative_original,second_word_letter,flan-t5-large,negative_original,,7,44,success,
results\batch_logs\negative_original_batch_base.log,negative_original,second_word_letter,flan-t5-large,negative_original,,8,42,success,
results\batch_logs\negative_original_batch_base.log,negative_original,second_word_letter,flan-t5-large,negative_original,,8,43,success,
results\batch_logs\negative_original_batch_base.log,negative_original,second_word_letter,flan-t5-large,negative_original,,8,44,success,
results\batch_logs\negative_original_batch_base.log,negative_original,second_word_letter,flan-t5-large,negative_original,,9,42,success,
results\batch_logs\negative_original_batch_base.log,negative_original,second_word_letter,flan-t5-large,negative_original,,9,43,success,
results\batch_logs\negative_original_batch_base.log,negative_original,second_word_letter,flan-t5-large,negative_original,,9,44,success,
results\batch_logs\negative_original_batch_base.log,negative_original,second_word_letter,flan-t5-large,negative_original,,10,42,success,
results\batch_logs\negative_original_batch_base.log,negative_original,second_word_letter,flan-t5-large,negative_original,,10,43,success,
results\batch_logs\negative_original_batch_base.log,negative_original,second_word_letter,flan-t5-large,negative_original,,10,44,success,
results\batch_logs\negative_original_batch_base.log,negative_original,sentence_similarity,flan-t5-large,negative_original,,1,42,success,
results\batch_logs\negative_original_batch_base.log,negative_original,sentence_similarity,flan-t5-large,negative_original,,1,43,success,
results\batch_logs\negative_original_batch_base.log,negative_original,sentence_similarity,flan-t5-large,negative_original,,1,44,success,
results\batch_logs\negative_original_batch_base.log,negative_original,sentence_similarity,flan-t5-large,negative_original,,2,42,success,
results\batch_logs\negative_original_batch_base.log,negative_original,sentence_similarity,flan-t5-large,negative_original,,2,43,success,
results\batch_logs\negative_original_batch_base.log,negative_original,sentence_similarity,flan-t5-large,negative_original,,2,44,success,
results\batch_logs\negative_original_batch_base.log,negative_original,sentence_similarity,flan-t5-large,negative_original,,3,42,success,
results\batch_logs\negative_original_batch_base.log,negative_original,sentence_similarity,flan-t5-large,negative_original,,3,43,success,
results\batch_logs\negative_original_batch_base.log,negative_original,sentence_similarity,flan-t5-large,negative_original,,3,44,success,
results\batch_logs\negative_original_batch_base.log,negative_original,sentence_similarity,flan-t5-large,negative_original,,4,42,success,
results\batch_logs\negative_original_batch_base.log,negative_original,sentence_similarity,flan-t5-large,negative_original,,4,43,success,
results\batch_logs\negative_original_batch_base.log,negative_original,sentence_similarity,flan-t5-large,negative_original,,4,44,success,
results\batch_logs\negative_original_batch_base.log,negative_original,sentence_similarity,flan-t5-large,negative_original,,5,42,success,
results\batch_logs\negative_original_batch_base.log,negative_original,sentence_similarity,flan-t5-large,negative_original,,5,43,success,
results\batch_logs\negative_original_batch_base.log,negative_original,sentence_similarity,flan-t5-large,negative_original,,5,44,success,
results\batch_logs\negative_original_batch_base.log,negative_original,sentence_similarity,flan-t5-large,negative_original,,6,42,success,
results\batch_logs\negative_original_batch_base.log,negative_original,sentence_similarity,flan-t5-large,negative_original,,6,43,success,
results\batch_logs\negative_original_batch_base.log,negative_original,sentence_similarity,flan-t5-large,negative_original,,6,44,success,
results\batch_logs\negative_original_batch_base.log,negative_original,sentence_similarity,flan-t5-large,negative_original,,7,42,success,
results\batch_logs\negative_original_batch_base.log,negative_original,sentence_similarity,flan-t5-large,negative_original,,7,43,success,
results\batch_logs\negative_original_batch_base.log,negative_original,sentence_similarity,flan-t5-large,negative_original,,7,44,success,
results\batch_logs\negative_original_batch_base.log,negative_original,sentence_similarity,flan-t5-large,negative_original,,8,42,success,
results\batch_logs\negative_original_batch_base.log,negative_original,sentence_similarity,flan-t5-large,negative_original,,8,43,success,
results\batch_logs\negative_original_batch_base.log,negative_original,sentence_similarity,flan-t5-large,negative_original,,8,44,success,
results\batch_logs\negative_original_batch_base.log,negative_original,sentence_similarity,flan-t5-large,negative_original,,9,42,success,
results\batch_logs\negative_original_batch_base.log,negative_original,sentence_similarity,flan-t5-large,negative_original,,9,43,success,
results\batch_logs\negative_original_batch_base.log,negative_original,sentence_similarity,flan-t5-large,negative_original,,9,44,success,
results\batch_logs\negative_original_batch_base.log,negative_original,sentence_similarity,flan-t5-large,negative_original,,10,42,success,
results\batch_logs\negative_original_batch_base.log,negative_original,sentence_similarity,flan-t5-large,negative_original,,10,43,success,
results\batch_logs\negative_original_batch_base.log,negative_original,sentence_similarity,flan-t5-large,negative_original,,10,44,success,
results\batch_logs\negative_original_batch_base.log,negative_original,sentiment,flan-t5-large,negative_original,,1,42,success,
results\batch_logs\negative_original_batch_base.log,negative_original,sentiment,flan-t5-large,negative_original,,1,43,success,
results\batch_logs\negative_original_batch_base.log,negative_original,sentiment,flan-t5-large,negative_original,,1,44,success,
results\batch_logs\negative_original_batch_base.log,negative_original,sentiment,flan-t5-large,negative_original,,2,42,success,
results\batch_logs\negative_original_batch_base.log,negative_original,sentiment,flan-t5-large,negative_original,,2,43,success,
results\batch_logs\negative_original_batch_base.log,negative_original,sentiment,flan-t5-large,negative_original,,2,44,success,
results\batch_logs\negative_original_batch_base.log,negative_original,sentiment,flan-t5-large,negative_original,,3,42,success,
results\batch_logs\negative_original_batch_base.log,negative_original,sentiment,flan-t5-large,negative_original,,3,43,success,
results\batch_logs\negative_original_batch_base.log,negative_original,sentiment,flan-t5-large,negative_original,,3,44,success,
results\batch_logs\negative_original_batch_base.log,negative_original,sentiment,flan-t5-large,negative_original,,4,42,success,
results\batch_logs\negative_original_batch_base.log,negative_original,sentiment,flan-t5-large,negative_original,,4,43,success,
results\batch_logs\negative_original_batch_base.log,negative_original,sentiment,flan-t5-large,negative_original,,4,44,success,
results\batch_logs\negative_original_batch_base.log,negative_original,sentiment,flan-t5-large,negative_original,,5,42,success,
results\batch_logs\negative_original_batch_base.log,negative_original,sentiment,flan-t5-large,negative_original,,5,43,success,
results\batch_logs\negative_original_batch_base.log,negative_original,sentiment,flan-t5-large,negative_original,,5,44,success,
results\batch_logs\negative_original_batch_base.log,negative_original,sentiment,flan-t5-large,negative_original,,6,42,success,
results\batch_logs\negative_original_batch_base.log,negative_original,sentiment,flan-t5-large,negative_original,,6,43,success,
results\batch_logs\negative_original_batch_base.log,negative_original,sentiment,flan-t5-large,negative_original,,6,44,success,
results\batch_logs\negative_original_batch_base.log,negative_original,sentiment,flan-t5-large,negative_original,,7,42,success,
results\batch_logs\negative_original_batch_base.log,negative_original,sentiment,flan-t5-large,negative_original,,7,43,success,
results\batch_logs\negative_original_batch_base.log,negative_original,sentiment,flan-t5-large,negative_original,,7,44,success,
results\batch_logs\negative_original_batch_base.log,negative_original,sentiment,flan-t5-large,negative_original,,8,42,success,
results\batch_logs\negative_original_batch_base.log,negative_original,sentiment,flan-t5-large,negative_original,,8,43,success,
results\batch_logs\negative_original_batch_base.log,negative_original,sentiment,flan-t5-large,negative_original,,8,44,success,
results\batch_logs\negative_original_batch_base.log,negative_original,sentiment,flan-t5-large,negative_original,,9,42,success,
results\batch_logs\negative_original_batch_base.log,negative_original,sentiment,flan-t5-large,negative_original,,9,43,success,
results\batch_logs\negative_original_batch_base.log,negative_original,sentiment,flan-t5-large,negative_original,,9,44,success,
results\batch_logs\negative_original_batch_base.log,negative_original,sentiment,flan-t5-large,negative_original,,10,42,success,
results\batch_logs\negative_original_batch_base.log,negative_original,sentiment,flan-t5-large,negative_original,,10,43,success,
results\batch_logs\negative_original_batch_base.log,negative_original,sentiment,flan-t5-large,negative_original,,10,44,success,
results\batch_logs\negative_original_batch_base.log,negative_original,singular_to_plural,flan-t5-large,negative_original,,1,42,success,
results\batch_logs\negative_original_batch_base.log,negative_original,singular_to_plural,flan-t5-large,negative_original,,1,43,success,
results\batch_logs\negative_original_batch_base.log,negative_original,singular_to_plural,flan-t5-large,negative_original,,1,44,success,
results\batch_logs\negative_original_batch_base.log,negative_original,singular_to_plural,flan-t5-large,negative_original,,2,42,success,
results\batch_logs\negative_original_batch_base.log,negative_original,singular_to_plural,flan-t5-large,negative_original,,2,43,success,
results\batch_logs\negative_original_batch_base.log,negative_original,singular_to_plural,flan-t5-large,negative_original,,2,44,success,
results\batch_logs\negative_original_batch_base.log,negative_original,singular_to_plural,flan-t5-large,negative_original,,3,42,success,
results\batch_logs\negative_original_batch_base.log,negative_original,singular_to_plural,flan-t5-large,negative_original,,3,43,success,
results\batch_logs\negative_original_batch_base.log,negative_original,singular_to_plural,flan-t5-large,negative_original,,3,44,success,
results\batch_logs\negative_original_batch_base.log,negative_original,singular_to_plural,flan-t5-large,negative_original,,4,42,success,
results\batch_logs\negative_original_batch_base.log,negative_original,singular_to_plural,flan-t5-large,negative_original,,4,43,success,
results\batch_logs\negative_original_batch_base.log,negative_original,singular_to_plural,flan-t5-large,negative_original,,4,44,success,
results\batch_logs\negative_original_batch_base.log,negative_original,singular_to_plural,flan-t5-large,negative_original,,5,42,success,
results\batch_logs\negative_original_batch_base.log,negative_original,singular_to_plural,flan-t5-large,negative_original,,5,43,success,
results\batch_logs\negative_original_batch_base.log,negative_original,singular_to_plural,flan-t5-large,negative_original,,5,44,success,
results\batch_logs\negative_original_batch_base.log,negative_original,singular_to_plural,flan-t5-large,negative_original,,6,42,success,
results\batch_logs\negative_original_batch_base.log,negative_original,singular_to_plural,flan-t5-large,negative_original,,6,43,success,
results\batch_logs\negative_original_batch_base.log,negative_original,singular_to_plural,flan-t5-large,negative_original,,6,44,success,
results\batch_logs\negative_original_batch_base.log,negative_original,singular_to_plural,flan-t5-large,negative_original,,7,42,success,
results\batch_logs\negative_original_batch_base.log,negative_original,singular_to_plural,flan-t5-large,negative_original,,7,43,success,
results\batch_logs\negative_original_batch_base.log,negative_original,singular_to_plural,flan-t5-large,negative_original,,7,44,success,
results\batch_logs\negative_original_batch_base.log,negative_original,singular_to_plural,flan-t5-large,negative_original,,8,42,success,
results\batch_logs\negative_original_batch_base.log,negative_original,singular_to_plural,flan-t5-large,negative_original,,8,43,success,
results\batch_logs\negative_original_batch_base.log,negative_original,singular_to_plural,flan-t5-large,negative_original,,8,44,success,
results\batch_logs\negative_original_batch_base.log,negative_original,singular_to_plural,flan-t5-large,negative_original,,9,42,success,
results\batch_logs\negative_original_batch_base.log,negative_original,singular_to_plural,flan-t5-large,negative_original,,9,43,success,
results\batch_logs\negative_original_batch_base.log,negative_original,singular_to_plural,flan-t5-large,negative_original,,9,44,success,
results\batch_logs\negative_original_batch_base.log,negative_original,singular_to_plural,flan-t5-large,negative_original,,10,42,success,
results\batch_logs\negative_original_batch_base.log,negative_original,singular_to_plural,flan-t5-large,negative_original,,10,43,success,
results\batch_logs\negative_original_batch_base.log,negative_original,singular_to_plural,flan-t5-large,negative_original,,10,44,success,
results\batch_logs\negative_original_batch_base.log,negative_original,sum,flan-t5-large,negative_original,,1,42,success,
results\batch_logs\negative_original_batch_base.log,negative_original,sum,flan-t5-large,negative_original,,1,43,success,
results\batch_logs\negative_original_batch_base.log,negative_original,sum,flan-t5-large,negative_original,,1,44,success,
results\batch_logs\negative_original_batch_base.log,negative_original,sum,flan-t5-large,negative_original,,2,42,success,
results\batch_logs\negative_original_batch_base.log,negative_original,sum,flan-t5-large,negative_original,,2,43,success,
results\batch_logs\negative_original_batch_base.log,negative_original,sum,flan-t5-large,negative_original,,2,44,success,
results\batch_logs\negative_original_batch_base.log,negative_original,sum,flan-t5-large,negative_original,,3,42,success,
results\batch_logs\negative_original_batch_base.log,negative_original,sum,flan-t5-large,negative_original,,3,43,success,
results\batch_logs\negative_original_batch_base.log,negative_original,sum,flan-t5-large,negative_original,,3,44,success,
results\batch_logs\negative_original_batch_base.log,negative_original,sum,flan-t5-large,negative_original,,4,42,success,
results\batch_logs\negative_original_batch_base.log,negative_original,sum,flan-t5-large,negative_original,,4,43,success,
results\batch_logs\negative_original_batch_base.log,negative_original,sum,flan-t5-large,negative_original,,4,44,success,
results\batch_logs\negative_original_batch_base.log,negative_original,sum,flan-t5-large,negative_original,,5,42,success,
results\batch_logs\negative_original_batch_base.log,negative_original,sum,flan-t5-large,negative_original,,5,43,success,
results\batch_logs\negative_original_batch_base.log,negative_original,sum,flan-t5-large,negative_original,,5,44,success,
results\batch_logs\negative_original_batch_base.log,negative_original,sum,flan-t5-large,negative_original,,6,42,success,
results\batch_logs\negative_original_batch_base.log,negative_original,sum,flan-t5-large,negative_original,,6,43,success,
results\batch_logs\negative_original_batch_base.log,negative_original,sum,flan-t5-large,negative_original,,6,44,success,
results\batch_logs\negative_original_batch_base.log,negative_original,sum,flan-t5-large,negative_original,,7,42,success,
results\batch_logs\negative_original_batch_base.log,negative_original,sum,flan-t5-large,negative_original,,7,43,success,
results\batch_logs\negative_original_batch_base.log,negative_original,sum,flan-t5-large,negative_original,,7,44,success,
results\batch_logs\negative_original_batch_base.log,negative_original,sum,flan-t5-large,negative_original,,8,42,success,
results\batch_logs\negative_original_batch_base.log,negative_original,sum,flan-t5-large,negative_original,,8,43,success,
results\batch_logs\negative_original_batch_base.log,negative_original,sum,flan-t5-large,negative_original,,8,44,success,
results\batch_logs\negative_original_batch_base.log,negative_original,sum,flan-t5-large,negative_original,,9,42,success,
results\batch_logs\negative_original_batch_base.log,negative_original,sum,flan-t5-large,negative_original,,9,43,success,
results\batch_logs\negative_original_batch_base.log,negative_original,sum,flan-t5-large,negative_original,,9,44,success,
results\batch_logs\negative_original_batch_base.log,negative_original,sum,flan-t5-large,negative_original,,10,42,success,
results\batch_logs\negative_original_batch_base.log,negative_original,sum,flan-t5-large,negative_original,,10,43,success,
results\batch_logs\negative_original_batch_base.log,negative_original,sum,flan-t5-large,negative_original,,10,44,success,
results\batch_logs\negative_original_batch_base.log,negative_original,synonyms,flan-t5-large,negative_original,,1,42,success,
results\batch_logs\negative_original_batch_base.log,negative_original,synonyms,flan-t5-large,negative_original,,1,43,success,
results\batch_logs\negative_original_batch_base.log,negative_original,synonyms,flan-t5-large,negative_original,,1,44,success,
results\batch_logs\negative_original_batch_base.log,negative_original,synonyms,flan-t5-large,negative_original,,2,42,success,
results\batch_logs\negative_original_batch_base.log,negative_original,synonyms,flan-t5-large,negative_original,,2,43,success,
results\batch_logs\negative_original_batch_base.log,negative_original,synonyms,flan-t5-large,negative_original,,2,44,success,
results\batch_logs\negative_original_batch_base.log,negative_original,synonyms,flan-t5-large,negative_original,,3,42,success,
results\batch_logs\negative_original_batch_base.log,negative_original,synonyms,flan-t5-large,negative_original,,3,43,success,
results\batch_logs\negative_original_batch_base.log,negative_original,synonyms,flan-t5-large,negative_original,,3,44,success,
results\batch_logs\negative_original_batch_base.log,negative_original,synonyms,flan-t5-large,negative_original,,4,42,success,
results\batch_logs\negative_original_batch_base.log,negative_original,synonyms,flan-t5-large,negative_original,,4,43,success,
results\batch_logs\negative_original_batch_base.log,negative_original,synonyms,flan-t5-large,negative_original,,4,44,success,
results\batch_logs\negative_original_batch_base.log,negative_original,synonyms,flan-t5-large,negative_original,,5,42,success,
results\batch_logs\negative_original_batch_base.log,negative_original,synonyms,flan-t5-large,negative_original,,5,43,success,
results\batch_logs\negative_original_batch_base.log,negative_original,synonyms,flan-t5-large,negative_original,,5,44,success,
results\batch_logs\negative_original_batch_base.log,negative_original,synonyms,flan-t5-large,negative_original,,6,42,success,
results\batch_logs\negative_original_batch_base.log,negative_original,synonyms,flan-t5-large,negative_original,,6,43,success,
results\batch_logs\negative_original_batch_base.log,negative_original,synonyms,flan-t5-large,negative_original,,6,44,success,
results\batch_logs\negative_original_batch_base.log,negative_original,synonyms,flan-t5-large,negative_original,,7,42,success,
results\batch_logs\negative_original_batch_base.log,negative_original,synonyms,flan-t5-large,negative_original,,7,43,success,
results\batch_logs\negative_original_batch_base.log,negative_original,synonyms,flan-t5-large,negative_original,,7,44,success,
results\batch_logs\negative_original_batch_base.log,negative_original,synonyms,flan-t5-large,negative_original,,8,42,success,
results\batch_logs\negative_original_batch_base.log,negative_original,synonyms,flan-t5-large,negative_original,,8,43,success,
results\batch_logs\negative_original_batch_base.log,negative_original,synonyms,flan-t5-large,negative_original,,8,44,success,
results\batch_logs\negative_original_batch_base.log,negative_original,synonyms,flan-t5-large,negative_original,,9,42,success,
results\batch_logs\negative_original_batch_base.log,negative_original,synonyms,flan-t5-large,negative_original,,9,43,success,
results\batch_logs\negative_original_batch_base.log,negative_original,synonyms,flan-t5-large,negative_original,,9,44,success,
results\batch_logs\negative_original_batch_base.log,negative_original,synonyms,flan-t5-large,negative_original,,10,42,success,
results\batch_logs\negative_original_batch_base.log,negative_original,synonyms,flan-t5-large,negative_original,,10,43,success,
results\batch_logs\negative_original_batch_base.log,negative_original,synonyms,flan-t5-large,negative_original,,10,44,success,
results\batch_logs\negative_original_batch_base.log,negative_original,taxonomy_animal,flan-t5-large,negative_original,,1,42,success,
results\batch_logs\negative_original_batch_base.log,negative_original,taxonomy_animal,flan-t5-large,negative_original,,1,43,success,
results\batch_logs\negative_original_batch_base.log,negative_original,taxonomy_animal,flan-t5-large,negative_original,,1,44,success,
results\batch_logs\negative_original_batch_base.log,negative_original,taxonomy_animal,flan-t5-large,negative_original,,2,42,success,
results\batch_logs\negative_original_batch_base.log,negative_original,taxonomy_animal,flan-t5-large,negative_original,,2,43,success,
results\batch_logs\negative_original_batch_base.log,negative_original,taxonomy_animal,flan-t5-large,negative_original,,2,44,success,
results\batch_logs\negative_original_batch_base.log,negative_original,taxonomy_animal,flan-t5-large,negative_original,,3,42,success,
results\batch_logs\negative_original_batch_base.log,negative_original,taxonomy_animal,flan-t5-large,negative_original,,3,43,success,
results\batch_logs\negative_original_batch_base.log,negative_original,taxonomy_animal,flan-t5-large,negative_original,,3,44,success,
results\batch_logs\negative_original_batch_base.log,negative_original,taxonomy_animal,flan-t5-large,negative_original,,4,42,success,
results\batch_logs\negative_original_batch_base.log,negative_original,taxonomy_animal,flan-t5-large,negative_original,,4,43,success,
results\batch_logs\negative_original_batch_base.log,negative_original,taxonomy_animal,flan-t5-large,negative_original,,4,44,success,
results\batch_logs\negative_original_batch_base.log,negative_original,taxonomy_animal,flan-t5-large,negative_original,,5,42,success,
results\batch_logs\negative_original_batch_base.log,negative_original,taxonomy_animal,flan-t5-large,negative_original,,5,43,success,
results\batch_logs\negative_original_batch_base.log,negative_original,taxonomy_animal,flan-t5-large,negative_original,,5,44,success,
results\batch_logs\negative_original_batch_base.log,negative_original,taxonomy_animal,flan-t5-large,negative_original,,6,42,success,
results\batch_logs\negative_original_batch_base.log,negative_original,taxonomy_animal,flan-t5-large,negative_original,,6,43,success,
results\batch_logs\negative_original_batch_base.log,negative_original,taxonomy_animal,flan-t5-large,negative_original,,6,44,success,
results\batch_logs\negative_original_batch_base.log,negative_original,taxonomy_animal,flan-t5-large,negative_original,,7,42,success,
results\batch_logs\negative_original_batch_base.log,negative_original,taxonomy_animal,flan-t5-large,negative_original,,7,43,success,
results\batch_logs\negative_original_batch_base.log,negative_original,taxonomy_animal,flan-t5-large,negative_original,,7,44,success,
results\batch_logs\negative_original_batch_base.log,negative_original,taxonomy_animal,flan-t5-large,negative_original,,8,42,success,
results\batch_logs\negative_original_batch_base.log,negative_original,taxonomy_animal,flan-t5-large,negative_original,,8,43,success,
results\batch_logs\negative_original_batch_base.log,negative_original,taxonomy_animal,flan-t5-large,negative_original,,8,44,success,
results\batch_logs\negative_original_batch_base.log,negative_original,taxonomy_animal,flan-t5-large,negative_original,,9,42,success,
results\batch_logs\negative_original_batch_base.log,negative_original,taxonomy_animal,flan-t5-large,negative_original,,9,43,success,
results\batch_logs\negative_original_batch_base.log,negative_original,taxonomy_animal,flan-t5-large,negative_original,,9,44,success,
results\batch_logs\negative_original_batch_base.log,negative_original,taxonomy_animal,flan-t5-large,negative_original,,10,42,success,
results\batch_logs\negative_original_batch_base.log,negative_original,taxonomy_animal,flan-t5-large,negative_original,,10,43,success,
results\batch_logs\negative_original_batch_base.log,negative_original,taxonomy_animal,flan-t5-large,negative_original,,10,44,success,
results\batch_logs\negative_original_batch_base.log,negative_original,translation_en-de,flan-t5-large,negative_original,,1,42,success,
results\batch_logs\negative_original_batch_base.log,negative_original,translation_en-de,flan-t5-large,negative_original,,1,43,success,
results\batch_logs\negative_original_batch_base.log,negative_original,translation_en-de,flan-t5-large,negative_original,,1,44,success,
results\batch_logs\negative_original_batch_base.log,negative_original,translation_en-de,flan-t5-large,negative_original,,2,42,failed,Traceback (most recent call last):
results\batch_logs\negative_original_batch_base.log,negative_original,translation_en-de,flan-t5-large,negative_original,,2,43,failed,Traceback (most recent call last):
results\batch_logs\negative_original_batch_base.log,negative_original,translation_en-de,flan-t5-large,negative_original,,2,44,failed,Traceback (most recent call last):
results\batch_logs\negative_original_batch_base.log,negative_original,translation_en-de,flan-t5-large,negative_original,,3,42,failed,Traceback (most recent call last):
results\batch_logs\negative_original_batch_base.log,negative_original,translation_en-de,flan-t5-large,negative_original,,3,43,failed,Traceback (most recent call last):
results\batch_logs\negative_original_batch_base.log,negative_original,translation_en-de,flan-t5-large,negative_original,,3,44,failed,Traceback (most recent call last):
results\batch_logs\negative_original_batch_base.log,negative_original,translation_en-de,flan-t5-large,negative_original,,4,42,failed,Traceback (most recent call last):
results\batch_logs\negative_original_batch_base.log,negative_original,translation_en-de,flan-t5-large,negative_original,,4,43,failed,Traceback (most recent call last):
results\batch_logs\negative_original_batch_base.log,negative_original,translation_en-de,flan-t5-large,negative_original,,4,44,failed,Traceback (most recent call last):
results\batch_logs\negative_original_batch_base.log,negative_original,translation_en-de,flan-t5-large,negative_original,,5,42,failed,Traceback (most recent call last):
results\batch_logs\negative_original_batch_base.log,negative_original,translation_en-de,flan-t5-large,negative_original,,5,43,failed,Traceback (most recent call last):
results\batch_logs\negative_original_batch_base.log,negative_original,translation_en-de,flan-t5-large,negative_original,,5,44,failed,Traceback (most recent call last):
results\batch_logs\negative_original_batch_base.log,negative_original,translation_en-de,flan-t5-large,negative_original,,6,42,success,
results\batch_logs\negative_original_batch_base.log,negative_original,translation_en-de,flan-t5-large,negative_original,,6,43,success,
results\batch_logs\negative_original_batch_base.log,negative_original,translation_en-de,flan-t5-large,negative_original,,6,44,success,
results\batch_logs\negative_original_batch_base.log,negative_original,translation_en-de,flan-t5-large,negative_original,,7,42,failed,Traceback (most recent call last):
results\batch_logs\negative_original_batch_base.log,negative_original,translation_en-de,flan-t5-large,negative_original,,7,43,failed,Traceback (most recent call last):
results\batch_logs\negative_original_batch_base.log,negative_original,translation_en-de,flan-t5-large,negative_original,,7,44,failed,Traceback (most recent call last):
results\batch_logs\negative_original_batch_base.log,negative_original,translation_en-de,flan-t5-large,negative_original,,8,42,success,
results\batch_logs\negative_original_batch_base.log,negative_original,translation_en-de,flan-t5-large,negative_original,,8,43,success,
results\batch_logs\negative_original_batch_base.log,negative_original,translation_en-de,flan-t5-large,negative_original,,8,44,success,
results\batch_logs\negative_original_batch_base.log,negative_original,translation_en-de,flan-t5-large,negative_original,,9,42,failed,Traceback (most recent call last):
results\batch_logs\negative_original_batch_base.log,negative_original,translation_en-de,flan-t5-large,negative_original,,9,43,failed,Traceback (most recent call last):
results\batch_logs\negative_original_batch_base.log,negative_original,translation_en-de,flan-t5-large,negative_original,,9,44,failed,Traceback (most recent call last):
results\batch_logs\negative_original_batch_base.log,negative_original,translation_en-de,flan-t5-large,negative_original,,10,42,failed,Traceback (most recent call last):
results\batch_logs\negative_original_batch_base.log,negative_original,translation_en-de,flan-t5-large,negative_original,,10,43,failed,Traceback (most recent call last):
results\batch_logs\negative_original_batch_base.log,negative_original,translation_en-de,flan-t5-large,negative_original,,10,44,failed,Traceback (most recent call last):
results\batch_logs\negative_original_batch_base.log,negative_original,translation_en-es,flan-t5-large,negative_original,,1,42,success,
results\batch_logs\negative_original_batch_base.log,negative_original,translation_en-es,flan-t5-large,negative_original,,1,43,success,
results\batch_logs\negative_original_batch_base.log,negative_original,translation_en-es,flan-t5-large,negative_original,,1,44,success,
results\batch_logs\negative_original_batch_base.log,negative_original,translation_en-es,flan-t5-large,negative_original,,2,42,success,
results\batch_logs\negative_original_batch_base.log,negative_original,translation_en-es,flan-t5-large,negative_original,,2,43,success,
results\batch_logs\negative_original_batch_base.log,negative_original,translation_en-es,flan-t5-large,negative_original,,2,44,success,
results\batch_logs\negative_original_batch_base.log,negative_original,translation_en-es,flan-t5-large,negative_original,,3,42,success,
results\batch_logs\negative_original_batch_base.log,negative_original,translation_en-es,flan-t5-large,negative_original,,3,43,success,
results\batch_logs\negative_original_batch_base.log,negative_original,translation_en-es,flan-t5-large,negative_original,,3,44,success,
results\batch_logs\negative_original_batch_base.log,negative_original,translation_en-es,flan-t5-large,negative_original,,4,42,success,
results\batch_logs\negative_original_batch_base.log,negative_original,translation_en-es,flan-t5-large,negative_original,,4,43,success,
results\batch_logs\negative_original_batch_base.log,negative_original,translation_en-es,flan-t5-large,negative_original,,4,44,success,
results\batch_logs\negative_original_batch_base.log,negative_original,translation_en-es,flan-t5-large,negative_original,,5,42,success,
results\batch_logs\negative_original_batch_base.log,negative_original,translation_en-es,flan-t5-large,negative_original,,5,43,success,
results\batch_logs\negative_original_batch_base.log,negative_original,translation_en-es,flan-t5-large,negative_original,,5,44,success,
results\batch_logs\negative_original_batch_base.log,negative_original,translation_en-es,flan-t5-large,negative_original,,6,42,success,
results\batch_logs\negative_original_batch_base.log,negative_original,translation_en-es,flan-t5-large,negative_original,,6,43,success,
results\batch_logs\negative_original_batch_base.log,negative_original,translation_en-es,flan-t5-large,negative_original,,6,44,success,
results\batch_logs\negative_original_batch_base.log,negative_original,translation_en-es,flan-t5-large,negative_original,,7,42,success,
results\batch_logs\negative_original_batch_base.log,negative_original,translation_en-es,flan-t5-large,negative_original,,7,43,success,
results\batch_logs\negative_original_batch_base.log,negative_original,translation_en-es,flan-t5-large,negative_original,,7,44,success,
results\batch_logs\negative_original_batch_base.log,negative_original,translation_en-es,flan-t5-large,negative_original,,8,42,success,
results\batch_logs\negative_original_batch_base.log,negative_original,translation_en-es,flan-t5-large,negative_original,,8,43,success,
results\batch_logs\negative_original_batch_base.log,negative_original,translation_en-es,flan-t5-large,negative_original,,8,44,success,
results\batch_logs\negative_original_batch_base.log,negative_original,translation_en-es,flan-t5-large,negative_original,,9,42,success,
results\batch_logs\negative_original_batch_base.log,negative_original,translation_en-es,flan-t5-large,negative_original,,9,43,success,
results\batch_logs\negative_original_batch_base.log,negative_original,translation_en-es,flan-t5-large,negative_original,,9,44,success,
results\batch_logs\negative_original_batch_base.log,negative_original,translation_en-es,flan-t5-large,negative_original,,10,42,success,
results\batch_logs\negative_original_batch_base.log,negative_original,translation_en-es,flan-t5-large,negative_original,,10,43,success,
results\batch_logs\negative_original_batch_base.log,negative_original,translation_en-es,flan-t5-large,negative_original,,10,44,success,
results\batch_logs\negative_original_batch_base.log,negative_original,translation_en-fr,flan-t5-large,negative_original,,1,42,success,
results\batch_logs\negative_original_batch_base.log,negative_original,translation_en-fr,flan-t5-large,negative_original,,1,43,success,
results\batch_logs\negative_original_batch_base.log,negative_original,translation_en-fr,flan-t5-large,negative_original,,1,44,success,
results\batch_logs\negative_original_batch_base.log,negative_original,translation_en-fr,flan-t5-large,negative_original,,2,42,success,
results\batch_logs\negative_original_batch_base.log,negative_original,translation_en-fr,flan-t5-large,negative_original,,2,43,success,
results\batch_logs\negative_original_batch_base.log,negative_original,translation_en-fr,flan-t5-large,negative_original,,2,44,success,
results\batch_logs\negative_original_batch_base.log,negative_original,translation_en-fr,flan-t5-large,negative_original,,3,42,success,
results\batch_logs\negative_original_batch_base.log,negative_original,translation_en-fr,flan-t5-large,negative_original,,3,43,success,
results\batch_logs\negative_original_batch_base.log,negative_original,translation_en-fr,flan-t5-large,negative_original,,3,44,success,
results\batch_logs\negative_original_batch_base.log,negative_original,translation_en-fr,flan-t5-large,negative_original,,4,42,success,
results\batch_logs\negative_original_batch_base.log,negative_original,translation_en-fr,flan-t5-large,negative_original,,4,43,success,
results\batch_logs\negative_original_batch_base.log,negative_original,translation_en-fr,flan-t5-large,negative_original,,4,44,success,
results\batch_logs\negative_original_batch_base.log,negative_original,translation_en-fr,flan-t5-large,negative_original,,5,42,success,
results\batch_logs\negative_original_batch_base.log,negative_original,translation_en-fr,flan-t5-large,negative_original,,5,43,success,
results\batch_logs\negative_original_batch_base.log,negative_original,translation_en-fr,flan-t5-large,negative_original,,5,44,success,
results\batch_logs\negative_original_batch_base.log,negative_original,translation_en-fr,flan-t5-large,negative_original,,6,42,success,
results\batch_logs\negative_original_batch_base.log,negative_original,translation_en-fr,flan-t5-large,negative_original,,6,43,success,
results\batch_logs\negative_original_batch_base.log,negative_original,translation_en-fr,flan-t5-large,negative_original,,6,44,success,
results\batch_logs\negative_original_batch_base.log,negative_original,translation_en-fr,flan-t5-large,negative_original,,7,42,success,
results\batch_logs\negative_original_batch_base.log,negative_original,translation_en-fr,flan-t5-large,negative_original,,7,43,success,
results\batch_logs\negative_original_batch_base.log,negative_original,translation_en-fr,flan-t5-large,negative_original,,7,44,success,
results\batch_logs\negative_original_batch_base.log,negative_original,translation_en-fr,flan-t5-large,negative_original,,8,42,success,
results\batch_logs\negative_original_batch_base.log,negative_original,translation_en-fr,flan-t5-large,negative_original,,8,43,success,
results\batch_logs\negative_original_batch_base.log,negative_original,translation_en-fr,flan-t5-large,negative_original,,8,44,success,
results\batch_logs\negative_original_batch_base.log,negative_original,translation_en-fr,flan-t5-large,negative_original,,9,42,success,
results\batch_logs\negative_original_batch_base.log,negative_original,translation_en-fr,flan-t5-large,negative_original,,9,43,success,
results\batch_logs\negative_original_batch_base.log,negative_original,translation_en-fr,flan-t5-large,negative_original,,9,44,success,
results\batch_logs\negative_original_batch_base.log,negative_original,translation_en-fr,flan-t5-large,negative_original,,10,42,success,
results\batch_logs\negative_original_batch_base.log,negative_original,translation_en-fr,flan-t5-large,negative_original,,10,43,success,
results\batch_logs\negative_original_batch_base.log,negative_original,translation_en-fr,flan-t5-large,negative_original,,10,44,success,
results\batch_logs\negative_original_batch_base.log,negative_original,word_in_context,flan-t5-large,negative_original,,1,42,success,
results\batch_logs\negative_original_batch_base.log,negative_original,word_in_context,flan-t5-large,negative_original,,1,43,success,
results\batch_logs\negative_original_batch_base.log,negative_original,word_in_context,flan-t5-large,negative_original,,1,44,success,
results\batch_logs\negative_original_batch_base.log,negative_original,word_in_context,flan-t5-large,negative_original,,2,42,success,
results\batch_logs\negative_original_batch_base.log,negative_original,word_in_context,flan-t5-large,negative_original,,2,43,success,
results\batch_logs\negative_original_batch_base.log,negative_original,word_in_context,flan-t5-large,negative_original,,2,44,success,
results\batch_logs\negative_original_batch_base.log,negative_original,word_in_context,flan-t5-large,negative_original,,3,42,success,
results\batch_logs\negative_original_batch_base.log,negative_original,word_in_context,flan-t5-large,negative_original,,3,43,success,
results\batch_logs\negative_original_batch_base.log,negative_original,word_in_context,flan-t5-large,negative_original,,3,44,success,
results\batch_logs\negative_original_batch_base.log,negative_original,word_in_context,flan-t5-large,negative_original,,4,42,success,
results\batch_logs\negative_original_batch_base.log,negative_original,word_in_context,flan-t5-large,negative_original,,4,43,success,
results\batch_logs\negative_original_batch_base.log,negative_original,word_in_context,flan-t5-large,negative_original,,4,44,success,
results\batch_logs\negative_original_batch_base.log,negative_original,word_in_context,flan-t5-large,negative_original,,5,42,success,
results\batch_logs\negative_original_batch_base.log,negative_original,word_in_context,flan-t5-large,negative_original,,5,43,success,
results\batch_logs\negative_original_batch_base.log,negative_original,word_in_context,flan-t5-large,negative_original,,5,44,success,
results\batch_logs\negative_original_batch_base.log,negative_original,word_in_context,flan-t5-large,negative_original,,6,42,success,
results\batch_logs\negative_original_batch_base.log,negative_original,word_in_context,flan-t5-large,negative_original,,6,43,success,
results\batch_logs\negative_original_batch_base.log,negative_original,word_in_context,flan-t5-large,negative_original,,6,44,success,
results\batch_logs\negative_original_batch_base.log,negative_original,word_in_context,flan-t5-large,negative_original,,7,42,success,
results\batch_logs\negative_original_batch_base.log,negative_original,word_in_context,flan-t5-large,negative_original,,7,43,success,
results\batch_logs\negative_original_batch_base.log,negative_original,word_in_context,flan-t5-large,negative_original,,7,44,success,
results\batch_logs\negative_original_batch_base.log,negative_original,word_in_context,flan-t5-large,negative_original,,8,42,success,
results\batch_logs\negative_original_batch_base.log,negative_original,word_in_context,flan-t5-large,negative_original,,8,43,success,
results\batch_logs\negative_original_batch_base.log,negative_original,word_in_context,flan-t5-large,negative_original,,8,44,success,
results\batch_logs\negative_original_batch_base.log,negative_original,word_in_context,flan-t5-large,negative_original,,9,42,success,
results\batch_logs\negative_original_batch_base.log,negative_original,word_in_context,flan-t5-large,negative_original,,9,43,success,
results\batch_logs\negative_original_batch_base.log,negative_original,word_in_context,flan-t5-large,negative_original,,9,44,success,
results\batch_logs\negative_original_batch_base.log,negative_original,word_in_context,flan-t5-large,negative_original,,10,42,success,
results\batch_logs\negative_original_batch_base.log,negative_original,word_in_context,flan-t5-large,negative_original,,10,43,success,
results\batch_logs\negative_original_batch_base.log,negative_original,word_in_context,flan-t5-large,negative_original,,10,44,success,
