task,model,stimulus_group,stimulus_index,legacy_pnum,few_shot,seed,temperature,do_sample,score,run_time_seconds,avg_time_per_sample_seconds,_source
active_to_passive,flan-t5-large,ambiguous,1,0,False,42,0.0,False,0.01,25.721,0.257,C:\Users\Thundercrow\Desktop\DESCARTES\M2\NegativePrompt_H1\results\ambiguous\flan-t5-large\results.csv
active_to_passive,flan-t5-large,ambiguous,1,0,False,43,0.0,False,0.01,25.205,0.252,C:\Users\Thundercrow\Desktop\DESCARTES\M2\NegativePrompt_H1\results\ambiguous\flan-t5-large\results.csv
active_to_passive,flan-t5-large,ambiguous,1,0,False,44,0.0,False,0.01,25.381,0.254,C:\Users\Thundercrow\Desktop\DESCARTES\M2\NegativePrompt_H1\results\ambiguous\flan-t5-large\results.csv
active_to_passive,flan-t5-large,ambiguous,2,0,False,42,0.0,False,0.02,25.887,0.259,C:\Users\Thundercrow\Desktop\DESCARTES\M2\NegativePrompt_H1\results\ambiguous\flan-t5-large\results.csv
active_to_passive,flan-t5-large,ambiguous,2,0,False,43,0.0,False,0.02,25.762,0.258,C:\Users\Thundercrow\Desktop\DESCARTES\M2\NegativePrompt_H1\results\ambiguous\flan-t5-large\results.csv
active_to_passive,flan-t5-large,ambiguous,2,0,False,44,0.0,False,0.02,25.652,0.257,C:\Users\Thundercrow\Desktop\DESCARTES\M2\NegativePrompt_H1\results\ambiguous\flan-t5-large\results.csv
active_to_passive,flan-t5-large,ambiguous,3,0,False,42,0.0,False,0.04,25.681,0.257,C:\Users\Thundercrow\Desktop\DESCARTES\M2\NegativePrompt_H1\results\ambiguous\flan-t5-large\results.csv
active_to_passive,flan-t5-large,ambiguous,3,0,False,43,0.0,False,0.04,25.652,0.257,C:\Users\Thundercrow\Desktop\DESCARTES\M2\NegativePrompt_H1\results\ambiguous\flan-t5-large\results.csv
active_to_passive,flan-t5-large,ambiguous,3,0,False,44,0.0,False,0.04,25.727,0.257,C:\Users\Thundercrow\Desktop\DESCARTES\M2\NegativePrompt_H1\results\ambiguous\flan-t5-large\results.csv
active_to_passive,flan-t5-large,ambiguous,4,0,False,42,0.0,False,0.01,25.496,0.255,C:\Users\Thundercrow\Desktop\DESCARTES\M2\NegativePrompt_H1\results\ambiguous\flan-t5-large\results.csv
active_to_passive,flan-t5-large,ambiguous,4,0,False,43,0.0,False,0.01,25.254,0.253,C:\Users\Thundercrow\Desktop\DESCARTES\M2\NegativePrompt_H1\results\ambiguous\flan-t5-large\results.csv
active_to_passive,flan-t5-large,ambiguous,4,0,False,44,0.0,False,0.01,25.403,0.254,C:\Users\Thundercrow\Desktop\DESCARTES\M2\NegativePrompt_H1\results\ambiguous\flan-t5-large\results.csv
active_to_passive,flan-t5-large,negative_control,1,0,False,42,0.0,False,0.06,,,C:\Users\Thundercrow\Desktop\DESCARTES\M2\NegativePrompt_H1\results\negative_control\flan-t5-large\results.csv
active_to_passive,flan-t5-large,negative_control,1,0,False,43,0.0,False,0.06,,,C:\Users\Thundercrow\Desktop\DESCARTES\M2\NegativePrompt_H1\results\negative_control\flan-t5-large\results.csv
active_to_passive,flan-t5-large,negative_control,1,0,False,44,0.0,False,0.06,,,C:\Users\Thundercrow\Desktop\DESCARTES\M2\NegativePrompt_H1\results\negative_control\flan-t5-large\results.csv
active_to_passive,flan-t5-large,negative_control,2,0,False,42,0.0,False,0.02,,,C:\Users\Thundercrow\Desktop\DESCARTES\M2\NegativePrompt_H1\results\negative_control\flan-t5-large\results.csv
active_to_passive,flan-t5-large,negative_control,2,0,False,43,0.0,False,0.02,,,C:\Users\Thundercrow\Desktop\DESCARTES\M2\NegativePrompt_H1\results\negative_control\flan-t5-large\results.csv
active_to_passive,flan-t5-large,negative_control,2,0,False,44,0.0,False,0.02,,,C:\Users\Thundercrow\Desktop\DESCARTES\M2\NegativePrompt_H1\results\negative_control\flan-t5-large\results.csv
active_to_passive,flan-t5-large,negative_control,3,0,False,42,0.0,False,0.01,,,C:\Users\Thundercrow\Desktop\DESCARTES\M2\NegativePrompt_H1\results\negative_control\flan-t5-large\results.csv
active_to_passive,flan-t5-large,negative_control,3,0,False,43,0.0,False,0.01,,,C:\Users\Thundercrow\Desktop\DESCARTES\M2\NegativePrompt_H1\results\negative_control\flan-t5-large\results.csv
active_to_passive,flan-t5-large,negative_control,3,0,False,44,0.0,False,0.01,,,C:\Users\Thundercrow\Desktop\DESCARTES\M2\NegativePrompt_H1\results\negative_control\flan-t5-large\results.csv
active_to_passive,flan-t5-large,negative_control,4,0,False,42,0.0,False,0.03,,,C:\Users\Thundercrow\Desktop\DESCARTES\M2\NegativePrompt_H1\results\negative_control\flan-t5-large\results.csv
active_to_passive,flan-t5-large,negative_control,4,0,False,43,0.0,False,0.03,,,C:\Users\Thundercrow\Desktop\DESCARTES\M2\NegativePrompt_H1\results\negative_control\flan-t5-large\results.csv
active_to_passive,flan-t5-large,negative_control,4,0,False,44,0.0,False,0.03,,,C:\Users\Thundercrow\Desktop\DESCARTES\M2\NegativePrompt_H1\results\negative_control\flan-t5-large\results.csv
active_to_passive,flan-t5-large,negative_original,,1,False,42,0.0,False,0.01,,,C:\Users\Thundercrow\Desktop\DESCARTES\M2\NegativePrompt_H1\results\negative_original\flan-t5-large\results.csv
active_to_passive,flan-t5-large,negative_original,,1,False,43,0.0,False,0.01,,,C:\Users\Thundercrow\Desktop\DESCARTES\M2\NegativePrompt_H1\results\negative_original\flan-t5-large\results.csv
active_to_passive,flan-t5-large,negative_original,,1,False,44,0.0,False,0.01,,,C:\Users\Thundercrow\Desktop\DESCARTES\M2\NegativePrompt_H1\results\negative_original\flan-t5-large\results.csv
active_to_passive,flan-t5-large,negative_original,,2,False,42,0.0,False,0.0,,,C:\Users\Thundercrow\Desktop\DESCARTES\M2\NegativePrompt_H1\results\negative_original\flan-t5-large\results.csv
active_to_passive,flan-t5-large,negative_original,,2,False,43,0.0,False,0.0,,,C:\Users\Thundercrow\Desktop\DESCARTES\M2\NegativePrompt_H1\results\negative_original\flan-t5-large\results.csv
active_to_passive,flan-t5-large,negative_original,,2,False,44,0.0,False,0.0,,,C:\Users\Thundercrow\Desktop\DESCARTES\M2\NegativePrompt_H1\results\negative_original\flan-t5-large\results.csv
active_to_passive,flan-t5-large,negative_original,,3,False,42,0.0,False,0.0,,,C:\Users\Thundercrow\Desktop\DESCARTES\M2\NegativePrompt_H1\results\negative_original\flan-t5-large\results.csv
active_to_passive,flan-t5-large,negative_original,,3,False,43,0.0,False,0.0,,,C:\Users\Thundercrow\Desktop\DESCARTES\M2\NegativePrompt_H1\results\negative_original\flan-t5-large\results.csv
active_to_passive,flan-t5-large,negative_original,,3,False,44,0.0,False,0.0,,,C:\Users\Thundercrow\Desktop\DESCARTES\M2\NegativePrompt_H1\results\negative_original\flan-t5-large\results.csv
active_to_passive,flan-t5-large,negative_original,,4,False,42,0.0,False,0.0,,,C:\Users\Thundercrow\Desktop\DESCARTES\M2\NegativePrompt_H1\results\negative_original\flan-t5-large\results.csv
active_to_passive,flan-t5-large,negative_original,,4,False,43,0.0,False,0.0,,,C:\Users\Thundercrow\Desktop\DESCARTES\M2\NegativePrompt_H1\results\negative_original\flan-t5-large\results.csv
active_to_passive,flan-t5-large,negative_original,,4,False,44,0.0,False,0.0,,,C:\Users\Thundercrow\Desktop\DESCARTES\M2\NegativePrompt_H1\results\negative_original\flan-t5-large\results.csv
active_to_passive,flan-t5-large,neutral,1,0,False,42,0.0,False,0.0,,,C:\Users\Thundercrow\Desktop\DESCARTES\M2\NegativePrompt_H1\results\neutral\flan-t5-large\results.csv
active_to_passive,flan-t5-large,neutral,1,0,False,43,0.0,False,0.0,,,C:\Users\Thundercrow\Desktop\DESCARTES\M2\NegativePrompt_H1\results\neutral\flan-t5-large\results.csv
active_to_passive,flan-t5-large,neutral,1,0,False,44,0.0,False,0.0,,,C:\Users\Thundercrow\Desktop\DESCARTES\M2\NegativePrompt_H1\results\neutral\flan-t5-large\results.csv
active_to_passive,flan-t5-large,neutral,2,0,False,42,0.0,False,0.09,,,C:\Users\Thundercrow\Desktop\DESCARTES\M2\NegativePrompt_H1\results\neutral\flan-t5-large\results.csv
active_to_passive,flan-t5-large,neutral,2,0,False,43,0.0,False,0.09,,,C:\Users\Thundercrow\Desktop\DESCARTES\M2\NegativePrompt_H1\results\neutral\flan-t5-large\results.csv
active_to_passive,flan-t5-large,neutral,2,0,False,44,0.0,False,0.09,,,C:\Users\Thundercrow\Desktop\DESCARTES\M2\NegativePrompt_H1\results\neutral\flan-t5-large\results.csv
active_to_passive,flan-t5-large,neutral,3,0,False,42,0.0,False,0.02,,,C:\Users\Thundercrow\Desktop\DESCARTES\M2\NegativePrompt_H1\results\neutral\flan-t5-large\results.csv
active_to_passive,flan-t5-large,neutral,3,0,False,43,0.0,False,0.02,,,C:\Users\Thundercrow\Desktop\DESCARTES\M2\NegativePrompt_H1\results\neutral\flan-t5-large\results.csv
active_to_passive,flan-t5-large,neutral,3,0,False,44,0.0,False,0.02,,,C:\Users\Thundercrow\Desktop\DESCARTES\M2\NegativePrompt_H1\results\neutral\flan-t5-large\results.csv
active_to_passive,flan-t5-large,neutral,4,0,False,42,0.0,False,0.03,,,C:\Users\Thundercrow\Desktop\DESCARTES\M2\NegativePrompt_H1\results\neutral\flan-t5-large\results.csv
active_to_passive,flan-t5-large,neutral,4,0,False,43,0.0,False,0.03,,,C:\Users\Thundercrow\Desktop\DESCARTES\M2\NegativePrompt_H1\results\neutral\flan-t5-large\results.csv
active_to_passive,flan-t5-large,neutral,4,0,False,44,0.0,False,0.03,,,C:\Users\Thundercrow\Desktop\DESCARTES\M2\NegativePrompt_H1\results\neutral\flan-t5-large\results.csv
active_to_passive,flan-t5-large,positive,1,0,False,42,0.0,False,0.02,26.280,0.263,C:\Users\Thundercrow\Desktop\DESCARTES\M2\NegativePrompt_H1\results\positive\flan-t5-large\results.csv
active_to_passive,flan-t5-large,positive,1,0,False,43,0.0,False,0.02,25.721,0.257,C:\Users\Thundercrow\Desktop\DESCARTES\M2\NegativePrompt_H1\results\positive\flan-t5-large\results.csv
active_to_passive,flan-t5-large,positive,1,0,False,44,0.0,False,0.02,25.644,0.256,C:\Users\Thundercrow\Desktop\DESCARTES\M2\NegativePrompt_H1\results\positive\flan-t5-large\results.csv
active_to_passive,flan-t5-large,positive,2,0,False,42,0.0,False,0.02,25.794,0.258,C:\Users\Thundercrow\Desktop\DESCARTES\M2\NegativePrompt_H1\results\positive\flan-t5-large\results.csv
active_to_passive,flan-t5-large,positive,2,0,False,43,0.0,False,0.02,25.731,0.257,C:\Users\Thundercrow\Desktop\DESCARTES\M2\NegativePrompt_H1\results\positive\flan-t5-large\results.csv
active_to_passive,flan-t5-large,positive,2,0,False,44,0.0,False,0.02,25.825,0.258,C:\Users\Thundercrow\Desktop\DESCARTES\M2\NegativePrompt_H1\results\positive\flan-t5-large\results.csv
active_to_passive,flan-t5-large,positive,3,0,False,42,0.0,False,0.05,26.025,0.260,C:\Users\Thundercrow\Desktop\DESCARTES\M2\NegativePrompt_H1\results\positive\flan-t5-large\results.csv
active_to_passive,flan-t5-large,positive,3,0,False,43,0.0,False,0.05,25.512,0.255,C:\Users\Thundercrow\Desktop\DESCARTES\M2\NegativePrompt_H1\results\positive\flan-t5-large\results.csv
active_to_passive,flan-t5-large,positive,3,0,False,44,0.0,False,0.05,25.973,0.260,C:\Users\Thundercrow\Desktop\DESCARTES\M2\NegativePrompt_H1\results\positive\flan-t5-large\results.csv
active_to_passive,flan-t5-large,positive,4,0,False,42,0.0,False,0.03,25.676,0.257,C:\Users\Thundercrow\Desktop\DESCARTES\M2\NegativePrompt_H1\results\positive\flan-t5-large\results.csv
active_to_passive,flan-t5-large,positive,4,0,False,43,0.0,False,0.03,25.669,0.257,C:\Users\Thundercrow\Desktop\DESCARTES\M2\NegativePrompt_H1\results\positive\flan-t5-large\results.csv
active_to_passive,flan-t5-large,positive,4,0,False,44,0.0,False,0.03,25.676,0.257,C:\Users\Thundercrow\Desktop\DESCARTES\M2\NegativePrompt_H1\results\positive\flan-t5-large\results.csv
antonyms,flan-t5-large,ambiguous,1,0,False,42,0.0,False,0.56,13.268,0.133,C:\Users\Thundercrow\Desktop\DESCARTES\M2\NegativePrompt_H1\results\ambiguous\flan-t5-large\results.csv
antonyms,flan-t5-large,ambiguous,1,0,False,43,0.0,False,0.56,13.173,0.132,C:\Users\Thundercrow\Desktop\DESCARTES\M2\NegativePrompt_H1\results\ambiguous\flan-t5-large\results.csv
antonyms,flan-t5-large,ambiguous,1,0,False,44,0.0,False,0.56,13.300,0.133,C:\Users\Thundercrow\Desktop\DESCARTES\M2\NegativePrompt_H1\results\ambiguous\flan-t5-large\results.csv
antonyms,flan-t5-large,ambiguous,2,0,False,42,0.0,False,0.56,13.155,0.132,C:\Users\Thundercrow\Desktop\DESCARTES\M2\NegativePrompt_H1\results\ambiguous\flan-t5-large\results.csv
antonyms,flan-t5-large,ambiguous,2,0,False,43,0.0,False,0.56,13.011,0.130,C:\Users\Thundercrow\Desktop\DESCARTES\M2\NegativePrompt_H1\results\ambiguous\flan-t5-large\results.csv
antonyms,flan-t5-large,ambiguous,2,0,False,44,0.0,False,0.56,12.865,0.129,C:\Users\Thundercrow\Desktop\DESCARTES\M2\NegativePrompt_H1\results\ambiguous\flan-t5-large\results.csv
antonyms,flan-t5-large,ambiguous,3,0,False,42,0.0,False,0.55,13.241,0.132,C:\Users\Thundercrow\Desktop\DESCARTES\M2\NegativePrompt_H1\results\ambiguous\flan-t5-large\results.csv
antonyms,flan-t5-large,ambiguous,3,0,False,43,0.0,False,0.55,13.119,0.131,C:\Users\Thundercrow\Desktop\DESCARTES\M2\NegativePrompt_H1\results\ambiguous\flan-t5-large\results.csv
antonyms,flan-t5-large,ambiguous,3,0,False,44,0.0,False,0.55,13.159,0.132,C:\Users\Thundercrow\Desktop\DESCARTES\M2\NegativePrompt_H1\results\ambiguous\flan-t5-large\results.csv
antonyms,flan-t5-large,ambiguous,4,0,False,42,0.0,False,0.55,13.040,0.130,C:\Users\Thundercrow\Desktop\DESCARTES\M2\NegativePrompt_H1\results\ambiguous\flan-t5-large\results.csv
antonyms,flan-t5-large,ambiguous,4,0,False,43,0.0,False,0.55,13.034,0.130,C:\Users\Thundercrow\Desktop\DESCARTES\M2\NegativePrompt_H1\results\ambiguous\flan-t5-large\results.csv
antonyms,flan-t5-large,ambiguous,4,0,False,44,0.0,False,0.55,12.870,0.129,C:\Users\Thundercrow\Desktop\DESCARTES\M2\NegativePrompt_H1\results\ambiguous\flan-t5-large\results.csv
antonyms,flan-t5-large,negative_control,1,0,False,42,0.0,False,0.56,,,C:\Users\Thundercrow\Desktop\DESCARTES\M2\NegativePrompt_H1\results\negative_control\flan-t5-large\results.csv
antonyms,flan-t5-large,negative_control,1,0,False,43,0.0,False,0.56,,,C:\Users\Thundercrow\Desktop\DESCARTES\M2\NegativePrompt_H1\results\negative_control\flan-t5-large\results.csv
antonyms,flan-t5-large,negative_control,1,0,False,44,0.0,False,0.56,,,C:\Users\Thundercrow\Desktop\DESCARTES\M2\NegativePrompt_H1\results\negative_control\flan-t5-large\results.csv
antonyms,flan-t5-large,negative_control,2,0,False,42,0.0,False,0.55,,,C:\Users\Thundercrow\Desktop\DESCARTES\M2\NegativePrompt_H1\results\negative_control\flan-t5-large\results.csv
antonyms,flan-t5-large,negative_control,2,0,False,43,0.0,False,0.55,,,C:\Users\Thundercrow\Desktop\DESCARTES\M2\NegativePrompt_H1\results\negative_control\flan-t5-large\results.csv
antonyms,flan-t5-large,negative_control,2,0,False,44,0.0,False,0.55,,,C:\Users\Thundercrow\Desktop\DESCARTES\M2\NegativePrompt_H1\results\negative_control\flan-t5-large\results.csv
antonyms,flan-t5-large,negative_control,3,0,False,42,0.0,False,0.54,,,C:\Users\Thundercrow\Desktop\DESCARTES\M2\NegativePrompt_H1\results\negative_control\flan-t5-large\results.csv
antonyms,flan-t5-large,negative_control,3,0,False,43,0.0,False,0.54,,,C:\Users\Thundercrow\Desktop\DESCARTES\M2\NegativePrompt_H1\results\negative_control\flan-t5-large\results.csv
antonyms,flan-t5-large,negative_control,3,0,False,44,0.0,False,0.54,,,C:\Users\Thundercrow\Desktop\DESCARTES\M2\NegativePrompt_H1\results\negative_control\flan-t5-large\results.csv
antonyms,flan-t5-large,negative_control,4,0,False,42,0.0,False,0.56,,,C:\Users\Thundercrow\Desktop\DESCARTES\M2\NegativePrompt_H1\results\negative_control\flan-t5-large\results.csv
antonyms,flan-t5-large,negative_control,4,0,False,43,0.0,False,0.56,,,C:\Users\Thundercrow\Desktop\DESCARTES\M2\NegativePrompt_H1\results\negative_control\flan-t5-large\results.csv
antonyms,flan-t5-large,negative_control,4,0,False,44,0.0,False,0.56,,,C:\Users\Thundercrow\Desktop\DESCARTES\M2\NegativePrompt_H1\results\negative_control\flan-t5-large\results.csv
antonyms,flan-t5-large,negative_original,,1,False,42,0.0,False,0.55,,,C:\Users\Thundercrow\Desktop\DESCARTES\M2\NegativePrompt_H1\results\negative_original\flan-t5-large\results.csv
antonyms,flan-t5-large,negative_original,,1,False,43,0.0,False,0.55,,,C:\Users\Thundercrow\Desktop\DESCARTES\M2\NegativePrompt_H1\results\negative_original\flan-t5-large\results.csv
antonyms,flan-t5-large,negative_original,,1,False,44,0.0,False,0.55,,,C:\Users\Thundercrow\Desktop\DESCARTES\M2\NegativePrompt_H1\results\negative_original\flan-t5-large\results.csv
antonyms,flan-t5-large,negative_original,,2,False,42,0.0,False,0.56,,,C:\Users\Thundercrow\Desktop\DESCARTES\M2\NegativePrompt_H1\results\negative_original\flan-t5-large\results.csv
antonyms,flan-t5-large,negative_original,,2,False,43,0.0,False,0.56,,,C:\Users\Thundercrow\Desktop\DESCARTES\M2\NegativePrompt_H1\results\negative_original\flan-t5-large\results.csv
antonyms,flan-t5-large,negative_original,,2,False,44,0.0,False,0.56,,,C:\Users\Thundercrow\Desktop\DESCARTES\M2\NegativePrompt_H1\results\negative_original\flan-t5-large\results.csv
antonyms,flan-t5-large,negative_original,,3,False,42,0.0,False,0.52,,,C:\Users\Thundercrow\Desktop\DESCARTES\M2\NegativePrompt_H1\results\negative_original\flan-t5-large\results.csv
antonyms,flan-t5-large,negative_original,,3,False,43,0.0,False,0.52,,,C:\Users\Thundercrow\Desktop\DESCARTES\M2\NegativePrompt_H1\results\negative_original\flan-t5-large\results.csv
antonyms,flan-t5-large,negative_original,,3,False,44,0.0,False,0.52,,,C:\Users\Thundercrow\Desktop\DESCARTES\M2\NegativePrompt_H1\results\negative_original\flan-t5-large\results.csv
antonyms,flan-t5-large,negative_original,,4,False,42,0.0,False,0.55,,,C:\Users\Thundercrow\Desktop\DESCARTES\M2\NegativePrompt_H1\results\negative_original\flan-t5-large\results.csv
antonyms,flan-t5-large,negative_original,,4,False,43,0.0,False,0.55,,,C:\Users\Thundercrow\Desktop\DESCARTES\M2\NegativePrompt_H1\results\negative_original\flan-t5-large\results.csv
antonyms,flan-t5-large,negative_original,,4,False,44,0.0,False,0.55,,,C:\Users\Thundercrow\Desktop\DESCARTES\M2\NegativePrompt_H1\results\negative_original\flan-t5-large\results.csv
antonyms,flan-t5-large,neutral,1,0,False,42,0.0,False,0.57,,,C:\Users\Thundercrow\Desktop\DESCARTES\M2\NegativePrompt_H1\results\neutral\flan-t5-large\results.csv
antonyms,flan-t5-large,neutral,1,0,False,43,0.0,False,0.57,,,C:\Users\Thundercrow\Desktop\DESCARTES\M2\NegativePrompt_H1\results\neutral\flan-t5-large\results.csv
antonyms,flan-t5-large,neutral,1,0,False,44,0.0,False,0.57,,,C:\Users\Thundercrow\Desktop\DESCARTES\M2\NegativePrompt_H1\results\neutral\flan-t5-large\results.csv
antonyms,flan-t5-large,neutral,2,0,False,42,0.0,False,0.57,,,C:\Users\Thundercrow\Desktop\DESCARTES\M2\NegativePrompt_H1\results\neutral\flan-t5-large\results.csv
antonyms,flan-t5-large,neutral,2,0,False,43,0.0,False,0.57,,,C:\Users\Thundercrow\Desktop\DESCARTES\M2\NegativePrompt_H1\results\neutral\flan-t5-large\results.csv
antonyms,flan-t5-large,neutral,2,0,False,44,0.0,False,0.57,,,C:\Users\Thundercrow\Desktop\DESCARTES\M2\NegativePrompt_H1\results\neutral\flan-t5-large\results.csv
antonyms,flan-t5-large,neutral,3,0,False,42,0.0,False,0.58,,,C:\Users\Thundercrow\Desktop\DESCARTES\M2\NegativePrompt_H1\results\neutral\flan-t5-large\results.csv
antonyms,flan-t5-large,neutral,3,0,False,43,0.0,False,0.58,,,C:\Users\Thundercrow\Desktop\DESCARTES\M2\NegativePrompt_H1\results\neutral\flan-t5-large\results.csv
antonyms,flan-t5-large,neutral,3,0,False,44,0.0,False,0.58,,,C:\Users\Thundercrow\Desktop\DESCARTES\M2\NegativePrompt_H1\results\neutral\flan-t5-large\results.csv
antonyms,flan-t5-large,neutral,4,0,False,42,0.0,False,0.55,,,C:\Users\Thundercrow\Desktop\DESCARTES\M2\NegativePrompt_H1\results\neutral\flan-t5-large\results.csv
antonyms,flan-t5-large,neutral,4,0,False,43,0.0,False,0.55,,,C:\Users\Thundercrow\Desktop\DESCARTES\M2\NegativePrompt_H1\results\neutral\flan-t5-large\results.csv
antonyms,flan-t5-large,neutral,4,0,False,44,0.0,False,0.55,,,C:\Users\Thundercrow\Desktop\DESCARTES\M2\NegativePrompt_H1\results\neutral\flan-t5-large\results.csv
antonyms,flan-t5-large,positive,1,0,False,42,0.0,False,0.56,13.335,0.133,C:\Users\Thundercrow\Desktop\DESCARTES\M2\NegativePrompt_H1\results\positive\flan-t5-large\results.csv
antonyms,flan-t5-large,positive,1,0,False,43,0.0,False,0.56,13.115,0.131,C:\Users\Thundercrow\Desktop\DESCARTES\M2\NegativePrompt_H1\results\positive\flan-t5-large\results.csv
antonyms,flan-t5-large,positive,1,0,False,44,0.0,False,0.56,13.208,0.132,C:\Users\Thundercrow\Desktop\DESCARTES\M2\NegativePrompt_H1\results\positive\flan-t5-large\results.csv
antonyms,flan-t5-large,positive,2,0,False,42,0.0,False,0.56,13.039,0.130,C:\Users\Thundercrow\Desktop\DESCARTES\M2\NegativePrompt_H1\results\positive\flan-t5-large\results.csv
antonyms,flan-t5-large,positive,2,0,False,43,0.0,False,0.56,13.067,0.131,C:\Users\Thundercrow\Desktop\DESCARTES\M2\NegativePrompt_H1\results\positive\flan-t5-large\results.csv
antonyms,flan-t5-large,positive,2,0,False,44,0.0,False,0.56,12.943,0.129,C:\Users\Thundercrow\Desktop\DESCARTES\M2\NegativePrompt_H1\results\positive\flan-t5-large\results.csv
antonyms,flan-t5-large,positive,3,0,False,42,0.0,False,0.59,13.174,0.132,C:\Users\Thundercrow\Desktop\DESCARTES\M2\NegativePrompt_H1\results\positive\flan-t5-large\results.csv
antonyms,flan-t5-large,positive,3,0,False,43,0.0,False,0.59,13.175,0.132,C:\Users\Thundercrow\Desktop\DESCARTES\M2\NegativePrompt_H1\results\positive\flan-t5-large\results.csv
antonyms,flan-t5-large,positive,3,0,False,44,0.0,False,0.59,13.067,0.131,C:\Users\Thundercrow\Desktop\DESCARTES\M2\NegativePrompt_H1\results\positive\flan-t5-large\results.csv
antonyms,flan-t5-large,positive,4,0,False,42,0.0,False,0.53,13.397,0.134,C:\Users\Thundercrow\Desktop\DESCARTES\M2\NegativePrompt_H1\results\positive\flan-t5-large\results.csv
antonyms,flan-t5-large,positive,4,0,False,43,0.0,False,0.53,13.367,0.134,C:\Users\Thundercrow\Desktop\DESCARTES\M2\NegativePrompt_H1\results\positive\flan-t5-large\results.csv
antonyms,flan-t5-large,positive,4,0,False,44,0.0,False,0.53,13.379,0.134,C:\Users\Thundercrow\Desktop\DESCARTES\M2\NegativePrompt_H1\results\positive\flan-t5-large\results.csv
cause_and_effect,flan-t5-large,ambiguous,1,0,False,42,0.0,False,0.76,9.104,0.364,C:\Users\Thundercrow\Desktop\DESCARTES\M2\NegativePrompt_H1\results\ambiguous\flan-t5-large\results.csv
cause_and_effect,flan-t5-large,ambiguous,1,0,False,43,0.0,False,0.76,9.558,0.382,C:\Users\Thundercrow\Desktop\DESCARTES\M2\NegativePrompt_H1\results\ambiguous\flan-t5-large\results.csv
cause_and_effect,flan-t5-large,ambiguous,1,0,False,44,0.0,False,0.64,9.202,0.368,C:\Users\Thundercrow\Desktop\DESCARTES\M2\NegativePrompt_H1\results\ambiguous\flan-t5-large\results.csv
cause_and_effect,flan-t5-large,ambiguous,2,0,False,42,0.0,False,0.6,9.135,0.365,C:\Users\Thundercrow\Desktop\DESCARTES\M2\NegativePrompt_H1\results\ambiguous\flan-t5-large\results.csv
cause_and_effect,flan-t5-large,ambiguous,2,0,False,43,0.0,False,0.56,9.184,0.367,C:\Users\Thundercrow\Desktop\DESCARTES\M2\NegativePrompt_H1\results\ambiguous\flan-t5-large\results.csv
cause_and_effect,flan-t5-large,ambiguous,2,0,False,44,0.0,False,0.48,9.041,0.362,C:\Users\Thundercrow\Desktop\DESCARTES\M2\NegativePrompt_H1\results\ambiguous\flan-t5-large\results.csv
cause_and_effect,flan-t5-large,ambiguous,3,0,False,42,0.0,False,0.6,9.513,0.381,C:\Users\Thundercrow\Desktop\DESCARTES\M2\NegativePrompt_H1\results\ambiguous\flan-t5-large\results.csv
cause_and_effect,flan-t5-large,ambiguous,3,0,False,43,0.0,False,0.64,9.337,0.373,C:\Users\Thundercrow\Desktop\DESCARTES\M2\NegativePrompt_H1\results\ambiguous\flan-t5-large\results.csv
cause_and_effect,flan-t5-large,ambiguous,3,0,False,44,0.0,False,0.52,9.209,0.368,C:\Users\Thundercrow\Desktop\DESCARTES\M2\NegativePrompt_H1\results\ambiguous\flan-t5-large\results.csv
cause_and_effect,flan-t5-large,ambiguous,4,0,False,42,0.0,False,0.6,9.190,0.368,C:\Users\Thundercrow\Desktop\DESCARTES\M2\NegativePrompt_H1\results\ambiguous\flan-t5-large\results.csv
cause_and_effect,flan-t5-large,ambiguous,4,0,False,43,0.0,False,0.56,9.204,0.368,C:\Users\Thundercrow\Desktop\DESCARTES\M2\NegativePrompt_H1\results\ambiguous\flan-t5-large\results.csv
cause_and_effect,flan-t5-large,ambiguous,4,0,False,44,0.0,False,0.52,9.150,0.366,C:\Users\Thundercrow\Desktop\DESCARTES\M2\NegativePrompt_H1\results\ambiguous\flan-t5-large\results.csv
cause_and_effect,flan-t5-large,negative_control,1,0,False,42,0.0,False,0.52,,,C:\Users\Thundercrow\Desktop\DESCARTES\M2\NegativePrompt_H1\results\negative_control\flan-t5-large\results.csv
cause_and_effect,flan-t5-large,negative_control,1,0,False,43,0.0,False,0.6,,,C:\Users\Thundercrow\Desktop\DESCARTES\M2\NegativePrompt_H1\results\negative_control\flan-t5-large\results.csv
cause_and_effect,flan-t5-large,negative_control,1,0,False,44,0.0,False,0.52,,,C:\Users\Thundercrow\Desktop\DESCARTES\M2\NegativePrompt_H1\results\negative_control\flan-t5-large\results.csv
cause_and_effect,flan-t5-large,negative_control,2,0,False,42,0.0,False,0.64,,,C:\Users\Thundercrow\Desktop\DESCARTES\M2\NegativePrompt_H1\results\negative_control\flan-t5-large\results.csv
cause_and_effect,flan-t5-large,negative_control,2,0,False,43,0.0,False,0.64,,,C:\Users\Thundercrow\Desktop\DESCARTES\M2\NegativePrompt_H1\results\negative_control\flan-t5-large\results.csv
cause_and_effect,flan-t5-large,negative_control,2,0,False,44,0.0,False,0.48,,,C:\Users\Thundercrow\Desktop\DESCARTES\M2\NegativePrompt_H1\results\negative_control\flan-t5-large\results.csv
cause_and_effect,flan-t5-large,negative_control,3,0,False,42,0.0,False,0.52,,,C:\Users\Thundercrow\Desktop\DESCARTES\M2\NegativePrompt_H1\results\negative_control\flan-t5-large\results.csv
cause_and_effect,flan-t5-large,negative_control,3,0,False,43,0.0,False,0.56,,,C:\Users\Thundercrow\Desktop\DESCARTES\M2\NegativePrompt_H1\results\negative_control\flan-t5-large\results.csv
cause_and_effect,flan-t5-large,negative_control,3,0,False,44,0.0,False,0.44,,,C:\Users\Thundercrow\Desktop\DESCARTES\M2\NegativePrompt_H1\results\negative_control\flan-t5-large\results.csv
cause_and_effect,flan-t5-large,negative_control,4,0,False,42,0.0,False,0.64,,,C:\Users\Thundercrow\Desktop\DESCARTES\M2\NegativePrompt_H1\results\negative_control\flan-t5-large\results.csv
cause_and_effect,flan-t5-large,negative_control,4,0,False,43,0.0,False,0.6,,,C:\Users\Thundercrow\Desktop\DESCARTES\M2\NegativePrompt_H1\results\negative_control\flan-t5-large\results.csv
cause_and_effect,flan-t5-large,negative_control,4,0,False,44,0.0,False,0.52,,,C:\Users\Thundercrow\Desktop\DESCARTES\M2\NegativePrompt_H1\results\negative_control\flan-t5-large\results.csv
cause_and_effect,flan-t5-large,negative_original,,1,False,42,0.0,False,0.68,,,C:\Users\Thundercrow\Desktop\DESCARTES\M2\NegativePrompt_H1\results\negative_original\flan-t5-large\results.csv
cause_and_effect,flan-t5-large,negative_original,,1,False,43,0.0,False,0.6,,,C:\Users\Thundercrow\Desktop\DESCARTES\M2\NegativePrompt_H1\results\negative_original\flan-t5-large\results.csv
cause_and_effect,flan-t5-large,negative_original,,1,False,44,0.0,False,0.48,,,C:\Users\Thundercrow\Desktop\DESCARTES\M2\NegativePrompt_H1\results\negative_original\flan-t5-large\results.csv
cause_and_effect,flan-t5-large,negative_original,,2,False,42,0.0,False,0.6,,,C:\Users\Thundercrow\Desktop\DESCARTES\M2\NegativePrompt_H1\results\negative_original\flan-t5-large\results.csv
cause_and_effect,flan-t5-large,negative_original,,2,False,43,0.0,False,0.52,,,C:\Users\Thundercrow\Desktop\DESCARTES\M2\NegativePrompt_H1\results\negative_original\flan-t5-large\results.csv
cause_and_effect,flan-t5-large,negative_original,,2,False,44,0.0,False,0.4,,,C:\Users\Thundercrow\Desktop\DESCARTES\M2\NegativePrompt_H1\results\negative_original\flan-t5-large\results.csv
cause_and_effect,flan-t5-large,negative_original,,3,False,42,0.0,False,0.64,,,C:\Users\Thundercrow\Desktop\DESCARTES\M2\NegativePrompt_H1\results\negative_original\flan-t5-large\results.csv
cause_and_effect,flan-t5-large,negative_original,,3,False,43,0.0,False,0.52,,,C:\Users\Thundercrow\Desktop\DESCARTES\M2\NegativePrompt_H1\results\negative_original\flan-t5-large\results.csv
cause_and_effect,flan-t5-large,negative_original,,3,False,44,0.0,False,0.48,,,C:\Users\Thundercrow\Desktop\DESCARTES\M2\NegativePrompt_H1\results\negative_original\flan-t5-large\results.csv
cause_and_effect,flan-t5-large,negative_original,,4,False,42,0.0,False,0.52,,,C:\Users\Thundercrow\Desktop\DESCARTES\M2\NegativePrompt_H1\results\negative_original\flan-t5-large\results.csv
cause_and_effect,flan-t5-large,negative_original,,4,False,43,0.0,False,0.52,,,C:\Users\Thundercrow\Desktop\DESCARTES\M2\NegativePrompt_H1\results\negative_original\flan-t5-large\results.csv
cause_and_effect,flan-t5-large,negative_original,,4,False,44,0.0,False,0.44,,,C:\Users\Thundercrow\Desktop\DESCARTES\M2\NegativePrompt_H1\results\negative_original\flan-t5-large\results.csv
cause_and_effect,flan-t5-large,neutral,1,0,False,42,0.0,False,0.68,,,C:\Users\Thundercrow\Desktop\DESCARTES\M2\NegativePrompt_H1\results\neutral\flan-t5-large\results.csv
cause_and_effect,flan-t5-large,neutral,1,0,False,43,0.0,False,0.68,,,C:\Users\Thundercrow\Desktop\DESCARTES\M2\NegativePrompt_H1\results\neutral\flan-t5-large\results.csv
cause_and_effect,flan-t5-large,neutral,1,0,False,44,0.0,False,0.6,,,C:\Users\Thundercrow\Desktop\DESCARTES\M2\NegativePrompt_H1\results\neutral\flan-t5-large\results.csv
cause_and_effect,flan-t5-large,neutral,2,0,False,42,0.0,False,0.52,,,C:\Users\Thundercrow\Desktop\DESCARTES\M2\NegativePrompt_H1\results\neutral\flan-t5-large\results.csv
cause_and_effect,flan-t5-large,neutral,2,0,False,43,0.0,False,0.56,,,C:\Users\Thundercrow\Desktop\DESCARTES\M2\NegativePrompt_H1\results\neutral\flan-t5-large\results.csv
cause_and_effect,flan-t5-large,neutral,2,0,False,44,0.0,False,0.44,,,C:\Users\Thundercrow\Desktop\DESCARTES\M2\NegativePrompt_H1\results\neutral\flan-t5-large\results.csv
cause_and_effect,flan-t5-large,neutral,3,0,False,42,0.0,False,0.52,,,C:\Users\Thundercrow\Desktop\DESCARTES\M2\NegativePrompt_H1\results\neutral\flan-t5-large\results.csv
cause_and_effect,flan-t5-large,neutral,3,0,False,43,0.0,False,0.6,,,C:\Users\Thundercrow\Desktop\DESCARTES\M2\NegativePrompt_H1\results\neutral\flan-t5-large\results.csv
cause_and_effect,flan-t5-large,neutral,3,0,False,44,0.0,False,0.52,,,C:\Users\Thundercrow\Desktop\DESCARTES\M2\NegativePrompt_H1\results\neutral\flan-t5-large\results.csv
cause_and_effect,flan-t5-large,neutral,4,0,False,42,0.0,False,0.64,,,C:\Users\Thundercrow\Desktop\DESCARTES\M2\NegativePrompt_H1\results\neutral\flan-t5-large\results.csv
cause_and_effect,flan-t5-large,neutral,4,0,False,43,0.0,False,0.72,,,C:\Users\Thundercrow\Desktop\DESCARTES\M2\NegativePrompt_H1\results\neutral\flan-t5-large\results.csv
cause_and_effect,flan-t5-large,neutral,4,0,False,44,0.0,False,0.6,,,C:\Users\Thundercrow\Desktop\DESCARTES\M2\NegativePrompt_H1\results\neutral\flan-t5-large\results.csv
cause_and_effect,flan-t5-large,positive,1,0,False,42,0.0,False,0.6,9.531,0.381,C:\Users\Thundercrow\Desktop\DESCARTES\M2\NegativePrompt_H1\results\positive\flan-t5-large\results.csv
cause_and_effect,flan-t5-large,positive,1,0,False,43,0.0,False,0.64,9.236,0.369,C:\Users\Thundercrow\Desktop\DESCARTES\M2\NegativePrompt_H1\results\positive\flan-t5-large\results.csv
cause_and_effect,flan-t5-large,positive,1,0,False,44,0.0,False,0.56,9.178,0.367,C:\Users\Thundercrow\Desktop\DESCARTES\M2\NegativePrompt_H1\results\positive\flan-t5-large\results.csv
cause_and_effect,flan-t5-large,positive,2,0,False,42,0.0,False,0.56,9.387,0.375,C:\Users\Thundercrow\Desktop\DESCARTES\M2\NegativePrompt_H1\results\positive\flan-t5-large\results.csv
cause_and_effect,flan-t5-large,positive,2,0,False,43,0.0,False,0.64,9.161,0.366,C:\Users\Thundercrow\Desktop\DESCARTES\M2\NegativePrompt_H1\results\positive\flan-t5-large\results.csv
cause_and_effect,flan-t5-large,positive,2,0,False,44,0.0,False,0.56,9.169,0.367,C:\Users\Thundercrow\Desktop\DESCARTES\M2\NegativePrompt_H1\results\positive\flan-t5-large\results.csv
cause_and_effect,flan-t5-large,positive,3,0,False,42,0.0,False,0.52,9.590,0.384,C:\Users\Thundercrow\Desktop\DESCARTES\M2\NegativePrompt_H1\results\positive\flan-t5-large\results.csv
cause_and_effect,flan-t5-large,positive,3,0,False,43,0.0,False,0.56,9.467,0.379,C:\Users\Thundercrow\Desktop\DESCARTES\M2\NegativePrompt_H1\results\positive\flan-t5-large\results.csv
cause_and_effect,flan-t5-large,positive,3,0,False,44,0.0,False,0.48,9.469,0.379,C:\Users\Thundercrow\Desktop\DESCARTES\M2\NegativePrompt_H1\results\positive\flan-t5-large\results.csv
cause_and_effect,flan-t5-large,positive,4,0,False,42,0.0,False,0.68,9.128,0.365,C:\Users\Thundercrow\Desktop\DESCARTES\M2\NegativePrompt_H1\results\positive\flan-t5-large\results.csv
cause_and_effect,flan-t5-large,positive,4,0,False,43,0.0,False,0.68,9.187,0.367,C:\Users\Thundercrow\Desktop\DESCARTES\M2\NegativePrompt_H1\results\positive\flan-t5-large\results.csv
cause_and_effect,flan-t5-large,positive,4,0,False,44,0.0,False,0.56,8.919,0.357,C:\Users\Thundercrow\Desktop\DESCARTES\M2\NegativePrompt_H1\results\positive\flan-t5-large\results.csv
common_concept,flan-t5-large,ambiguous,1,0,False,42,0.0,False,0.0,4.898,0.306,C:\Users\Thundercrow\Desktop\DESCARTES\M2\NegativePrompt_H1\results\ambiguous\flan-t5-large\results.csv
common_concept,flan-t5-large,ambiguous,1,0,False,43,0.0,False,0.0,4.985,0.312,C:\Users\Thundercrow\Desktop\DESCARTES\M2\NegativePrompt_H1\results\ambiguous\flan-t5-large\results.csv
common_concept,flan-t5-large,ambiguous,1,0,False,44,0.0,False,0.0,4.875,0.305,C:\Users\Thundercrow\Desktop\DESCARTES\M2\NegativePrompt_H1\results\ambiguous\flan-t5-large\results.csv
common_concept,flan-t5-large,ambiguous,2,0,False,42,0.0,False,0.0,4.754,0.297,C:\Users\Thundercrow\Desktop\DESCARTES\M2\NegativePrompt_H1\results\ambiguous\flan-t5-large\results.csv
common_concept,flan-t5-large,ambiguous,2,0,False,43,0.0,False,0.0,4.860,0.304,C:\Users\Thundercrow\Desktop\DESCARTES\M2\NegativePrompt_H1\results\ambiguous\flan-t5-large\results.csv
common_concept,flan-t5-large,ambiguous,2,0,False,44,0.0,False,0.0,4.755,0.297,C:\Users\Thundercrow\Desktop\DESCARTES\M2\NegativePrompt_H1\results\ambiguous\flan-t5-large\results.csv
common_concept,flan-t5-large,ambiguous,3,0,False,42,0.0,False,0.0,4.874,0.305,C:\Users\Thundercrow\Desktop\DESCARTES\M2\NegativePrompt_H1\results\ambiguous\flan-t5-large\results.csv
common_concept,flan-t5-large,ambiguous,3,0,False,43,0.0,False,0.0,4.857,0.304,C:\Users\Thundercrow\Desktop\DESCARTES\M2\NegativePrompt_H1\results\ambiguous\flan-t5-large\results.csv
common_concept,flan-t5-large,ambiguous,3,0,False,44,0.0,False,0.0,4.946,0.309,C:\Users\Thundercrow\Desktop\DESCARTES\M2\NegativePrompt_H1\results\ambiguous\flan-t5-large\results.csv
common_concept,flan-t5-large,ambiguous,4,0,False,42,0.0,False,0.0,4.873,0.305,C:\Users\Thundercrow\Desktop\DESCARTES\M2\NegativePrompt_H1\results\ambiguous\flan-t5-large\results.csv
common_concept,flan-t5-large,ambiguous,4,0,False,43,0.0,False,0.0,4.899,0.306,C:\Users\Thundercrow\Desktop\DESCARTES\M2\NegativePrompt_H1\results\ambiguous\flan-t5-large\results.csv
common_concept,flan-t5-large,ambiguous,4,0,False,44,0.0,False,0.0,4.895,0.306,C:\Users\Thundercrow\Desktop\DESCARTES\M2\NegativePrompt_H1\results\ambiguous\flan-t5-large\results.csv
common_concept,flan-t5-large,negative_control,1,0,False,42,0.0,False,0.0,,,C:\Users\Thundercrow\Desktop\DESCARTES\M2\NegativePrompt_H1\results\negative_control\flan-t5-large\results.csv
common_concept,flan-t5-large,negative_control,1,0,False,43,0.0,False,0.0,,,C:\Users\Thundercrow\Desktop\DESCARTES\M2\NegativePrompt_H1\results\negative_control\flan-t5-large\results.csv
common_concept,flan-t5-large,negative_control,1,0,False,44,0.0,False,0.0,,,C:\Users\Thundercrow\Desktop\DESCARTES\M2\NegativePrompt_H1\results\negative_control\flan-t5-large\results.csv
common_concept,flan-t5-large,negative_control,2,0,False,42,0.0,False,0.0,,,C:\Users\Thundercrow\Desktop\DESCARTES\M2\NegativePrompt_H1\results\negative_control\flan-t5-large\results.csv
common_concept,flan-t5-large,negative_control,2,0,False,43,0.0,False,0.0,,,C:\Users\Thundercrow\Desktop\DESCARTES\M2\NegativePrompt_H1\results\negative_control\flan-t5-large\results.csv
common_concept,flan-t5-large,negative_control,2,0,False,44,0.0,False,0.0,,,C:\Users\Thundercrow\Desktop\DESCARTES\M2\NegativePrompt_H1\results\negative_control\flan-t5-large\results.csv
common_concept,flan-t5-large,negative_control,3,0,False,42,0.0,False,0.0,,,C:\Users\Thundercrow\Desktop\DESCARTES\M2\NegativePrompt_H1\results\negative_control\flan-t5-large\results.csv
common_concept,flan-t5-large,negative_control,3,0,False,43,0.0,False,0.0,,,C:\Users\Thundercrow\Desktop\DESCARTES\M2\NegativePrompt_H1\results\negative_control\flan-t5-large\results.csv
common_concept,flan-t5-large,negative_control,3,0,False,44,0.0,False,0.0,,,C:\Users\Thundercrow\Desktop\DESCARTES\M2\NegativePrompt_H1\results\negative_control\flan-t5-large\results.csv
common_concept,flan-t5-large,negative_control,4,0,False,42,0.0,False,0.0,,,C:\Users\Thundercrow\Desktop\DESCARTES\M2\NegativePrompt_H1\results\negative_control\flan-t5-large\results.csv
common_concept,flan-t5-large,negative_control,4,0,False,43,0.0,False,0.0,,,C:\Users\Thundercrow\Desktop\DESCARTES\M2\NegativePrompt_H1\results\negative_control\flan-t5-large\results.csv
common_concept,flan-t5-large,negative_control,4,0,False,44,0.0,False,0.0,,,C:\Users\Thundercrow\Desktop\DESCARTES\M2\NegativePrompt_H1\results\negative_control\flan-t5-large\results.csv
common_concept,flan-t5-large,negative_original,,1,False,42,0.0,False,0.0,,,C:\Users\Thundercrow\Desktop\DESCARTES\M2\NegativePrompt_H1\results\negative_original\flan-t5-large\results.csv
common_concept,flan-t5-large,negative_original,,1,False,43,0.0,False,0.0,,,C:\Users\Thundercrow\Desktop\DESCARTES\M2\NegativePrompt_H1\results\negative_original\flan-t5-large\results.csv
common_concept,flan-t5-large,negative_original,,1,False,44,0.0,False,0.0,,,C:\Users\Thundercrow\Desktop\DESCARTES\M2\NegativePrompt_H1\results\negative_original\flan-t5-large\results.csv
common_concept,flan-t5-large,negative_original,,2,False,42,0.0,False,0.0,,,C:\Users\Thundercrow\Desktop\DESCARTES\M2\NegativePrompt_H1\results\negative_original\flan-t5-large\results.csv
common_concept,flan-t5-large,negative_original,,2,False,43,0.0,False,0.0,,,C:\Users\Thundercrow\Desktop\DESCARTES\M2\NegativePrompt_H1\results\negative_original\flan-t5-large\results.csv
common_concept,flan-t5-large,negative_original,,2,False,44,0.0,False,0.0,,,C:\Users\Thundercrow\Desktop\DESCARTES\M2\NegativePrompt_H1\results\negative_original\flan-t5-large\results.csv
common_concept,flan-t5-large,negative_original,,3,False,42,0.0,False,0.0,,,C:\Users\Thundercrow\Desktop\DESCARTES\M2\NegativePrompt_H1\results\negative_original\flan-t5-large\results.csv
common_concept,flan-t5-large,negative_original,,3,False,43,0.0,False,0.0,,,C:\Users\Thundercrow\Desktop\DESCARTES\M2\NegativePrompt_H1\results\negative_original\flan-t5-large\results.csv
common_concept,flan-t5-large,negative_original,,3,False,44,0.0,False,0.0,,,C:\Users\Thundercrow\Desktop\DESCARTES\M2\NegativePrompt_H1\results\negative_original\flan-t5-large\results.csv
common_concept,flan-t5-large,negative_original,,4,False,42,0.0,False,0.0,,,C:\Users\Thundercrow\Desktop\DESCARTES\M2\NegativePrompt_H1\results\negative_original\flan-t5-large\results.csv
common_concept,flan-t5-large,negative_original,,4,False,43,0.0,False,0.0,,,C:\Users\Thundercrow\Desktop\DESCARTES\M2\NegativePrompt_H1\results\negative_original\flan-t5-large\results.csv
common_concept,flan-t5-large,negative_original,,4,False,44,0.0,False,0.0,,,C:\Users\Thundercrow\Desktop\DESCARTES\M2\NegativePrompt_H1\results\negative_original\flan-t5-large\results.csv
common_concept,flan-t5-large,neutral,1,0,False,42,0.0,False,0.0,,,C:\Users\Thundercrow\Desktop\DESCARTES\M2\NegativePrompt_H1\results\neutral\flan-t5-large\results.csv
common_concept,flan-t5-large,neutral,1,0,False,43,0.0,False,0.0,,,C:\Users\Thundercrow\Desktop\DESCARTES\M2\NegativePrompt_H1\results\neutral\flan-t5-large\results.csv
common_concept,flan-t5-large,neutral,1,0,False,44,0.0,False,0.0,,,C:\Users\Thundercrow\Desktop\DESCARTES\M2\NegativePrompt_H1\results\neutral\flan-t5-large\results.csv
common_concept,flan-t5-large,neutral,2,0,False,42,0.0,False,0.0,,,C:\Users\Thundercrow\Desktop\DESCARTES\M2\NegativePrompt_H1\results\neutral\flan-t5-large\results.csv
common_concept,flan-t5-large,neutral,2,0,False,43,0.0,False,0.0,,,C:\Users\Thundercrow\Desktop\DESCARTES\M2\NegativePrompt_H1\results\neutral\flan-t5-large\results.csv
common_concept,flan-t5-large,neutral,2,0,False,44,0.0,False,0.0,,,C:\Users\Thundercrow\Desktop\DESCARTES\M2\NegativePrompt_H1\results\neutral\flan-t5-large\results.csv
common_concept,flan-t5-large,neutral,3,0,False,42,0.0,False,0.0,,,C:\Users\Thundercrow\Desktop\DESCARTES\M2\NegativePrompt_H1\results\neutral\flan-t5-large\results.csv
common_concept,flan-t5-large,neutral,3,0,False,43,0.0,False,0.0,,,C:\Users\Thundercrow\Desktop\DESCARTES\M2\NegativePrompt_H1\results\neutral\flan-t5-large\results.csv
common_concept,flan-t5-large,neutral,3,0,False,44,0.0,False,0.0,,,C:\Users\Thundercrow\Desktop\DESCARTES\M2\NegativePrompt_H1\results\neutral\flan-t5-large\results.csv
common_concept,flan-t5-large,neutral,4,0,False,42,0.0,False,0.0,,,C:\Users\Thundercrow\Desktop\DESCARTES\M2\NegativePrompt_H1\results\neutral\flan-t5-large\results.csv
common_concept,flan-t5-large,neutral,4,0,False,43,0.0,False,0.0,,,C:\Users\Thundercrow\Desktop\DESCARTES\M2\NegativePrompt_H1\results\neutral\flan-t5-large\results.csv
common_concept,flan-t5-large,neutral,4,0,False,44,0.0,False,0.0,,,C:\Users\Thundercrow\Desktop\DESCARTES\M2\NegativePrompt_H1\results\neutral\flan-t5-large\results.csv
common_concept,flan-t5-large,positive,1,0,False,42,0.0,False,0.0,4.896,0.306,C:\Users\Thundercrow\Desktop\DESCARTES\M2\NegativePrompt_H1\results\positive\flan-t5-large\results.csv
common_concept,flan-t5-large,positive,1,0,False,43,0.0,False,0.0,5.020,0.314,C:\Users\Thundercrow\Desktop\DESCARTES\M2\NegativePrompt_H1\results\positive\flan-t5-large\results.csv
common_concept,flan-t5-large,positive,1,0,False,44,0.0,False,0.0,4.870,0.304,C:\Users\Thundercrow\Desktop\DESCARTES\M2\NegativePrompt_H1\results\positive\flan-t5-large\results.csv
common_concept,flan-t5-large,positive,2,0,False,42,0.0,False,0.0,4.777,0.299,C:\Users\Thundercrow\Desktop\DESCARTES\M2\NegativePrompt_H1\results\positive\flan-t5-large\results.csv
common_concept,flan-t5-large,positive,2,0,False,43,0.0,False,0.0,4.764,0.298,C:\Users\Thundercrow\Desktop\DESCARTES\M2\NegativePrompt_H1\results\positive\flan-t5-large\results.csv
common_concept,flan-t5-large,positive,2,0,False,44,0.0,False,0.0,4.810,0.301,C:\Users\Thundercrow\Desktop\DESCARTES\M2\NegativePrompt_H1\results\positive\flan-t5-large\results.csv
common_concept,flan-t5-large,positive,3,0,False,42,0.0,False,0.0,4.805,0.300,C:\Users\Thundercrow\Desktop\DESCARTES\M2\NegativePrompt_H1\results\positive\flan-t5-large\results.csv
common_concept,flan-t5-large,positive,3,0,False,43,0.0,False,0.0,4.817,0.301,C:\Users\Thundercrow\Desktop\DESCARTES\M2\NegativePrompt_H1\results\positive\flan-t5-large\results.csv
common_concept,flan-t5-large,positive,3,0,False,44,0.0,False,0.0,4.766,0.298,C:\Users\Thundercrow\Desktop\DESCARTES\M2\NegativePrompt_H1\results\positive\flan-t5-large\results.csv
common_concept,flan-t5-large,positive,4,0,False,42,0.0,False,0.0,4.932,0.308,C:\Users\Thundercrow\Desktop\DESCARTES\M2\NegativePrompt_H1\results\positive\flan-t5-large\results.csv
common_concept,flan-t5-large,positive,4,0,False,43,0.0,False,0.0,4.923,0.308,C:\Users\Thundercrow\Desktop\DESCARTES\M2\NegativePrompt_H1\results\positive\flan-t5-large\results.csv
common_concept,flan-t5-large,positive,4,0,False,44,0.0,False,0.0,4.906,0.307,C:\Users\Thundercrow\Desktop\DESCARTES\M2\NegativePrompt_H1\results\positive\flan-t5-large\results.csv
diff,flan-t5-large,ambiguous,1,0,False,42,0.0,False,0.03,12.997,0.130,C:\Users\Thundercrow\Desktop\DESCARTES\M2\NegativePrompt_H1\results\ambiguous\flan-t5-large\results.csv
diff,flan-t5-large,ambiguous,1,0,False,43,0.0,False,0.03,13.148,0.131,C:\Users\Thundercrow\Desktop\DESCARTES\M2\NegativePrompt_H1\results\ambiguous\flan-t5-large\results.csv
diff,flan-t5-large,ambiguous,1,0,False,44,0.0,False,0.03,13.112,0.131,C:\Users\Thundercrow\Desktop\DESCARTES\M2\NegativePrompt_H1\results\ambiguous\flan-t5-large\results.csv
diff,flan-t5-large,ambiguous,2,0,False,42,0.0,False,0.03,13.260,0.133,C:\Users\Thundercrow\Desktop\DESCARTES\M2\NegativePrompt_H1\results\ambiguous\flan-t5-large\results.csv
diff,flan-t5-large,ambiguous,2,0,False,43,0.0,False,0.03,13.118,0.131,C:\Users\Thundercrow\Desktop\DESCARTES\M2\NegativePrompt_H1\results\ambiguous\flan-t5-large\results.csv
diff,flan-t5-large,ambiguous,2,0,False,44,0.0,False,0.03,13.169,0.132,C:\Users\Thundercrow\Desktop\DESCARTES\M2\NegativePrompt_H1\results\ambiguous\flan-t5-large\results.csv
diff,flan-t5-large,ambiguous,3,0,False,42,0.0,False,0.04,13.258,0.133,C:\Users\Thundercrow\Desktop\DESCARTES\M2\NegativePrompt_H1\results\ambiguous\flan-t5-large\results.csv
diff,flan-t5-large,ambiguous,3,0,False,43,0.0,False,0.04,13.053,0.131,C:\Users\Thundercrow\Desktop\DESCARTES\M2\NegativePrompt_H1\results\ambiguous\flan-t5-large\results.csv
diff,flan-t5-large,ambiguous,3,0,False,44,0.0,False,0.04,13.080,0.131,C:\Users\Thundercrow\Desktop\DESCARTES\M2\NegativePrompt_H1\results\ambiguous\flan-t5-large\results.csv
diff,flan-t5-large,ambiguous,4,0,False,42,0.0,False,0.03,13.294,0.133,C:\Users\Thundercrow\Desktop\DESCARTES\M2\NegativePrompt_H1\results\ambiguous\flan-t5-large\results.csv
diff,flan-t5-large,ambiguous,4,0,False,43,0.0,False,0.03,13.295,0.133,C:\Users\Thundercrow\Desktop\DESCARTES\M2\NegativePrompt_H1\results\ambiguous\flan-t5-large\results.csv
diff,flan-t5-large,ambiguous,4,0,False,44,0.0,False,0.03,13.193,0.132,C:\Users\Thundercrow\Desktop\DESCARTES\M2\NegativePrompt_H1\results\ambiguous\flan-t5-large\results.csv
diff,flan-t5-large,negative_control,1,0,False,42,0.0,False,0.06,,,C:\Users\Thundercrow\Desktop\DESCARTES\M2\NegativePrompt_H1\results\negative_control\flan-t5-large\results.csv
diff,flan-t5-large,negative_control,1,0,False,43,0.0,False,0.06,,,C:\Users\Thundercrow\Desktop\DESCARTES\M2\NegativePrompt_H1\results\negative_control\flan-t5-large\results.csv
diff,flan-t5-large,negative_control,1,0,False,44,0.0,False,0.06,,,C:\Users\Thundercrow\Desktop\DESCARTES\M2\NegativePrompt_H1\results\negative_control\flan-t5-large\results.csv
diff,flan-t5-large,negative_control,2,0,False,42,0.0,False,0.04,,,C:\Users\Thundercrow\Desktop\DESCARTES\M2\NegativePrompt_H1\results\negative_control\flan-t5-large\results.csv
diff,flan-t5-large,negative_control,2,0,False,43,0.0,False,0.04,,,C:\Users\Thundercrow\Desktop\DESCARTES\M2\NegativePrompt_H1\results\negative_control\flan-t5-large\results.csv
diff,flan-t5-large,negative_control,2,0,False,44,0.0,False,0.04,,,C:\Users\Thundercrow\Desktop\DESCARTES\M2\NegativePrompt_H1\results\negative_control\flan-t5-large\results.csv
diff,flan-t5-large,negative_control,3,0,False,42,0.0,False,0.03,,,C:\Users\Thundercrow\Desktop\DESCARTES\M2\NegativePrompt_H1\results\negative_control\flan-t5-large\results.csv
diff,flan-t5-large,negative_control,3,0,False,43,0.0,False,0.03,,,C:\Users\Thundercrow\Desktop\DESCARTES\M2\NegativePrompt_H1\results\negative_control\flan-t5-large\results.csv
diff,flan-t5-large,negative_control,3,0,False,44,0.0,False,0.03,,,C:\Users\Thundercrow\Desktop\DESCARTES\M2\NegativePrompt_H1\results\negative_control\flan-t5-large\results.csv
diff,flan-t5-large,negative_control,4,0,False,42,0.0,False,0.03,,,C:\Users\Thundercrow\Desktop\DESCARTES\M2\NegativePrompt_H1\results\negative_control\flan-t5-large\results.csv
diff,flan-t5-large,negative_control,4,0,False,43,0.0,False,0.03,,,C:\Users\Thundercrow\Desktop\DESCARTES\M2\NegativePrompt_H1\results\negative_control\flan-t5-large\results.csv
diff,flan-t5-large,negative_control,4,0,False,44,0.0,False,0.03,,,C:\Users\Thundercrow\Desktop\DESCARTES\M2\NegativePrompt_H1\results\negative_control\flan-t5-large\results.csv
diff,flan-t5-large,negative_original,,1,False,42,0.0,False,0.04,,,C:\Users\Thundercrow\Desktop\DESCARTES\M2\NegativePrompt_H1\results\negative_original\flan-t5-large\results.csv
diff,flan-t5-large,negative_original,,1,False,43,0.0,False,0.04,,,C:\Users\Thundercrow\Desktop\DESCARTES\M2\NegativePrompt_H1\results\negative_original\flan-t5-large\results.csv
diff,flan-t5-large,negative_original,,1,False,44,0.0,False,0.04,,,C:\Users\Thundercrow\Desktop\DESCARTES\M2\NegativePrompt_H1\results\negative_original\flan-t5-large\results.csv
diff,flan-t5-large,negative_original,,2,False,42,0.0,False,0.02,,,C:\Users\Thundercrow\Desktop\DESCARTES\M2\NegativePrompt_H1\results\negative_original\flan-t5-large\results.csv
diff,flan-t5-large,negative_original,,2,False,43,0.0,False,0.02,,,C:\Users\Thundercrow\Desktop\DESCARTES\M2\NegativePrompt_H1\results\negative_original\flan-t5-large\results.csv
diff,flan-t5-large,negative_original,,2,False,44,0.0,False,0.02,,,C:\Users\Thundercrow\Desktop\DESCARTES\M2\NegativePrompt_H1\results\negative_original\flan-t5-large\results.csv
diff,flan-t5-large,negative_original,,3,False,42,0.0,False,0.02,,,C:\Users\Thundercrow\Desktop\DESCARTES\M2\NegativePrompt_H1\results\negative_original\flan-t5-large\results.csv
diff,flan-t5-large,negative_original,,3,False,43,0.0,False,0.02,,,C:\Users\Thundercrow\Desktop\DESCARTES\M2\NegativePrompt_H1\results\negative_original\flan-t5-large\results.csv
diff,flan-t5-large,negative_original,,3,False,44,0.0,False,0.02,,,C:\Users\Thundercrow\Desktop\DESCARTES\M2\NegativePrompt_H1\results\negative_original\flan-t5-large\results.csv
diff,flan-t5-large,negative_original,,4,False,42,0.0,False,0.04,,,C:\Users\Thundercrow\Desktop\DESCARTES\M2\NegativePrompt_H1\results\negative_original\flan-t5-large\results.csv
diff,flan-t5-large,negative_original,,4,False,43,0.0,False,0.04,,,C:\Users\Thundercrow\Desktop\DESCARTES\M2\NegativePrompt_H1\results\negative_original\flan-t5-large\results.csv
diff,flan-t5-large,negative_original,,4,False,44,0.0,False,0.04,,,C:\Users\Thundercrow\Desktop\DESCARTES\M2\NegativePrompt_H1\results\negative_original\flan-t5-large\results.csv
diff,flan-t5-large,neutral,1,0,False,42,0.0,False,0.03,,,C:\Users\Thundercrow\Desktop\DESCARTES\M2\NegativePrompt_H1\results\neutral\flan-t5-large\results.csv
diff,flan-t5-large,neutral,1,0,False,43,0.0,False,0.03,,,C:\Users\Thundercrow\Desktop\DESCARTES\M2\NegativePrompt_H1\results\neutral\flan-t5-large\results.csv
diff,flan-t5-large,neutral,1,0,False,44,0.0,False,0.03,,,C:\Users\Thundercrow\Desktop\DESCARTES\M2\NegativePrompt_H1\results\neutral\flan-t5-large\results.csv
diff,flan-t5-large,neutral,2,0,False,42,0.0,False,0.04,,,C:\Users\Thundercrow\Desktop\DESCARTES\M2\NegativePrompt_H1\results\neutral\flan-t5-large\results.csv
diff,flan-t5-large,neutral,2,0,False,43,0.0,False,0.04,,,C:\Users\Thundercrow\Desktop\DESCARTES\M2\NegativePrompt_H1\results\neutral\flan-t5-large\results.csv
diff,flan-t5-large,neutral,2,0,False,44,0.0,False,0.04,,,C:\Users\Thundercrow\Desktop\DESCARTES\M2\NegativePrompt_H1\results\neutral\flan-t5-large\results.csv
diff,flan-t5-large,neutral,3,0,False,42,0.0,False,0.04,,,C:\Users\Thundercrow\Desktop\DESCARTES\M2\NegativePrompt_H1\results\neutral\flan-t5-large\results.csv
diff,flan-t5-large,neutral,3,0,False,43,0.0,False,0.04,,,C:\Users\Thundercrow\Desktop\DESCARTES\M2\NegativePrompt_H1\results\neutral\flan-t5-large\results.csv
diff,flan-t5-large,neutral,3,0,False,44,0.0,False,0.04,,,C:\Users\Thundercrow\Desktop\DESCARTES\M2\NegativePrompt_H1\results\neutral\flan-t5-large\results.csv
diff,flan-t5-large,neutral,4,0,False,42,0.0,False,0.04,,,C:\Users\Thundercrow\Desktop\DESCARTES\M2\NegativePrompt_H1\results\neutral\flan-t5-large\results.csv
diff,flan-t5-large,neutral,4,0,False,43,0.0,False,0.04,,,C:\Users\Thundercrow\Desktop\DESCARTES\M2\NegativePrompt_H1\results\neutral\flan-t5-large\results.csv
diff,flan-t5-large,neutral,4,0,False,44,0.0,False,0.04,,,C:\Users\Thundercrow\Desktop\DESCARTES\M2\NegativePrompt_H1\results\neutral\flan-t5-large\results.csv
diff,flan-t5-large,positive,1,0,False,42,0.0,False,0.03,13.103,0.131,C:\Users\Thundercrow\Desktop\DESCARTES\M2\NegativePrompt_H1\results\positive\flan-t5-large\results.csv
diff,flan-t5-large,positive,1,0,False,43,0.0,False,0.03,12.761,0.128,C:\Users\Thundercrow\Desktop\DESCARTES\M2\NegativePrompt_H1\results\positive\flan-t5-large\results.csv
diff,flan-t5-large,positive,1,0,False,44,0.0,False,0.03,12.800,0.128,C:\Users\Thundercrow\Desktop\DESCARTES\M2\NegativePrompt_H1\results\positive\flan-t5-large\results.csv
diff,flan-t5-large,positive,2,0,False,42,0.0,False,0.04,13.037,0.130,C:\Users\Thundercrow\Desktop\DESCARTES\M2\NegativePrompt_H1\results\positive\flan-t5-large\results.csv
diff,flan-t5-large,positive,2,0,False,43,0.0,False,0.04,13.057,0.131,C:\Users\Thundercrow\Desktop\DESCARTES\M2\NegativePrompt_H1\results\positive\flan-t5-large\results.csv
diff,flan-t5-large,positive,2,0,False,44,0.0,False,0.04,13.118,0.131,C:\Users\Thundercrow\Desktop\DESCARTES\M2\NegativePrompt_H1\results\positive\flan-t5-large\results.csv
diff,flan-t5-large,positive,3,0,False,42,0.0,False,0.03,13.125,0.131,C:\Users\Thundercrow\Desktop\DESCARTES\M2\NegativePrompt_H1\results\positive\flan-t5-large\results.csv
diff,flan-t5-large,positive,3,0,False,43,0.0,False,0.03,12.975,0.130,C:\Users\Thundercrow\Desktop\DESCARTES\M2\NegativePrompt_H1\results\positive\flan-t5-large\results.csv
diff,flan-t5-large,positive,3,0,False,44,0.0,False,0.03,13.008,0.130,C:\Users\Thundercrow\Desktop\DESCARTES\M2\NegativePrompt_H1\results\positive\flan-t5-large\results.csv
diff,flan-t5-large,positive,4,0,False,42,0.0,False,0.03,12.978,0.130,C:\Users\Thundercrow\Desktop\DESCARTES\M2\NegativePrompt_H1\results\positive\flan-t5-large\results.csv
diff,flan-t5-large,positive,4,0,False,43,0.0,False,0.03,12.809,0.128,C:\Users\Thundercrow\Desktop\DESCARTES\M2\NegativePrompt_H1\results\positive\flan-t5-large\results.csv
diff,flan-t5-large,positive,4,0,False,44,0.0,False,0.03,12.972,0.130,C:\Users\Thundercrow\Desktop\DESCARTES\M2\NegativePrompt_H1\results\positive\flan-t5-large\results.csv
first_word_letter,flan-t5-large,ambiguous,1,0,False,42,0.0,False,1.0,11.372,0.114,C:\Users\Thundercrow\Desktop\DESCARTES\M2\NegativePrompt_H1\results\ambiguous\flan-t5-large\results.csv
first_word_letter,flan-t5-large,ambiguous,1,0,False,43,0.0,False,1.0,11.336,0.113,C:\Users\Thundercrow\Desktop\DESCARTES\M2\NegativePrompt_H1\results\ambiguous\flan-t5-large\results.csv
first_word_letter,flan-t5-large,ambiguous,1,0,False,44,0.0,False,1.0,11.296,0.113,C:\Users\Thundercrow\Desktop\DESCARTES\M2\NegativePrompt_H1\results\ambiguous\flan-t5-large\results.csv
first_word_letter,flan-t5-large,ambiguous,2,0,False,42,0.0,False,1.0,11.403,0.114,C:\Users\Thundercrow\Desktop\DESCARTES\M2\NegativePrompt_H1\results\ambiguous\flan-t5-large\results.csv
first_word_letter,flan-t5-large,ambiguous,2,0,False,43,0.0,False,1.0,11.364,0.114,C:\Users\Thundercrow\Desktop\DESCARTES\M2\NegativePrompt_H1\results\ambiguous\flan-t5-large\results.csv
first_word_letter,flan-t5-large,ambiguous,2,0,False,44,0.0,False,1.0,11.321,0.113,C:\Users\Thundercrow\Desktop\DESCARTES\M2\NegativePrompt_H1\results\ambiguous\flan-t5-large\results.csv
first_word_letter,flan-t5-large,ambiguous,3,0,False,42,0.0,False,1.0,11.409,0.114,C:\Users\Thundercrow\Desktop\DESCARTES\M2\NegativePrompt_H1\results\ambiguous\flan-t5-large\results.csv
first_word_letter,flan-t5-large,ambiguous,3,0,False,43,0.0,False,1.0,11.306,0.113,C:\Users\Thundercrow\Desktop\DESCARTES\M2\NegativePrompt_H1\results\ambiguous\flan-t5-large\results.csv
first_word_letter,flan-t5-large,ambiguous,3,0,False,44,0.0,False,1.0,11.400,0.114,C:\Users\Thundercrow\Desktop\DESCARTES\M2\NegativePrompt_H1\results\ambiguous\flan-t5-large\results.csv
first_word_letter,flan-t5-large,ambiguous,4,0,False,42,0.0,False,1.0,11.337,0.113,C:\Users\Thundercrow\Desktop\DESCARTES\M2\NegativePrompt_H1\results\ambiguous\flan-t5-large\results.csv
first_word_letter,flan-t5-large,ambiguous,4,0,False,43,0.0,False,1.0,11.360,0.114,C:\Users\Thundercrow\Desktop\DESCARTES\M2\NegativePrompt_H1\results\ambiguous\flan-t5-large\results.csv
first_word_letter,flan-t5-large,ambiguous,4,0,False,44,0.0,False,1.0,11.360,0.114,C:\Users\Thundercrow\Desktop\DESCARTES\M2\NegativePrompt_H1\results\ambiguous\flan-t5-large\results.csv
first_word_letter,flan-t5-large,negative_control,1,0,False,42,0.0,False,1.0,,,C:\Users\Thundercrow\Desktop\DESCARTES\M2\NegativePrompt_H1\results\negative_control\flan-t5-large\results.csv
first_word_letter,flan-t5-large,negative_control,1,0,False,43,0.0,False,1.0,,,C:\Users\Thundercrow\Desktop\DESCARTES\M2\NegativePrompt_H1\results\negative_control\flan-t5-large\results.csv
first_word_letter,flan-t5-large,negative_control,1,0,False,44,0.0,False,1.0,,,C:\Users\Thundercrow\Desktop\DESCARTES\M2\NegativePrompt_H1\results\negative_control\flan-t5-large\results.csv
first_word_letter,flan-t5-large,negative_control,2,0,False,42,0.0,False,1.0,,,C:\Users\Thundercrow\Desktop\DESCARTES\M2\NegativePrompt_H1\results\negative_control\flan-t5-large\results.csv
first_word_letter,flan-t5-large,negative_control,2,0,False,43,0.0,False,1.0,,,C:\Users\Thundercrow\Desktop\DESCARTES\M2\NegativePrompt_H1\results\negative_control\flan-t5-large\results.csv
first_word_letter,flan-t5-large,negative_control,2,0,False,44,0.0,False,1.0,,,C:\Users\Thundercrow\Desktop\DESCARTES\M2\NegativePrompt_H1\results\negative_control\flan-t5-large\results.csv
first_word_letter,flan-t5-large,negative_control,3,0,False,42,0.0,False,1.0,,,C:\Users\Thundercrow\Desktop\DESCARTES\M2\NegativePrompt_H1\results\negative_control\flan-t5-large\results.csv
first_word_letter,flan-t5-large,negative_control,3,0,False,43,0.0,False,1.0,,,C:\Users\Thundercrow\Desktop\DESCARTES\M2\NegativePrompt_H1\results\negative_control\flan-t5-large\results.csv
first_word_letter,flan-t5-large,negative_control,3,0,False,44,0.0,False,1.0,,,C:\Users\Thundercrow\Desktop\DESCARTES\M2\NegativePrompt_H1\results\negative_control\flan-t5-large\results.csv
first_word_letter,flan-t5-large,negative_control,4,0,False,42,0.0,False,1.0,,,C:\Users\Thundercrow\Desktop\DESCARTES\M2\NegativePrompt_H1\results\negative_control\flan-t5-large\results.csv
first_word_letter,flan-t5-large,negative_control,4,0,False,43,0.0,False,1.0,,,C:\Users\Thundercrow\Desktop\DESCARTES\M2\NegativePrompt_H1\results\negative_control\flan-t5-large\results.csv
first_word_letter,flan-t5-large,negative_control,4,0,False,44,0.0,False,1.0,,,C:\Users\Thundercrow\Desktop\DESCARTES\M2\NegativePrompt_H1\results\negative_control\flan-t5-large\results.csv
first_word_letter,flan-t5-large,negative_original,,1,False,42,0.0,False,1.0,,,C:\Users\Thundercrow\Desktop\DESCARTES\M2\NegativePrompt_H1\results\negative_original\flan-t5-large\results.csv
first_word_letter,flan-t5-large,negative_original,,1,False,43,0.0,False,1.0,,,C:\Users\Thundercrow\Desktop\DESCARTES\M2\NegativePrompt_H1\results\negative_original\flan-t5-large\results.csv
first_word_letter,flan-t5-large,negative_original,,1,False,44,0.0,False,1.0,,,C:\Users\Thundercrow\Desktop\DESCARTES\M2\NegativePrompt_H1\results\negative_original\flan-t5-large\results.csv
first_word_letter,flan-t5-large,negative_original,,2,False,42,0.0,False,1.0,,,C:\Users\Thundercrow\Desktop\DESCARTES\M2\NegativePrompt_H1\results\negative_original\flan-t5-large\results.csv
first_word_letter,flan-t5-large,negative_original,,2,False,43,0.0,False,1.0,,,C:\Users\Thundercrow\Desktop\DESCARTES\M2\NegativePrompt_H1\results\negative_original\flan-t5-large\results.csv
first_word_letter,flan-t5-large,negative_original,,2,False,44,0.0,False,1.0,,,C:\Users\Thundercrow\Desktop\DESCARTES\M2\NegativePrompt_H1\results\negative_original\flan-t5-large\results.csv
first_word_letter,flan-t5-large,negative_original,,3,False,42,0.0,False,0.95,,,C:\Users\Thundercrow\Desktop\DESCARTES\M2\NegativePrompt_H1\results\negative_original\flan-t5-large\results.csv
first_word_letter,flan-t5-large,negative_original,,3,False,43,0.0,False,0.95,,,C:\Users\Thundercrow\Desktop\DESCARTES\M2\NegativePrompt_H1\results\negative_original\flan-t5-large\results.csv
first_word_letter,flan-t5-large,negative_original,,3,False,44,0.0,False,0.95,,,C:\Users\Thundercrow\Desktop\DESCARTES\M2\NegativePrompt_H1\results\negative_original\flan-t5-large\results.csv
first_word_letter,flan-t5-large,negative_original,,4,False,42,0.0,False,1.0,,,C:\Users\Thundercrow\Desktop\DESCARTES\M2\NegativePrompt_H1\results\negative_original\flan-t5-large\results.csv
first_word_letter,flan-t5-large,negative_original,,4,False,43,0.0,False,1.0,,,C:\Users\Thundercrow\Desktop\DESCARTES\M2\NegativePrompt_H1\results\negative_original\flan-t5-large\results.csv
first_word_letter,flan-t5-large,negative_original,,4,False,44,0.0,False,1.0,,,C:\Users\Thundercrow\Desktop\DESCARTES\M2\NegativePrompt_H1\results\negative_original\flan-t5-large\results.csv
first_word_letter,flan-t5-large,neutral,1,0,False,42,0.0,False,1.0,,,C:\Users\Thundercrow\Desktop\DESCARTES\M2\NegativePrompt_H1\results\neutral\flan-t5-large\results.csv
first_word_letter,flan-t5-large,neutral,1,0,False,43,0.0,False,1.0,,,C:\Users\Thundercrow\Desktop\DESCARTES\M2\NegativePrompt_H1\results\neutral\flan-t5-large\results.csv
first_word_letter,flan-t5-large,neutral,1,0,False,44,0.0,False,1.0,,,C:\Users\Thundercrow\Desktop\DESCARTES\M2\NegativePrompt_H1\results\neutral\flan-t5-large\results.csv
first_word_letter,flan-t5-large,neutral,2,0,False,42,0.0,False,1.0,,,C:\Users\Thundercrow\Desktop\DESCARTES\M2\NegativePrompt_H1\results\neutral\flan-t5-large\results.csv
first_word_letter,flan-t5-large,neutral,2,0,False,43,0.0,False,1.0,,,C:\Users\Thundercrow\Desktop\DESCARTES\M2\NegativePrompt_H1\results\neutral\flan-t5-large\results.csv
first_word_letter,flan-t5-large,neutral,2,0,False,44,0.0,False,1.0,,,C:\Users\Thundercrow\Desktop\DESCARTES\M2\NegativePrompt_H1\results\neutral\flan-t5-large\results.csv
first_word_letter,flan-t5-large,neutral,3,0,False,42,0.0,False,1.0,,,C:\Users\Thundercrow\Desktop\DESCARTES\M2\NegativePrompt_H1\results\neutral\flan-t5-large\results.csv
first_word_letter,flan-t5-large,neutral,3,0,False,43,0.0,False,1.0,,,C:\Users\Thundercrow\Desktop\DESCARTES\M2\NegativePrompt_H1\results\neutral\flan-t5-large\results.csv
first_word_letter,flan-t5-large,neutral,3,0,False,44,0.0,False,1.0,,,C:\Users\Thundercrow\Desktop\DESCARTES\M2\NegativePrompt_H1\results\neutral\flan-t5-large\results.csv
first_word_letter,flan-t5-large,neutral,4,0,False,42,0.0,False,1.0,,,C:\Users\Thundercrow\Desktop\DESCARTES\M2\NegativePrompt_H1\results\neutral\flan-t5-large\results.csv
first_word_letter,flan-t5-large,neutral,4,0,False,43,0.0,False,1.0,,,C:\Users\Thundercrow\Desktop\DESCARTES\M2\NegativePrompt_H1\results\neutral\flan-t5-large\results.csv
first_word_letter,flan-t5-large,neutral,4,0,False,44,0.0,False,1.0,,,C:\Users\Thundercrow\Desktop\DESCARTES\M2\NegativePrompt_H1\results\neutral\flan-t5-large\results.csv
first_word_letter,flan-t5-large,positive,1,0,False,42,0.0,False,1.0,11.324,0.113,C:\Users\Thundercrow\Desktop\DESCARTES\M2\NegativePrompt_H1\results\positive\flan-t5-large\results.csv
first_word_letter,flan-t5-large,positive,1,0,False,43,0.0,False,1.0,11.346,0.113,C:\Users\Thundercrow\Desktop\DESCARTES\M2\NegativePrompt_H1\results\positive\flan-t5-large\results.csv
first_word_letter,flan-t5-large,positive,1,0,False,44,0.0,False,1.0,11.338,0.113,C:\Users\Thundercrow\Desktop\DESCARTES\M2\NegativePrompt_H1\results\positive\flan-t5-large\results.csv
first_word_letter,flan-t5-large,positive,2,0,False,42,0.0,False,1.0,11.407,0.114,C:\Users\Thundercrow\Desktop\DESCARTES\M2\NegativePrompt_H1\results\positive\flan-t5-large\results.csv
first_word_letter,flan-t5-large,positive,2,0,False,43,0.0,False,1.0,11.242,0.112,C:\Users\Thundercrow\Desktop\DESCARTES\M2\NegativePrompt_H1\results\positive\flan-t5-large\results.csv
first_word_letter,flan-t5-large,positive,2,0,False,44,0.0,False,1.0,11.399,0.114,C:\Users\Thundercrow\Desktop\DESCARTES\M2\NegativePrompt_H1\results\positive\flan-t5-large\results.csv
first_word_letter,flan-t5-large,positive,3,0,False,42,0.0,False,1.0,11.442,0.114,C:\Users\Thundercrow\Desktop\DESCARTES\M2\NegativePrompt_H1\results\positive\flan-t5-large\results.csv
first_word_letter,flan-t5-large,positive,3,0,False,43,0.0,False,1.0,11.254,0.113,C:\Users\Thundercrow\Desktop\DESCARTES\M2\NegativePrompt_H1\results\positive\flan-t5-large\results.csv
first_word_letter,flan-t5-large,positive,3,0,False,44,0.0,False,1.0,11.379,0.114,C:\Users\Thundercrow\Desktop\DESCARTES\M2\NegativePrompt_H1\results\positive\flan-t5-large\results.csv
first_word_letter,flan-t5-large,positive,4,0,False,42,0.0,False,1.0,11.399,0.114,C:\Users\Thundercrow\Desktop\DESCARTES\M2\NegativePrompt_H1\results\positive\flan-t5-large\results.csv
first_word_letter,flan-t5-large,positive,4,0,False,43,0.0,False,1.0,11.359,0.114,C:\Users\Thundercrow\Desktop\DESCARTES\M2\NegativePrompt_H1\results\positive\flan-t5-large\results.csv
first_word_letter,flan-t5-large,positive,4,0,False,44,0.0,False,1.0,11.482,0.115,C:\Users\Thundercrow\Desktop\DESCARTES\M2\NegativePrompt_H1\results\positive\flan-t5-large\results.csv
informal_to_formal,flan-t5-large,ambiguous,1,0,False,42,0.0,False,0.0,7.012,0.467,C:\Users\Thundercrow\Desktop\DESCARTES\M2\NegativePrompt_H1\results\ambiguous\flan-t5-large\results.csv
informal_to_formal,flan-t5-large,ambiguous,1,0,False,43,0.0,False,0.0,6.964,0.464,C:\Users\Thundercrow\Desktop\DESCARTES\M2\NegativePrompt_H1\results\ambiguous\flan-t5-large\results.csv
informal_to_formal,flan-t5-large,ambiguous,1,0,False,44,0.0,False,0.0,7.012,0.467,C:\Users\Thundercrow\Desktop\DESCARTES\M2\NegativePrompt_H1\results\ambiguous\flan-t5-large\results.csv
informal_to_formal,flan-t5-large,ambiguous,2,0,False,42,0.0,False,0.0,7.038,0.469,C:\Users\Thundercrow\Desktop\DESCARTES\M2\NegativePrompt_H1\results\ambiguous\flan-t5-large\results.csv
informal_to_formal,flan-t5-large,ambiguous,2,0,False,43,0.0,False,0.0,6.964,0.464,C:\Users\Thundercrow\Desktop\DESCARTES\M2\NegativePrompt_H1\results\ambiguous\flan-t5-large\results.csv
informal_to_formal,flan-t5-large,ambiguous,2,0,False,44,0.0,False,0.0,7.070,0.471,C:\Users\Thundercrow\Desktop\DESCARTES\M2\NegativePrompt_H1\results\ambiguous\flan-t5-large\results.csv
informal_to_formal,flan-t5-large,ambiguous,3,0,False,42,0.0,False,0.0,7.154,0.477,C:\Users\Thundercrow\Desktop\DESCARTES\M2\NegativePrompt_H1\results\ambiguous\flan-t5-large\results.csv
informal_to_formal,flan-t5-large,ambiguous,3,0,False,43,0.0,False,0.0,7.084,0.472,C:\Users\Thundercrow\Desktop\DESCARTES\M2\NegativePrompt_H1\results\ambiguous\flan-t5-large\results.csv
informal_to_formal,flan-t5-large,ambiguous,3,0,False,44,0.0,False,0.0,7.115,0.474,C:\Users\Thundercrow\Desktop\DESCARTES\M2\NegativePrompt_H1\results\ambiguous\flan-t5-large\results.csv
informal_to_formal,flan-t5-large,ambiguous,4,0,False,42,0.0,False,0.0,7.163,0.478,C:\Users\Thundercrow\Desktop\DESCARTES\M2\NegativePrompt_H1\results\ambiguous\flan-t5-large\results.csv
informal_to_formal,flan-t5-large,ambiguous,4,0,False,43,0.0,False,0.0,7.062,0.471,C:\Users\Thundercrow\Desktop\DESCARTES\M2\NegativePrompt_H1\results\ambiguous\flan-t5-large\results.csv
informal_to_formal,flan-t5-large,ambiguous,4,0,False,44,0.0,False,0.0,7.021,0.468,C:\Users\Thundercrow\Desktop\DESCARTES\M2\NegativePrompt_H1\results\ambiguous\flan-t5-large\results.csv
informal_to_formal,flan-t5-large,negative_control,1,0,False,42,0.0,False,0.0,,,C:\Users\Thundercrow\Desktop\DESCARTES\M2\NegativePrompt_H1\results\negative_control\flan-t5-large\results.csv
informal_to_formal,flan-t5-large,negative_control,1,0,False,43,0.0,False,0.0,,,C:\Users\Thundercrow\Desktop\DESCARTES\M2\NegativePrompt_H1\results\negative_control\flan-t5-large\results.csv
informal_to_formal,flan-t5-large,negative_control,1,0,False,44,0.0,False,0.0,,,C:\Users\Thundercrow\Desktop\DESCARTES\M2\NegativePrompt_H1\results\negative_control\flan-t5-large\results.csv
informal_to_formal,flan-t5-large,negative_control,2,0,False,42,0.0,False,0.0,,,C:\Users\Thundercrow\Desktop\DESCARTES\M2\NegativePrompt_H1\results\negative_control\flan-t5-large\results.csv
informal_to_formal,flan-t5-large,negative_control,2,0,False,43,0.0,False,0.0,,,C:\Users\Thundercrow\Desktop\DESCARTES\M2\NegativePrompt_H1\results\negative_control\flan-t5-large\results.csv
informal_to_formal,flan-t5-large,negative_control,2,0,False,44,0.0,False,0.0,,,C:\Users\Thundercrow\Desktop\DESCARTES\M2\NegativePrompt_H1\results\negative_control\flan-t5-large\results.csv
informal_to_formal,flan-t5-large,negative_control,3,0,False,42,0.0,False,0.0,,,C:\Users\Thundercrow\Desktop\DESCARTES\M2\NegativePrompt_H1\results\negative_control\flan-t5-large\results.csv
informal_to_formal,flan-t5-large,negative_control,3,0,False,43,0.0,False,0.0,,,C:\Users\Thundercrow\Desktop\DESCARTES\M2\NegativePrompt_H1\results\negative_control\flan-t5-large\results.csv
informal_to_formal,flan-t5-large,negative_control,3,0,False,44,0.0,False,0.0,,,C:\Users\Thundercrow\Desktop\DESCARTES\M2\NegativePrompt_H1\results\negative_control\flan-t5-large\results.csv
informal_to_formal,flan-t5-large,negative_control,4,0,False,42,0.0,False,0.0,,,C:\Users\Thundercrow\Desktop\DESCARTES\M2\NegativePrompt_H1\results\negative_control\flan-t5-large\results.csv
informal_to_formal,flan-t5-large,negative_control,4,0,False,43,0.0,False,0.0,,,C:\Users\Thundercrow\Desktop\DESCARTES\M2\NegativePrompt_H1\results\negative_control\flan-t5-large\results.csv
informal_to_formal,flan-t5-large,negative_control,4,0,False,44,0.0,False,0.0,,,C:\Users\Thundercrow\Desktop\DESCARTES\M2\NegativePrompt_H1\results\negative_control\flan-t5-large\results.csv
informal_to_formal,flan-t5-large,negative_original,,1,False,42,0.0,False,0.0,,,C:\Users\Thundercrow\Desktop\DESCARTES\M2\NegativePrompt_H1\results\negative_original\flan-t5-large\results.csv
informal_to_formal,flan-t5-large,negative_original,,1,False,43,0.0,False,0.0,,,C:\Users\Thundercrow\Desktop\DESCARTES\M2\NegativePrompt_H1\results\negative_original\flan-t5-large\results.csv
informal_to_formal,flan-t5-large,negative_original,,1,False,44,0.0,False,0.0,,,C:\Users\Thundercrow\Desktop\DESCARTES\M2\NegativePrompt_H1\results\negative_original\flan-t5-large\results.csv
informal_to_formal,flan-t5-large,negative_original,,2,False,42,0.0,False,0.0,,,C:\Users\Thundercrow\Desktop\DESCARTES\M2\NegativePrompt_H1\results\negative_original\flan-t5-large\results.csv
informal_to_formal,flan-t5-large,negative_original,,2,False,43,0.0,False,0.0,,,C:\Users\Thundercrow\Desktop\DESCARTES\M2\NegativePrompt_H1\results\negative_original\flan-t5-large\results.csv
informal_to_formal,flan-t5-large,negative_original,,2,False,44,0.0,False,0.0,,,C:\Users\Thundercrow\Desktop\DESCARTES\M2\NegativePrompt_H1\results\negative_original\flan-t5-large\results.csv
informal_to_formal,flan-t5-large,negative_original,,3,False,42,0.0,False,0.0,,,C:\Users\Thundercrow\Desktop\DESCARTES\M2\NegativePrompt_H1\results\negative_original\flan-t5-large\results.csv
informal_to_formal,flan-t5-large,negative_original,,3,False,43,0.0,False,0.0,,,C:\Users\Thundercrow\Desktop\DESCARTES\M2\NegativePrompt_H1\results\negative_original\flan-t5-large\results.csv
informal_to_formal,flan-t5-large,negative_original,,3,False,44,0.0,False,0.0,,,C:\Users\Thundercrow\Desktop\DESCARTES\M2\NegativePrompt_H1\results\negative_original\flan-t5-large\results.csv
informal_to_formal,flan-t5-large,negative_original,,4,False,42,0.0,False,0.0,,,C:\Users\Thundercrow\Desktop\DESCARTES\M2\NegativePrompt_H1\results\negative_original\flan-t5-large\results.csv
informal_to_formal,flan-t5-large,negative_original,,4,False,43,0.0,False,0.0,,,C:\Users\Thundercrow\Desktop\DESCARTES\M2\NegativePrompt_H1\results\negative_original\flan-t5-large\results.csv
informal_to_formal,flan-t5-large,negative_original,,4,False,44,0.0,False,0.0,,,C:\Users\Thundercrow\Desktop\DESCARTES\M2\NegativePrompt_H1\results\negative_original\flan-t5-large\results.csv
informal_to_formal,flan-t5-large,neutral,1,0,False,42,0.0,False,0.0,,,C:\Users\Thundercrow\Desktop\DESCARTES\M2\NegativePrompt_H1\results\neutral\flan-t5-large\results.csv
informal_to_formal,flan-t5-large,neutral,1,0,False,43,0.0,False,0.0,,,C:\Users\Thundercrow\Desktop\DESCARTES\M2\NegativePrompt_H1\results\neutral\flan-t5-large\results.csv
informal_to_formal,flan-t5-large,neutral,1,0,False,44,0.0,False,0.0,,,C:\Users\Thundercrow\Desktop\DESCARTES\M2\NegativePrompt_H1\results\neutral\flan-t5-large\results.csv
informal_to_formal,flan-t5-large,neutral,2,0,False,42,0.0,False,0.0,,,C:\Users\Thundercrow\Desktop\DESCARTES\M2\NegativePrompt_H1\results\neutral\flan-t5-large\results.csv
informal_to_formal,flan-t5-large,neutral,2,0,False,43,0.0,False,0.0,,,C:\Users\Thundercrow\Desktop\DESCARTES\M2\NegativePrompt_H1\results\neutral\flan-t5-large\results.csv
informal_to_formal,flan-t5-large,neutral,2,0,False,44,0.0,False,0.0,,,C:\Users\Thundercrow\Desktop\DESCARTES\M2\NegativePrompt_H1\results\neutral\flan-t5-large\results.csv
informal_to_formal,flan-t5-large,neutral,3,0,False,42,0.0,False,0.0,,,C:\Users\Thundercrow\Desktop\DESCARTES\M2\NegativePrompt_H1\results\neutral\flan-t5-large\results.csv
informal_to_formal,flan-t5-large,neutral,3,0,False,43,0.0,False,0.0,,,C:\Users\Thundercrow\Desktop\DESCARTES\M2\NegativePrompt_H1\results\neutral\flan-t5-large\results.csv
informal_to_formal,flan-t5-large,neutral,3,0,False,44,0.0,False,0.0,,,C:\Users\Thundercrow\Desktop\DESCARTES\M2\NegativePrompt_H1\results\neutral\flan-t5-large\results.csv
informal_to_formal,flan-t5-large,neutral,4,0,False,42,0.0,False,0.0,,,C:\Users\Thundercrow\Desktop\DESCARTES\M2\NegativePrompt_H1\results\neutral\flan-t5-large\results.csv
informal_to_formal,flan-t5-large,neutral,4,0,False,43,0.0,False,0.0,,,C:\Users\Thundercrow\Desktop\DESCARTES\M2\NegativePrompt_H1\results\neutral\flan-t5-large\results.csv
informal_to_formal,flan-t5-large,neutral,4,0,False,44,0.0,False,0.0,,,C:\Users\Thundercrow\Desktop\DESCARTES\M2\NegativePrompt_H1\results\neutral\flan-t5-large\results.csv
informal_to_formal,flan-t5-large,positive,1,0,False,42,0.0,False,0.0,7.108,0.474,C:\Users\Thundercrow\Desktop\DESCARTES\M2\NegativePrompt_H1\results\positive\flan-t5-large\results.csv
informal_to_formal,flan-t5-large,positive,1,0,False,43,0.0,False,0.0,7.113,0.474,C:\Users\Thundercrow\Desktop\DESCARTES\M2\NegativePrompt_H1\results\positive\flan-t5-large\results.csv
informal_to_formal,flan-t5-large,positive,1,0,False,44,0.0,False,0.0,7.006,0.467,C:\Users\Thundercrow\Desktop\DESCARTES\M2\NegativePrompt_H1\results\positive\flan-t5-large\results.csv
informal_to_formal,flan-t5-large,positive,2,0,False,42,0.0,False,0.0,7.046,0.470,C:\Users\Thundercrow\Desktop\DESCARTES\M2\NegativePrompt_H1\results\positive\flan-t5-large\results.csv
informal_to_formal,flan-t5-large,positive,2,0,False,43,0.0,False,0.0,7.118,0.475,C:\Users\Thundercrow\Desktop\DESCARTES\M2\NegativePrompt_H1\results\positive\flan-t5-large\results.csv
informal_to_formal,flan-t5-large,positive,2,0,False,44,0.0,False,0.0,7.097,0.473,C:\Users\Thundercrow\Desktop\DESCARTES\M2\NegativePrompt_H1\results\positive\flan-t5-large\results.csv
informal_to_formal,flan-t5-large,positive,3,0,False,42,0.0,False,0.0,7.094,0.473,C:\Users\Thundercrow\Desktop\DESCARTES\M2\NegativePrompt_H1\results\positive\flan-t5-large\results.csv
informal_to_formal,flan-t5-large,positive,3,0,False,43,0.0,False,0.0,7.195,0.480,C:\Users\Thundercrow\Desktop\DESCARTES\M2\NegativePrompt_H1\results\positive\flan-t5-large\results.csv
informal_to_formal,flan-t5-large,positive,3,0,False,44,0.0,False,0.0,7.134,0.476,C:\Users\Thundercrow\Desktop\DESCARTES\M2\NegativePrompt_H1\results\positive\flan-t5-large\results.csv
informal_to_formal,flan-t5-large,positive,4,0,False,42,0.0,False,0.0,7.110,0.474,C:\Users\Thundercrow\Desktop\DESCARTES\M2\NegativePrompt_H1\results\positive\flan-t5-large\results.csv
informal_to_formal,flan-t5-large,positive,4,0,False,43,0.0,False,0.0,7.029,0.469,C:\Users\Thundercrow\Desktop\DESCARTES\M2\NegativePrompt_H1\results\positive\flan-t5-large\results.csv
informal_to_formal,flan-t5-large,positive,4,0,False,44,0.0,False,0.0,7.128,0.475,C:\Users\Thundercrow\Desktop\DESCARTES\M2\NegativePrompt_H1\results\positive\flan-t5-large\results.csv
larger_animal,flan-t5-large,ambiguous,1,0,False,42,0.0,False,0.68,16.396,0.164,C:\Users\Thundercrow\Desktop\DESCARTES\M2\NegativePrompt_H1\results\ambiguous\flan-t5-large\results.csv
larger_animal,flan-t5-large,ambiguous,1,0,False,43,0.0,False,0.68,16.527,0.165,C:\Users\Thundercrow\Desktop\DESCARTES\M2\NegativePrompt_H1\results\ambiguous\flan-t5-large\results.csv
larger_animal,flan-t5-large,ambiguous,1,0,False,44,0.0,False,0.68,16.565,0.166,C:\Users\Thundercrow\Desktop\DESCARTES\M2\NegativePrompt_H1\results\ambiguous\flan-t5-large\results.csv
larger_animal,flan-t5-large,ambiguous,2,0,False,42,0.0,False,0.72,16.562,0.166,C:\Users\Thundercrow\Desktop\DESCARTES\M2\NegativePrompt_H1\results\ambiguous\flan-t5-large\results.csv
larger_animal,flan-t5-large,ambiguous,2,0,False,43,0.0,False,0.72,16.439,0.164,C:\Users\Thundercrow\Desktop\DESCARTES\M2\NegativePrompt_H1\results\ambiguous\flan-t5-large\results.csv
larger_animal,flan-t5-large,ambiguous,2,0,False,44,0.0,False,0.72,16.516,0.165,C:\Users\Thundercrow\Desktop\DESCARTES\M2\NegativePrompt_H1\results\ambiguous\flan-t5-large\results.csv
larger_animal,flan-t5-large,ambiguous,3,0,False,42,0.0,False,0.69,16.519,0.165,C:\Users\Thundercrow\Desktop\DESCARTES\M2\NegativePrompt_H1\results\ambiguous\flan-t5-large\results.csv
larger_animal,flan-t5-large,ambiguous,3,0,False,43,0.0,False,0.69,16.291,0.163,C:\Users\Thundercrow\Desktop\DESCARTES\M2\NegativePrompt_H1\results\ambiguous\flan-t5-large\results.csv
larger_animal,flan-t5-large,ambiguous,3,0,False,44,0.0,False,0.69,16.370,0.164,C:\Users\Thundercrow\Desktop\DESCARTES\M2\NegativePrompt_H1\results\ambiguous\flan-t5-large\results.csv
larger_animal,flan-t5-large,ambiguous,4,0,False,42,0.0,False,0.66,16.308,0.163,C:\Users\Thundercrow\Desktop\DESCARTES\M2\NegativePrompt_H1\results\ambiguous\flan-t5-large\results.csv
larger_animal,flan-t5-large,ambiguous,4,0,False,43,0.0,False,0.66,16.374,0.164,C:\Users\Thundercrow\Desktop\DESCARTES\M2\NegativePrompt_H1\results\ambiguous\flan-t5-large\results.csv
larger_animal,flan-t5-large,ambiguous,4,0,False,44,0.0,False,0.66,16.402,0.164,C:\Users\Thundercrow\Desktop\DESCARTES\M2\NegativePrompt_H1\results\ambiguous\flan-t5-large\results.csv
larger_animal,flan-t5-large,negative_control,1,0,False,42,0.0,False,0.74,,,C:\Users\Thundercrow\Desktop\DESCARTES\M2\NegativePrompt_H1\results\negative_control\flan-t5-large\results.csv
larger_animal,flan-t5-large,negative_control,1,0,False,43,0.0,False,0.74,,,C:\Users\Thundercrow\Desktop\DESCARTES\M2\NegativePrompt_H1\results\negative_control\flan-t5-large\results.csv
larger_animal,flan-t5-large,negative_control,1,0,False,44,0.0,False,0.74,,,C:\Users\Thundercrow\Desktop\DESCARTES\M2\NegativePrompt_H1\results\negative_control\flan-t5-large\results.csv
larger_animal,flan-t5-large,negative_control,2,0,False,42,0.0,False,0.65,,,C:\Users\Thundercrow\Desktop\DESCARTES\M2\NegativePrompt_H1\results\negative_control\flan-t5-large\results.csv
larger_animal,flan-t5-large,negative_control,2,0,False,43,0.0,False,0.65,,,C:\Users\Thundercrow\Desktop\DESCARTES\M2\NegativePrompt_H1\results\negative_control\flan-t5-large\results.csv
larger_animal,flan-t5-large,negative_control,2,0,False,44,0.0,False,0.65,,,C:\Users\Thundercrow\Desktop\DESCARTES\M2\NegativePrompt_H1\results\negative_control\flan-t5-large\results.csv
larger_animal,flan-t5-large,negative_control,3,0,False,42,0.0,False,0.72,,,C:\Users\Thundercrow\Desktop\DESCARTES\M2\NegativePrompt_H1\results\negative_control\flan-t5-large\results.csv
larger_animal,flan-t5-large,negative_control,3,0,False,43,0.0,False,0.72,,,C:\Users\Thundercrow\Desktop\DESCARTES\M2\NegativePrompt_H1\results\negative_control\flan-t5-large\results.csv
larger_animal,flan-t5-large,negative_control,3,0,False,44,0.0,False,0.72,,,C:\Users\Thundercrow\Desktop\DESCARTES\M2\NegativePrompt_H1\results\negative_control\flan-t5-large\results.csv
larger_animal,flan-t5-large,negative_control,4,0,False,42,0.0,False,0.7,,,C:\Users\Thundercrow\Desktop\DESCARTES\M2\NegativePrompt_H1\results\negative_control\flan-t5-large\results.csv
larger_animal,flan-t5-large,negative_control,4,0,False,43,0.0,False,0.7,,,C:\Users\Thundercrow\Desktop\DESCARTES\M2\NegativePrompt_H1\results\negative_control\flan-t5-large\results.csv
larger_animal,flan-t5-large,negative_control,4,0,False,44,0.0,False,0.7,,,C:\Users\Thundercrow\Desktop\DESCARTES\M2\NegativePrompt_H1\results\negative_control\flan-t5-large\results.csv
larger_animal,flan-t5-large,negative_original,,1,False,42,0.0,False,0.68,,,C:\Users\Thundercrow\Desktop\DESCARTES\M2\NegativePrompt_H1\results\negative_original\flan-t5-large\results.csv
larger_animal,flan-t5-large,negative_original,,1,False,43,0.0,False,0.68,,,C:\Users\Thundercrow\Desktop\DESCARTES\M2\NegativePrompt_H1\results\negative_original\flan-t5-large\results.csv
larger_animal,flan-t5-large,negative_original,,1,False,44,0.0,False,0.68,,,C:\Users\Thundercrow\Desktop\DESCARTES\M2\NegativePrompt_H1\results\negative_original\flan-t5-large\results.csv
larger_animal,flan-t5-large,negative_original,,2,False,42,0.0,False,0.69,,,C:\Users\Thundercrow\Desktop\DESCARTES\M2\NegativePrompt_H1\results\negative_original\flan-t5-large\results.csv
larger_animal,flan-t5-large,negative_original,,2,False,43,0.0,False,0.69,,,C:\Users\Thundercrow\Desktop\DESCARTES\M2\NegativePrompt_H1\results\negative_original\flan-t5-large\results.csv
larger_animal,flan-t5-large,negative_original,,2,False,44,0.0,False,0.69,,,C:\Users\Thundercrow\Desktop\DESCARTES\M2\NegativePrompt_H1\results\negative_original\flan-t5-large\results.csv
larger_animal,flan-t5-large,negative_original,,3,False,42,0.0,False,0.68,,,C:\Users\Thundercrow\Desktop\DESCARTES\M2\NegativePrompt_H1\results\negative_original\flan-t5-large\results.csv
larger_animal,flan-t5-large,negative_original,,3,False,43,0.0,False,0.68,,,C:\Users\Thundercrow\Desktop\DESCARTES\M2\NegativePrompt_H1\results\negative_original\flan-t5-large\results.csv
larger_animal,flan-t5-large,negative_original,,3,False,44,0.0,False,0.68,,,C:\Users\Thundercrow\Desktop\DESCARTES\M2\NegativePrompt_H1\results\negative_original\flan-t5-large\results.csv
larger_animal,flan-t5-large,negative_original,,4,False,42,0.0,False,0.64,,,C:\Users\Thundercrow\Desktop\DESCARTES\M2\NegativePrompt_H1\results\negative_original\flan-t5-large\results.csv
larger_animal,flan-t5-large,negative_original,,4,False,43,0.0,False,0.64,,,C:\Users\Thundercrow\Desktop\DESCARTES\M2\NegativePrompt_H1\results\negative_original\flan-t5-large\results.csv
larger_animal,flan-t5-large,negative_original,,4,False,44,0.0,False,0.64,,,C:\Users\Thundercrow\Desktop\DESCARTES\M2\NegativePrompt_H1\results\negative_original\flan-t5-large\results.csv
larger_animal,flan-t5-large,neutral,1,0,False,42,0.0,False,0.67,,,C:\Users\Thundercrow\Desktop\DESCARTES\M2\NegativePrompt_H1\results\neutral\flan-t5-large\results.csv
larger_animal,flan-t5-large,neutral,1,0,False,43,0.0,False,0.67,,,C:\Users\Thundercrow\Desktop\DESCARTES\M2\NegativePrompt_H1\results\neutral\flan-t5-large\results.csv
larger_animal,flan-t5-large,neutral,1,0,False,44,0.0,False,0.67,,,C:\Users\Thundercrow\Desktop\DESCARTES\M2\NegativePrompt_H1\results\neutral\flan-t5-large\results.csv
larger_animal,flan-t5-large,neutral,2,0,False,42,0.0,False,0.92,,,C:\Users\Thundercrow\Desktop\DESCARTES\M2\NegativePrompt_H1\results\neutral\flan-t5-large\results.csv
larger_animal,flan-t5-large,neutral,2,0,False,43,0.0,False,0.92,,,C:\Users\Thundercrow\Desktop\DESCARTES\M2\NegativePrompt_H1\results\neutral\flan-t5-large\results.csv
larger_animal,flan-t5-large,neutral,2,0,False,44,0.0,False,0.92,,,C:\Users\Thundercrow\Desktop\DESCARTES\M2\NegativePrompt_H1\results\neutral\flan-t5-large\results.csv
larger_animal,flan-t5-large,neutral,3,0,False,42,0.0,False,0.7,,,C:\Users\Thundercrow\Desktop\DESCARTES\M2\NegativePrompt_H1\results\neutral\flan-t5-large\results.csv
larger_animal,flan-t5-large,neutral,3,0,False,43,0.0,False,0.7,,,C:\Users\Thundercrow\Desktop\DESCARTES\M2\NegativePrompt_H1\results\neutral\flan-t5-large\results.csv
larger_animal,flan-t5-large,neutral,3,0,False,44,0.0,False,0.7,,,C:\Users\Thundercrow\Desktop\DESCARTES\M2\NegativePrompt_H1\results\neutral\flan-t5-large\results.csv
larger_animal,flan-t5-large,neutral,4,0,False,42,0.0,False,0.67,,,C:\Users\Thundercrow\Desktop\DESCARTES\M2\NegativePrompt_H1\results\neutral\flan-t5-large\results.csv
larger_animal,flan-t5-large,neutral,4,0,False,43,0.0,False,0.67,,,C:\Users\Thundercrow\Desktop\DESCARTES\M2\NegativePrompt_H1\results\neutral\flan-t5-large\results.csv
larger_animal,flan-t5-large,neutral,4,0,False,44,0.0,False,0.67,,,C:\Users\Thundercrow\Desktop\DESCARTES\M2\NegativePrompt_H1\results\neutral\flan-t5-large\results.csv
larger_animal,flan-t5-large,positive,1,0,False,42,0.0,False,0.66,16.583,0.166,C:\Users\Thundercrow\Desktop\DESCARTES\M2\NegativePrompt_H1\results\positive\flan-t5-large\results.csv
larger_animal,flan-t5-large,positive,1,0,False,43,0.0,False,0.66,16.576,0.166,C:\Users\Thundercrow\Desktop\DESCARTES\M2\NegativePrompt_H1\results\positive\flan-t5-large\results.csv
larger_animal,flan-t5-large,positive,1,0,False,44,0.0,False,0.66,16.639,0.166,C:\Users\Thundercrow\Desktop\DESCARTES\M2\NegativePrompt_H1\results\positive\flan-t5-large\results.csv
larger_animal,flan-t5-large,positive,2,0,False,42,0.0,False,0.73,16.439,0.164,C:\Users\Thundercrow\Desktop\DESCARTES\M2\NegativePrompt_H1\results\positive\flan-t5-large\results.csv
larger_animal,flan-t5-large,positive,2,0,False,43,0.0,False,0.73,16.506,0.165,C:\Users\Thundercrow\Desktop\DESCARTES\M2\NegativePrompt_H1\results\positive\flan-t5-large\results.csv
larger_animal,flan-t5-large,positive,2,0,False,44,0.0,False,0.73,16.338,0.163,C:\Users\Thundercrow\Desktop\DESCARTES\M2\NegativePrompt_H1\results\positive\flan-t5-large\results.csv
larger_animal,flan-t5-large,positive,3,0,False,42,0.0,False,0.69,16.761,0.168,C:\Users\Thundercrow\Desktop\DESCARTES\M2\NegativePrompt_H1\results\positive\flan-t5-large\results.csv
larger_animal,flan-t5-large,positive,3,0,False,43,0.0,False,0.69,16.590,0.166,C:\Users\Thundercrow\Desktop\DESCARTES\M2\NegativePrompt_H1\results\positive\flan-t5-large\results.csv
larger_animal,flan-t5-large,positive,3,0,False,44,0.0,False,0.69,16.938,0.169,C:\Users\Thundercrow\Desktop\DESCARTES\M2\NegativePrompt_H1\results\positive\flan-t5-large\results.csv
larger_animal,flan-t5-large,positive,4,0,False,42,0.0,False,0.68,16.534,0.165,C:\Users\Thundercrow\Desktop\DESCARTES\M2\NegativePrompt_H1\results\positive\flan-t5-large\results.csv
larger_animal,flan-t5-large,positive,4,0,False,43,0.0,False,0.68,16.372,0.164,C:\Users\Thundercrow\Desktop\DESCARTES\M2\NegativePrompt_H1\results\positive\flan-t5-large\results.csv
larger_animal,flan-t5-large,positive,4,0,False,44,0.0,False,0.68,16.532,0.165,C:\Users\Thundercrow\Desktop\DESCARTES\M2\NegativePrompt_H1\results\positive\flan-t5-large\results.csv
letters_list,flan-t5-large,ambiguous,1,0,False,42,0.0,False,0.0,11.360,0.114,C:\Users\Thundercrow\Desktop\DESCARTES\M2\NegativePrompt_H1\results\ambiguous\flan-t5-large\results.csv
letters_list,flan-t5-large,ambiguous,1,0,False,43,0.0,False,0.0,11.230,0.112,C:\Users\Thundercrow\Desktop\DESCARTES\M2\NegativePrompt_H1\results\ambiguous\flan-t5-large\results.csv
letters_list,flan-t5-large,ambiguous,1,0,False,44,0.0,False,0.0,11.405,0.114,C:\Users\Thundercrow\Desktop\DESCARTES\M2\NegativePrompt_H1\results\ambiguous\flan-t5-large\results.csv
letters_list,flan-t5-large,ambiguous,2,0,False,42,0.0,False,0.0,11.305,0.113,C:\Users\Thundercrow\Desktop\DESCARTES\M2\NegativePrompt_H1\results\ambiguous\flan-t5-large\results.csv
letters_list,flan-t5-large,ambiguous,2,0,False,43,0.0,False,0.0,11.385,0.114,C:\Users\Thundercrow\Desktop\DESCARTES\M2\NegativePrompt_H1\results\ambiguous\flan-t5-large\results.csv
letters_list,flan-t5-large,ambiguous,2,0,False,44,0.0,False,0.0,11.379,0.114,C:\Users\Thundercrow\Desktop\DESCARTES\M2\NegativePrompt_H1\results\ambiguous\flan-t5-large\results.csv
letters_list,flan-t5-large,ambiguous,3,0,False,42,0.0,False,0.0,11.400,0.114,C:\Users\Thundercrow\Desktop\DESCARTES\M2\NegativePrompt_H1\results\ambiguous\flan-t5-large\results.csv
letters_list,flan-t5-large,ambiguous,3,0,False,43,0.0,False,0.0,11.298,0.113,C:\Users\Thundercrow\Desktop\DESCARTES\M2\NegativePrompt_H1\results\ambiguous\flan-t5-large\results.csv
letters_list,flan-t5-large,ambiguous,3,0,False,44,0.0,False,0.0,11.232,0.112,C:\Users\Thundercrow\Desktop\DESCARTES\M2\NegativePrompt_H1\results\ambiguous\flan-t5-large\results.csv
letters_list,flan-t5-large,ambiguous,4,0,False,42,0.0,False,0.0,11.309,0.113,C:\Users\Thundercrow\Desktop\DESCARTES\M2\NegativePrompt_H1\results\ambiguous\flan-t5-large\results.csv
letters_list,flan-t5-large,ambiguous,4,0,False,43,0.0,False,0.0,11.239,0.112,C:\Users\Thundercrow\Desktop\DESCARTES\M2\NegativePrompt_H1\results\ambiguous\flan-t5-large\results.csv
letters_list,flan-t5-large,ambiguous,4,0,False,44,0.0,False,0.0,11.282,0.113,C:\Users\Thundercrow\Desktop\DESCARTES\M2\NegativePrompt_H1\results\ambiguous\flan-t5-large\results.csv
letters_list,flan-t5-large,negative_control,1,0,False,42,0.0,False,0.0,,,C:\Users\Thundercrow\Desktop\DESCARTES\M2\NegativePrompt_H1\results\negative_control\flan-t5-large\results.csv
letters_list,flan-t5-large,negative_control,1,0,False,43,0.0,False,0.0,,,C:\Users\Thundercrow\Desktop\DESCARTES\M2\NegativePrompt_H1\results\negative_control\flan-t5-large\results.csv
letters_list,flan-t5-large,negative_control,1,0,False,44,0.0,False,0.0,,,C:\Users\Thundercrow\Desktop\DESCARTES\M2\NegativePrompt_H1\results\negative_control\flan-t5-large\results.csv
letters_list,flan-t5-large,negative_control,2,0,False,42,0.0,False,0.0,,,C:\Users\Thundercrow\Desktop\DESCARTES\M2\NegativePrompt_H1\results\negative_control\flan-t5-large\results.csv
letters_list,flan-t5-large,negative_control,2,0,False,43,0.0,False,0.0,,,C:\Users\Thundercrow\Desktop\DESCARTES\M2\NegativePrompt_H1\results\negative_control\flan-t5-large\results.csv
letters_list,flan-t5-large,negative_control,2,0,False,44,0.0,False,0.0,,,C:\Users\Thundercrow\Desktop\DESCARTES\M2\NegativePrompt_H1\results\negative_control\flan-t5-large\results.csv
letters_list,flan-t5-large,negative_control,3,0,False,42,0.0,False,0.0,,,C:\Users\Thundercrow\Desktop\DESCARTES\M2\NegativePrompt_H1\results\negative_control\flan-t5-large\results.csv
letters_list,flan-t5-large,negative_control,3,0,False,43,0.0,False,0.0,,,C:\Users\Thundercrow\Desktop\DESCARTES\M2\NegativePrompt_H1\results\negative_control\flan-t5-large\results.csv
letters_list,flan-t5-large,negative_control,3,0,False,44,0.0,False,0.0,,,C:\Users\Thundercrow\Desktop\DESCARTES\M2\NegativePrompt_H1\results\negative_control\flan-t5-large\results.csv
letters_list,flan-t5-large,negative_control,4,0,False,42,0.0,False,0.0,,,C:\Users\Thundercrow\Desktop\DESCARTES\M2\NegativePrompt_H1\results\negative_control\flan-t5-large\results.csv
letters_list,flan-t5-large,negative_control,4,0,False,43,0.0,False,0.0,,,C:\Users\Thundercrow\Desktop\DESCARTES\M2\NegativePrompt_H1\results\negative_control\flan-t5-large\results.csv
letters_list,flan-t5-large,negative_control,4,0,False,44,0.0,False,0.0,,,C:\Users\Thundercrow\Desktop\DESCARTES\M2\NegativePrompt_H1\results\negative_control\flan-t5-large\results.csv
letters_list,flan-t5-large,negative_original,,1,False,42,0.0,False,0.0,,,C:\Users\Thundercrow\Desktop\DESCARTES\M2\NegativePrompt_H1\results\negative_original\flan-t5-large\results.csv
letters_list,flan-t5-large,negative_original,,1,False,43,0.0,False,0.0,,,C:\Users\Thundercrow\Desktop\DESCARTES\M2\NegativePrompt_H1\results\negative_original\flan-t5-large\results.csv
letters_list,flan-t5-large,negative_original,,1,False,44,0.0,False,0.0,,,C:\Users\Thundercrow\Desktop\DESCARTES\M2\NegativePrompt_H1\results\negative_original\flan-t5-large\results.csv
letters_list,flan-t5-large,negative_original,,2,False,42,0.0,False,0.0,,,C:\Users\Thundercrow\Desktop\DESCARTES\M2\NegativePrompt_H1\results\negative_original\flan-t5-large\results.csv
letters_list,flan-t5-large,negative_original,,2,False,43,0.0,False,0.0,,,C:\Users\Thundercrow\Desktop\DESCARTES\M2\NegativePrompt_H1\results\negative_original\flan-t5-large\results.csv
letters_list,flan-t5-large,negative_original,,2,False,44,0.0,False,0.0,,,C:\Users\Thundercrow\Desktop\DESCARTES\M2\NegativePrompt_H1\results\negative_original\flan-t5-large\results.csv
letters_list,flan-t5-large,negative_original,,3,False,42,0.0,False,0.0,,,C:\Users\Thundercrow\Desktop\DESCARTES\M2\NegativePrompt_H1\results\negative_original\flan-t5-large\results.csv
letters_list,flan-t5-large,negative_original,,3,False,43,0.0,False,0.0,,,C:\Users\Thundercrow\Desktop\DESCARTES\M2\NegativePrompt_H1\results\negative_original\flan-t5-large\results.csv
letters_list,flan-t5-large,negative_original,,3,False,44,0.0,False,0.0,,,C:\Users\Thundercrow\Desktop\DESCARTES\M2\NegativePrompt_H1\results\negative_original\flan-t5-large\results.csv
letters_list,flan-t5-large,negative_original,,4,False,42,0.0,False,0.0,,,C:\Users\Thundercrow\Desktop\DESCARTES\M2\NegativePrompt_H1\results\negative_original\flan-t5-large\results.csv
letters_list,flan-t5-large,negative_original,,4,False,43,0.0,False,0.0,,,C:\Users\Thundercrow\Desktop\DESCARTES\M2\NegativePrompt_H1\results\negative_original\flan-t5-large\results.csv
letters_list,flan-t5-large,negative_original,,4,False,44,0.0,False,0.0,,,C:\Users\Thundercrow\Desktop\DESCARTES\M2\NegativePrompt_H1\results\negative_original\flan-t5-large\results.csv
letters_list,flan-t5-large,neutral,1,0,False,42,0.0,False,0.0,,,C:\Users\Thundercrow\Desktop\DESCARTES\M2\NegativePrompt_H1\results\neutral\flan-t5-large\results.csv
letters_list,flan-t5-large,neutral,1,0,False,43,0.0,False,0.0,,,C:\Users\Thundercrow\Desktop\DESCARTES\M2\NegativePrompt_H1\results\neutral\flan-t5-large\results.csv
letters_list,flan-t5-large,neutral,1,0,False,44,0.0,False,0.0,,,C:\Users\Thundercrow\Desktop\DESCARTES\M2\NegativePrompt_H1\results\neutral\flan-t5-large\results.csv
letters_list,flan-t5-large,neutral,2,0,False,42,0.0,False,0.0,,,C:\Users\Thundercrow\Desktop\DESCARTES\M2\NegativePrompt_H1\results\neutral\flan-t5-large\results.csv
letters_list,flan-t5-large,neutral,2,0,False,43,0.0,False,0.0,,,C:\Users\Thundercrow\Desktop\DESCARTES\M2\NegativePrompt_H1\results\neutral\flan-t5-large\results.csv
letters_list,flan-t5-large,neutral,2,0,False,44,0.0,False,0.0,,,C:\Users\Thundercrow\Desktop\DESCARTES\M2\NegativePrompt_H1\results\neutral\flan-t5-large\results.csv
letters_list,flan-t5-large,neutral,3,0,False,42,0.0,False,0.0,,,C:\Users\Thundercrow\Desktop\DESCARTES\M2\NegativePrompt_H1\results\neutral\flan-t5-large\results.csv
letters_list,flan-t5-large,neutral,3,0,False,43,0.0,False,0.0,,,C:\Users\Thundercrow\Desktop\DESCARTES\M2\NegativePrompt_H1\results\neutral\flan-t5-large\results.csv
letters_list,flan-t5-large,neutral,3,0,False,44,0.0,False,0.0,,,C:\Users\Thundercrow\Desktop\DESCARTES\M2\NegativePrompt_H1\results\neutral\flan-t5-large\results.csv
letters_list,flan-t5-large,neutral,4,0,False,42,0.0,False,0.0,,,C:\Users\Thundercrow\Desktop\DESCARTES\M2\NegativePrompt_H1\results\neutral\flan-t5-large\results.csv
letters_list,flan-t5-large,neutral,4,0,False,43,0.0,False,0.0,,,C:\Users\Thundercrow\Desktop\DESCARTES\M2\NegativePrompt_H1\results\neutral\flan-t5-large\results.csv
letters_list,flan-t5-large,neutral,4,0,False,44,0.0,False,0.0,,,C:\Users\Thundercrow\Desktop\DESCARTES\M2\NegativePrompt_H1\results\neutral\flan-t5-large\results.csv
letters_list,flan-t5-large,positive,1,0,False,42,0.0,False,0.0,11.371,0.114,C:\Users\Thundercrow\Desktop\DESCARTES\M2\NegativePrompt_H1\results\positive\flan-t5-large\results.csv
letters_list,flan-t5-large,positive,1,0,False,43,0.0,False,0.0,11.449,0.114,C:\Users\Thundercrow\Desktop\DESCARTES\M2\NegativePrompt_H1\results\positive\flan-t5-large\results.csv
letters_list,flan-t5-large,positive,1,0,False,44,0.0,False,0.0,11.290,0.113,C:\Users\Thundercrow\Desktop\DESCARTES\M2\NegativePrompt_H1\results\positive\flan-t5-large\results.csv
letters_list,flan-t5-large,positive,2,0,False,42,0.0,False,0.0,11.561,0.116,C:\Users\Thundercrow\Desktop\DESCARTES\M2\NegativePrompt_H1\results\positive\flan-t5-large\results.csv
letters_list,flan-t5-large,positive,2,0,False,43,0.0,False,0.0,11.637,0.116,C:\Users\Thundercrow\Desktop\DESCARTES\M2\NegativePrompt_H1\results\positive\flan-t5-large\results.csv
letters_list,flan-t5-large,positive,2,0,False,44,0.0,False,0.0,11.491,0.115,C:\Users\Thundercrow\Desktop\DESCARTES\M2\NegativePrompt_H1\results\positive\flan-t5-large\results.csv
letters_list,flan-t5-large,positive,3,0,False,42,0.0,False,0.0,11.390,0.114,C:\Users\Thundercrow\Desktop\DESCARTES\M2\NegativePrompt_H1\results\positive\flan-t5-large\results.csv
letters_list,flan-t5-large,positive,3,0,False,43,0.0,False,0.0,11.370,0.114,C:\Users\Thundercrow\Desktop\DESCARTES\M2\NegativePrompt_H1\results\positive\flan-t5-large\results.csv
letters_list,flan-t5-large,positive,3,0,False,44,0.0,False,0.0,11.409,0.114,C:\Users\Thundercrow\Desktop\DESCARTES\M2\NegativePrompt_H1\results\positive\flan-t5-large\results.csv
letters_list,flan-t5-large,positive,4,0,False,42,0.0,False,0.0,11.456,0.115,C:\Users\Thundercrow\Desktop\DESCARTES\M2\NegativePrompt_H1\results\positive\flan-t5-large\results.csv
letters_list,flan-t5-large,positive,4,0,False,43,0.0,False,0.0,11.356,0.114,C:\Users\Thundercrow\Desktop\DESCARTES\M2\NegativePrompt_H1\results\positive\flan-t5-large\results.csv
letters_list,flan-t5-large,positive,4,0,False,44,0.0,False,0.0,11.352,0.114,C:\Users\Thundercrow\Desktop\DESCARTES\M2\NegativePrompt_H1\results\positive\flan-t5-large\results.csv
negation,flan-t5-large,ambiguous,1,0,False,42,0.0,False,0.04,33.481,0.335,C:\Users\Thundercrow\Desktop\DESCARTES\M2\NegativePrompt_H1\results\ambiguous\flan-t5-large\results.csv
negation,flan-t5-large,ambiguous,1,0,False,43,0.0,False,0.04,33.210,0.332,C:\Users\Thundercrow\Desktop\DESCARTES\M2\NegativePrompt_H1\results\ambiguous\flan-t5-large\results.csv
negation,flan-t5-large,ambiguous,1,0,False,44,0.0,False,0.04,32.985,0.330,C:\Users\Thundercrow\Desktop\DESCARTES\M2\NegativePrompt_H1\results\ambiguous\flan-t5-large\results.csv
negation,flan-t5-large,ambiguous,2,0,False,42,0.0,False,0.0,15.817,0.158,C:\Users\Thundercrow\Desktop\DESCARTES\M2\NegativePrompt_H1\results\ambiguous\flan-t5-large\results.csv
negation,flan-t5-large,ambiguous,2,0,False,43,0.0,False,0.0,15.838,0.158,C:\Users\Thundercrow\Desktop\DESCARTES\M2\NegativePrompt_H1\results\ambiguous\flan-t5-large\results.csv
negation,flan-t5-large,ambiguous,2,0,False,44,0.0,False,0.0,15.881,0.159,C:\Users\Thundercrow\Desktop\DESCARTES\M2\NegativePrompt_H1\results\ambiguous\flan-t5-large\results.csv
negation,flan-t5-large,ambiguous,3,0,False,42,0.0,False,0.0,36.837,0.368,C:\Users\Thundercrow\Desktop\DESCARTES\M2\NegativePrompt_H1\results\ambiguous\flan-t5-large\results.csv
negation,flan-t5-large,ambiguous,3,0,False,43,0.0,False,0.0,36.752,0.368,C:\Users\Thundercrow\Desktop\DESCARTES\M2\NegativePrompt_H1\results\ambiguous\flan-t5-large\results.csv
negation,flan-t5-large,ambiguous,3,0,False,44,0.0,False,0.0,36.723,0.367,C:\Users\Thundercrow\Desktop\DESCARTES\M2\NegativePrompt_H1\results\ambiguous\flan-t5-large\results.csv
negation,flan-t5-large,ambiguous,4,0,False,42,0.0,False,0.01,32.191,0.322,C:\Users\Thundercrow\Desktop\DESCARTES\M2\NegativePrompt_H1\results\ambiguous\flan-t5-large\results.csv
negation,flan-t5-large,ambiguous,4,0,False,43,0.0,False,0.01,32.085,0.321,C:\Users\Thundercrow\Desktop\DESCARTES\M2\NegativePrompt_H1\results\ambiguous\flan-t5-large\results.csv
negation,flan-t5-large,ambiguous,4,0,False,44,0.0,False,0.01,31.749,0.317,C:\Users\Thundercrow\Desktop\DESCARTES\M2\NegativePrompt_H1\results\ambiguous\flan-t5-large\results.csv
negation,flan-t5-large,negative_control,1,0,False,42,0.0,False,0.0,,,C:\Users\Thundercrow\Desktop\DESCARTES\M2\NegativePrompt_H1\results\negative_control\flan-t5-large\results.csv
negation,flan-t5-large,negative_control,1,0,False,43,0.0,False,0.0,,,C:\Users\Thundercrow\Desktop\DESCARTES\M2\NegativePrompt_H1\results\negative_control\flan-t5-large\results.csv
negation,flan-t5-large,negative_control,1,0,False,44,0.0,False,0.0,,,C:\Users\Thundercrow\Desktop\DESCARTES\M2\NegativePrompt_H1\results\negative_control\flan-t5-large\results.csv
negation,flan-t5-large,negative_control,2,0,False,42,0.0,False,0.01,,,C:\Users\Thundercrow\Desktop\DESCARTES\M2\NegativePrompt_H1\results\negative_control\flan-t5-large\results.csv
negation,flan-t5-large,negative_control,2,0,False,43,0.0,False,0.01,,,C:\Users\Thundercrow\Desktop\DESCARTES\M2\NegativePrompt_H1\results\negative_control\flan-t5-large\results.csv
negation,flan-t5-large,negative_control,2,0,False,44,0.0,False,0.01,,,C:\Users\Thundercrow\Desktop\DESCARTES\M2\NegativePrompt_H1\results\negative_control\flan-t5-large\results.csv
negation,flan-t5-large,negative_control,3,0,False,42,0.0,False,0.0,,,C:\Users\Thundercrow\Desktop\DESCARTES\M2\NegativePrompt_H1\results\negative_control\flan-t5-large\results.csv
negation,flan-t5-large,negative_control,3,0,False,43,0.0,False,0.0,,,C:\Users\Thundercrow\Desktop\DESCARTES\M2\NegativePrompt_H1\results\negative_control\flan-t5-large\results.csv
negation,flan-t5-large,negative_control,3,0,False,44,0.0,False,0.0,,,C:\Users\Thundercrow\Desktop\DESCARTES\M2\NegativePrompt_H1\results\negative_control\flan-t5-large\results.csv
negation,flan-t5-large,negative_control,4,0,False,42,0.0,False,0.03,,,C:\Users\Thundercrow\Desktop\DESCARTES\M2\NegativePrompt_H1\results\negative_control\flan-t5-large\results.csv
negation,flan-t5-large,negative_control,4,0,False,43,0.0,False,0.03,,,C:\Users\Thundercrow\Desktop\DESCARTES\M2\NegativePrompt_H1\results\negative_control\flan-t5-large\results.csv
negation,flan-t5-large,negative_control,4,0,False,44,0.0,False,0.03,,,C:\Users\Thundercrow\Desktop\DESCARTES\M2\NegativePrompt_H1\results\negative_control\flan-t5-large\results.csv
negation,flan-t5-large,negative_original,,1,False,42,0.0,False,0.0,,,C:\Users\Thundercrow\Desktop\DESCARTES\M2\NegativePrompt_H1\results\negative_original\flan-t5-large\results.csv
negation,flan-t5-large,negative_original,,1,False,43,0.0,False,0.0,,,C:\Users\Thundercrow\Desktop\DESCARTES\M2\NegativePrompt_H1\results\negative_original\flan-t5-large\results.csv
negation,flan-t5-large,negative_original,,1,False,44,0.0,False,0.0,,,C:\Users\Thundercrow\Desktop\DESCARTES\M2\NegativePrompt_H1\results\negative_original\flan-t5-large\results.csv
negation,flan-t5-large,negative_original,,2,False,42,0.0,False,0.0,,,C:\Users\Thundercrow\Desktop\DESCARTES\M2\NegativePrompt_H1\results\negative_original\flan-t5-large\results.csv
negation,flan-t5-large,negative_original,,2,False,43,0.0,False,0.0,,,C:\Users\Thundercrow\Desktop\DESCARTES\M2\NegativePrompt_H1\results\negative_original\flan-t5-large\results.csv
negation,flan-t5-large,negative_original,,2,False,44,0.0,False,0.0,,,C:\Users\Thundercrow\Desktop\DESCARTES\M2\NegativePrompt_H1\results\negative_original\flan-t5-large\results.csv
negation,flan-t5-large,negative_original,,3,False,42,0.0,False,0.0,,,C:\Users\Thundercrow\Desktop\DESCARTES\M2\NegativePrompt_H1\results\negative_original\flan-t5-large\results.csv
negation,flan-t5-large,negative_original,,3,False,43,0.0,False,0.0,,,C:\Users\Thundercrow\Desktop\DESCARTES\M2\NegativePrompt_H1\results\negative_original\flan-t5-large\results.csv
negation,flan-t5-large,negative_original,,3,False,44,0.0,False,0.0,,,C:\Users\Thundercrow\Desktop\DESCARTES\M2\NegativePrompt_H1\results\negative_original\flan-t5-large\results.csv
negation,flan-t5-large,negative_original,,4,False,42,0.0,False,0.0,,,C:\Users\Thundercrow\Desktop\DESCARTES\M2\NegativePrompt_H1\results\negative_original\flan-t5-large\results.csv
negation,flan-t5-large,negative_original,,4,False,43,0.0,False,0.0,,,C:\Users\Thundercrow\Desktop\DESCARTES\M2\NegativePrompt_H1\results\negative_original\flan-t5-large\results.csv
negation,flan-t5-large,negative_original,,4,False,44,0.0,False,0.0,,,C:\Users\Thundercrow\Desktop\DESCARTES\M2\NegativePrompt_H1\results\negative_original\flan-t5-large\results.csv
negation,flan-t5-large,neutral,1,0,False,42,0.0,False,0.05,,,C:\Users\Thundercrow\Desktop\DESCARTES\M2\NegativePrompt_H1\results\neutral\flan-t5-large\results.csv
negation,flan-t5-large,neutral,1,0,False,43,0.0,False,0.05,,,C:\Users\Thundercrow\Desktop\DESCARTES\M2\NegativePrompt_H1\results\neutral\flan-t5-large\results.csv
negation,flan-t5-large,neutral,1,0,False,44,0.0,False,0.05,,,C:\Users\Thundercrow\Desktop\DESCARTES\M2\NegativePrompt_H1\results\neutral\flan-t5-large\results.csv
negation,flan-t5-large,neutral,2,0,False,42,0.0,False,0.0,,,C:\Users\Thundercrow\Desktop\DESCARTES\M2\NegativePrompt_H1\results\neutral\flan-t5-large\results.csv
negation,flan-t5-large,neutral,2,0,False,43,0.0,False,0.0,,,C:\Users\Thundercrow\Desktop\DESCARTES\M2\NegativePrompt_H1\results\neutral\flan-t5-large\results.csv
negation,flan-t5-large,neutral,2,0,False,44,0.0,False,0.0,,,C:\Users\Thundercrow\Desktop\DESCARTES\M2\NegativePrompt_H1\results\neutral\flan-t5-large\results.csv
negation,flan-t5-large,neutral,3,0,False,42,0.0,False,0.0,,,C:\Users\Thundercrow\Desktop\DESCARTES\M2\NegativePrompt_H1\results\neutral\flan-t5-large\results.csv
negation,flan-t5-large,neutral,3,0,False,43,0.0,False,0.0,,,C:\Users\Thundercrow\Desktop\DESCARTES\M2\NegativePrompt_H1\results\neutral\flan-t5-large\results.csv
negation,flan-t5-large,neutral,3,0,False,44,0.0,False,0.0,,,C:\Users\Thundercrow\Desktop\DESCARTES\M2\NegativePrompt_H1\results\neutral\flan-t5-large\results.csv
negation,flan-t5-large,neutral,4,0,False,42,0.0,False,0.0,,,C:\Users\Thundercrow\Desktop\DESCARTES\M2\NegativePrompt_H1\results\neutral\flan-t5-large\results.csv
negation,flan-t5-large,neutral,4,0,False,43,0.0,False,0.0,,,C:\Users\Thundercrow\Desktop\DESCARTES\M2\NegativePrompt_H1\results\neutral\flan-t5-large\results.csv
negation,flan-t5-large,neutral,4,0,False,44,0.0,False,0.0,,,C:\Users\Thundercrow\Desktop\DESCARTES\M2\NegativePrompt_H1\results\neutral\flan-t5-large\results.csv
negation,flan-t5-large,positive,1,0,False,42,0.0,False,0.02,39.822,0.398,C:\Users\Thundercrow\Desktop\DESCARTES\M2\NegativePrompt_H1\results\positive\flan-t5-large\results.csv
negation,flan-t5-large,positive,1,0,False,43,0.0,False,0.02,39.290,0.393,C:\Users\Thundercrow\Desktop\DESCARTES\M2\NegativePrompt_H1\results\positive\flan-t5-large\results.csv
negation,flan-t5-large,positive,1,0,False,44,0.0,False,0.02,39.339,0.393,C:\Users\Thundercrow\Desktop\DESCARTES\M2\NegativePrompt_H1\results\positive\flan-t5-large\results.csv
negation,flan-t5-large,positive,2,0,False,42,0.0,False,0.0,29.489,0.295,C:\Users\Thundercrow\Desktop\DESCARTES\M2\NegativePrompt_H1\results\positive\flan-t5-large\results.csv
negation,flan-t5-large,positive,2,0,False,43,0.0,False,0.0,29.541,0.295,C:\Users\Thundercrow\Desktop\DESCARTES\M2\NegativePrompt_H1\results\positive\flan-t5-large\results.csv
negation,flan-t5-large,positive,2,0,False,44,0.0,False,0.0,29.659,0.297,C:\Users\Thundercrow\Desktop\DESCARTES\M2\NegativePrompt_H1\results\positive\flan-t5-large\results.csv
negation,flan-t5-large,positive,3,0,False,42,0.0,False,0.03,32.814,0.328,C:\Users\Thundercrow\Desktop\DESCARTES\M2\NegativePrompt_H1\results\positive\flan-t5-large\results.csv
negation,flan-t5-large,positive,3,0,False,43,0.0,False,0.03,32.742,0.327,C:\Users\Thundercrow\Desktop\DESCARTES\M2\NegativePrompt_H1\results\positive\flan-t5-large\results.csv
negation,flan-t5-large,positive,3,0,False,44,0.0,False,0.03,32.616,0.326,C:\Users\Thundercrow\Desktop\DESCARTES\M2\NegativePrompt_H1\results\positive\flan-t5-large\results.csv
negation,flan-t5-large,positive,4,0,False,42,0.0,False,0.03,34.283,0.343,C:\Users\Thundercrow\Desktop\DESCARTES\M2\NegativePrompt_H1\results\positive\flan-t5-large\results.csv
negation,flan-t5-large,positive,4,0,False,43,0.0,False,0.03,34.270,0.343,C:\Users\Thundercrow\Desktop\DESCARTES\M2\NegativePrompt_H1\results\positive\flan-t5-large\results.csv
negation,flan-t5-large,positive,4,0,False,44,0.0,False,0.03,33.989,0.340,C:\Users\Thundercrow\Desktop\DESCARTES\M2\NegativePrompt_H1\results\positive\flan-t5-large\results.csv
num_to_verbal,flan-t5-large,ambiguous,1,0,False,42,0.0,False,0.0,13.984,0.140,C:\Users\Thundercrow\Desktop\DESCARTES\M2\NegativePrompt_H1\results\ambiguous\flan-t5-large\results.csv
num_to_verbal,flan-t5-large,ambiguous,1,0,False,43,0.0,False,0.0,14.049,0.140,C:\Users\Thundercrow\Desktop\DESCARTES\M2\NegativePrompt_H1\results\ambiguous\flan-t5-large\results.csv
num_to_verbal,flan-t5-large,ambiguous,1,0,False,44,0.0,False,0.0,14.278,0.143,C:\Users\Thundercrow\Desktop\DESCARTES\M2\NegativePrompt_H1\results\ambiguous\flan-t5-large\results.csv
num_to_verbal,flan-t5-large,ambiguous,2,0,False,42,0.0,False,0.0,14.128,0.141,C:\Users\Thundercrow\Desktop\DESCARTES\M2\NegativePrompt_H1\results\ambiguous\flan-t5-large\results.csv
num_to_verbal,flan-t5-large,ambiguous,2,0,False,43,0.0,False,0.0,14.185,0.142,C:\Users\Thundercrow\Desktop\DESCARTES\M2\NegativePrompt_H1\results\ambiguous\flan-t5-large\results.csv
num_to_verbal,flan-t5-large,ambiguous,2,0,False,44,0.0,False,0.0,14.002,0.140,C:\Users\Thundercrow\Desktop\DESCARTES\M2\NegativePrompt_H1\results\ambiguous\flan-t5-large\results.csv
num_to_verbal,flan-t5-large,ambiguous,3,0,False,42,0.0,False,0.0,14.037,0.140,C:\Users\Thundercrow\Desktop\DESCARTES\M2\NegativePrompt_H1\results\ambiguous\flan-t5-large\results.csv
num_to_verbal,flan-t5-large,ambiguous,3,0,False,43,0.0,False,0.0,13.977,0.140,C:\Users\Thundercrow\Desktop\DESCARTES\M2\NegativePrompt_H1\results\ambiguous\flan-t5-large\results.csv
num_to_verbal,flan-t5-large,ambiguous,3,0,False,44,0.0,False,0.0,14.074,0.141,C:\Users\Thundercrow\Desktop\DESCARTES\M2\NegativePrompt_H1\results\ambiguous\flan-t5-large\results.csv
num_to_verbal,flan-t5-large,ambiguous,4,0,False,42,0.0,False,0.0,14.206,0.142,C:\Users\Thundercrow\Desktop\DESCARTES\M2\NegativePrompt_H1\results\ambiguous\flan-t5-large\results.csv
num_to_verbal,flan-t5-large,ambiguous,4,0,False,43,0.0,False,0.0,14.101,0.141,C:\Users\Thundercrow\Desktop\DESCARTES\M2\NegativePrompt_H1\results\ambiguous\flan-t5-large\results.csv
num_to_verbal,flan-t5-large,ambiguous,4,0,False,44,0.0,False,0.0,14.019,0.140,C:\Users\Thundercrow\Desktop\DESCARTES\M2\NegativePrompt_H1\results\ambiguous\flan-t5-large\results.csv
num_to_verbal,flan-t5-large,negative_control,1,0,False,42,0.0,False,0.0,,,C:\Users\Thundercrow\Desktop\DESCARTES\M2\NegativePrompt_H1\results\negative_control\flan-t5-large\results.csv
num_to_verbal,flan-t5-large,negative_control,1,0,False,43,0.0,False,0.0,,,C:\Users\Thundercrow\Desktop\DESCARTES\M2\NegativePrompt_H1\results\negative_control\flan-t5-large\results.csv
num_to_verbal,flan-t5-large,negative_control,1,0,False,44,0.0,False,0.0,,,C:\Users\Thundercrow\Desktop\DESCARTES\M2\NegativePrompt_H1\results\negative_control\flan-t5-large\results.csv
num_to_verbal,flan-t5-large,negative_control,2,0,False,42,0.0,False,0.0,,,C:\Users\Thundercrow\Desktop\DESCARTES\M2\NegativePrompt_H1\results\negative_control\flan-t5-large\results.csv
num_to_verbal,flan-t5-large,negative_control,2,0,False,43,0.0,False,0.0,,,C:\Users\Thundercrow\Desktop\DESCARTES\M2\NegativePrompt_H1\results\negative_control\flan-t5-large\results.csv
num_to_verbal,flan-t5-large,negative_control,2,0,False,44,0.0,False,0.0,,,C:\Users\Thundercrow\Desktop\DESCARTES\M2\NegativePrompt_H1\results\negative_control\flan-t5-large\results.csv
num_to_verbal,flan-t5-large,negative_control,3,0,False,42,0.0,False,0.0,,,C:\Users\Thundercrow\Desktop\DESCARTES\M2\NegativePrompt_H1\results\negative_control\flan-t5-large\results.csv
num_to_verbal,flan-t5-large,negative_control,3,0,False,43,0.0,False,0.0,,,C:\Users\Thundercrow\Desktop\DESCARTES\M2\NegativePrompt_H1\results\negative_control\flan-t5-large\results.csv
num_to_verbal,flan-t5-large,negative_control,3,0,False,44,0.0,False,0.0,,,C:\Users\Thundercrow\Desktop\DESCARTES\M2\NegativePrompt_H1\results\negative_control\flan-t5-large\results.csv
num_to_verbal,flan-t5-large,negative_control,4,0,False,42,0.0,False,0.0,,,C:\Users\Thundercrow\Desktop\DESCARTES\M2\NegativePrompt_H1\results\negative_control\flan-t5-large\results.csv
num_to_verbal,flan-t5-large,negative_control,4,0,False,43,0.0,False,0.0,,,C:\Users\Thundercrow\Desktop\DESCARTES\M2\NegativePrompt_H1\results\negative_control\flan-t5-large\results.csv
num_to_verbal,flan-t5-large,negative_control,4,0,False,44,0.0,False,0.0,,,C:\Users\Thundercrow\Desktop\DESCARTES\M2\NegativePrompt_H1\results\negative_control\flan-t5-large\results.csv
num_to_verbal,flan-t5-large,negative_original,,1,False,42,0.0,False,0.0,,,C:\Users\Thundercrow\Desktop\DESCARTES\M2\NegativePrompt_H1\results\negative_original\flan-t5-large\results.csv
num_to_verbal,flan-t5-large,negative_original,,1,False,43,0.0,False,0.0,,,C:\Users\Thundercrow\Desktop\DESCARTES\M2\NegativePrompt_H1\results\negative_original\flan-t5-large\results.csv
num_to_verbal,flan-t5-large,negative_original,,1,False,44,0.0,False,0.0,,,C:\Users\Thundercrow\Desktop\DESCARTES\M2\NegativePrompt_H1\results\negative_original\flan-t5-large\results.csv
num_to_verbal,flan-t5-large,negative_original,,2,False,42,0.0,False,0.0,,,C:\Users\Thundercrow\Desktop\DESCARTES\M2\NegativePrompt_H1\results\negative_original\flan-t5-large\results.csv
num_to_verbal,flan-t5-large,negative_original,,2,False,43,0.0,False,0.0,,,C:\Users\Thundercrow\Desktop\DESCARTES\M2\NegativePrompt_H1\results\negative_original\flan-t5-large\results.csv
num_to_verbal,flan-t5-large,negative_original,,2,False,44,0.0,False,0.0,,,C:\Users\Thundercrow\Desktop\DESCARTES\M2\NegativePrompt_H1\results\negative_original\flan-t5-large\results.csv
num_to_verbal,flan-t5-large,negative_original,,3,False,42,0.0,False,0.0,,,C:\Users\Thundercrow\Desktop\DESCARTES\M2\NegativePrompt_H1\results\negative_original\flan-t5-large\results.csv
num_to_verbal,flan-t5-large,negative_original,,3,False,43,0.0,False,0.0,,,C:\Users\Thundercrow\Desktop\DESCARTES\M2\NegativePrompt_H1\results\negative_original\flan-t5-large\results.csv
num_to_verbal,flan-t5-large,negative_original,,3,False,44,0.0,False,0.0,,,C:\Users\Thundercrow\Desktop\DESCARTES\M2\NegativePrompt_H1\results\negative_original\flan-t5-large\results.csv
num_to_verbal,flan-t5-large,negative_original,,4,False,42,0.0,False,0.0,,,C:\Users\Thundercrow\Desktop\DESCARTES\M2\NegativePrompt_H1\results\negative_original\flan-t5-large\results.csv
num_to_verbal,flan-t5-large,negative_original,,4,False,43,0.0,False,0.0,,,C:\Users\Thundercrow\Desktop\DESCARTES\M2\NegativePrompt_H1\results\negative_original\flan-t5-large\results.csv
num_to_verbal,flan-t5-large,negative_original,,4,False,44,0.0,False,0.0,,,C:\Users\Thundercrow\Desktop\DESCARTES\M2\NegativePrompt_H1\results\negative_original\flan-t5-large\results.csv
num_to_verbal,flan-t5-large,neutral,1,0,False,42,0.0,False,0.0,,,C:\Users\Thundercrow\Desktop\DESCARTES\M2\NegativePrompt_H1\results\neutral\flan-t5-large\results.csv
num_to_verbal,flan-t5-large,neutral,1,0,False,43,0.0,False,0.0,,,C:\Users\Thundercrow\Desktop\DESCARTES\M2\NegativePrompt_H1\results\neutral\flan-t5-large\results.csv
num_to_verbal,flan-t5-large,neutral,1,0,False,44,0.0,False,0.0,,,C:\Users\Thundercrow\Desktop\DESCARTES\M2\NegativePrompt_H1\results\neutral\flan-t5-large\results.csv
num_to_verbal,flan-t5-large,neutral,2,0,False,42,0.0,False,0.0,,,C:\Users\Thundercrow\Desktop\DESCARTES\M2\NegativePrompt_H1\results\neutral\flan-t5-large\results.csv
num_to_verbal,flan-t5-large,neutral,2,0,False,43,0.0,False,0.0,,,C:\Users\Thundercrow\Desktop\DESCARTES\M2\NegativePrompt_H1\results\neutral\flan-t5-large\results.csv
num_to_verbal,flan-t5-large,neutral,2,0,False,44,0.0,False,0.0,,,C:\Users\Thundercrow\Desktop\DESCARTES\M2\NegativePrompt_H1\results\neutral\flan-t5-large\results.csv
num_to_verbal,flan-t5-large,neutral,3,0,False,42,0.0,False,0.0,,,C:\Users\Thundercrow\Desktop\DESCARTES\M2\NegativePrompt_H1\results\neutral\flan-t5-large\results.csv
num_to_verbal,flan-t5-large,neutral,3,0,False,43,0.0,False,0.0,,,C:\Users\Thundercrow\Desktop\DESCARTES\M2\NegativePrompt_H1\results\neutral\flan-t5-large\results.csv
num_to_verbal,flan-t5-large,neutral,3,0,False,44,0.0,False,0.0,,,C:\Users\Thundercrow\Desktop\DESCARTES\M2\NegativePrompt_H1\results\neutral\flan-t5-large\results.csv
num_to_verbal,flan-t5-large,neutral,4,0,False,42,0.0,False,0.0,,,C:\Users\Thundercrow\Desktop\DESCARTES\M2\NegativePrompt_H1\results\neutral\flan-t5-large\results.csv
num_to_verbal,flan-t5-large,neutral,4,0,False,43,0.0,False,0.0,,,C:\Users\Thundercrow\Desktop\DESCARTES\M2\NegativePrompt_H1\results\neutral\flan-t5-large\results.csv
num_to_verbal,flan-t5-large,neutral,4,0,False,44,0.0,False,0.0,,,C:\Users\Thundercrow\Desktop\DESCARTES\M2\NegativePrompt_H1\results\neutral\flan-t5-large\results.csv
num_to_verbal,flan-t5-large,positive,1,0,False,42,0.0,False,0.0,13.952,0.140,C:\Users\Thundercrow\Desktop\DESCARTES\M2\NegativePrompt_H1\results\positive\flan-t5-large\results.csv
num_to_verbal,flan-t5-large,positive,1,0,False,43,0.0,False,0.0,13.929,0.139,C:\Users\Thundercrow\Desktop\DESCARTES\M2\NegativePrompt_H1\results\positive\flan-t5-large\results.csv
num_to_verbal,flan-t5-large,positive,1,0,False,44,0.0,False,0.0,13.901,0.139,C:\Users\Thundercrow\Desktop\DESCARTES\M2\NegativePrompt_H1\results\positive\flan-t5-large\results.csv
num_to_verbal,flan-t5-large,positive,2,0,False,42,0.0,False,0.0,13.914,0.139,C:\Users\Thundercrow\Desktop\DESCARTES\M2\NegativePrompt_H1\results\positive\flan-t5-large\results.csv
num_to_verbal,flan-t5-large,positive,2,0,False,43,0.0,False,0.0,13.967,0.140,C:\Users\Thundercrow\Desktop\DESCARTES\M2\NegativePrompt_H1\results\positive\flan-t5-large\results.csv
num_to_verbal,flan-t5-large,positive,2,0,False,44,0.0,False,0.0,13.881,0.139,C:\Users\Thundercrow\Desktop\DESCARTES\M2\NegativePrompt_H1\results\positive\flan-t5-large\results.csv
num_to_verbal,flan-t5-large,positive,3,0,False,42,0.0,False,0.0,14.053,0.141,C:\Users\Thundercrow\Desktop\DESCARTES\M2\NegativePrompt_H1\results\positive\flan-t5-large\results.csv
num_to_verbal,flan-t5-large,positive,3,0,False,43,0.0,False,0.0,14.077,0.141,C:\Users\Thundercrow\Desktop\DESCARTES\M2\NegativePrompt_H1\results\positive\flan-t5-large\results.csv
num_to_verbal,flan-t5-large,positive,3,0,False,44,0.0,False,0.0,14.022,0.140,C:\Users\Thundercrow\Desktop\DESCARTES\M2\NegativePrompt_H1\results\positive\flan-t5-large\results.csv
num_to_verbal,flan-t5-large,positive,4,0,False,42,0.0,False,0.0,14.067,0.141,C:\Users\Thundercrow\Desktop\DESCARTES\M2\NegativePrompt_H1\results\positive\flan-t5-large\results.csv
num_to_verbal,flan-t5-large,positive,4,0,False,43,0.0,False,0.0,13.818,0.138,C:\Users\Thundercrow\Desktop\DESCARTES\M2\NegativePrompt_H1\results\positive\flan-t5-large\results.csv
num_to_verbal,flan-t5-large,positive,4,0,False,44,0.0,False,0.0,14.049,0.140,C:\Users\Thundercrow\Desktop\DESCARTES\M2\NegativePrompt_H1\results\positive\flan-t5-large\results.csv
orthography_starts_with,flan-t5-large,ambiguous,1,0,False,42,0.0,False,0.13,22.505,0.225,C:\Users\Thundercrow\Desktop\DESCARTES\M2\NegativePrompt_H1\results\ambiguous\flan-t5-large\results.csv
orthography_starts_with,flan-t5-large,ambiguous,1,0,False,43,0.0,False,0.13,22.472,0.225,C:\Users\Thundercrow\Desktop\DESCARTES\M2\NegativePrompt_H1\results\ambiguous\flan-t5-large\results.csv
orthography_starts_with,flan-t5-large,ambiguous,1,0,False,44,0.0,False,0.13,22.659,0.227,C:\Users\Thundercrow\Desktop\DESCARTES\M2\NegativePrompt_H1\results\ambiguous\flan-t5-large\results.csv
orthography_starts_with,flan-t5-large,ambiguous,2,0,False,42,0.0,False,0.12,23.078,0.231,C:\Users\Thundercrow\Desktop\DESCARTES\M2\NegativePrompt_H1\results\ambiguous\flan-t5-large\results.csv
orthography_starts_with,flan-t5-large,ambiguous,2,0,False,43,0.0,False,0.12,23.084,0.231,C:\Users\Thundercrow\Desktop\DESCARTES\M2\NegativePrompt_H1\results\ambiguous\flan-t5-large\results.csv
orthography_starts_with,flan-t5-large,ambiguous,2,0,False,44,0.0,False,0.12,23.116,0.231,C:\Users\Thundercrow\Desktop\DESCARTES\M2\NegativePrompt_H1\results\ambiguous\flan-t5-large\results.csv
orthography_starts_with,flan-t5-large,ambiguous,3,0,False,42,0.0,False,0.12,23.625,0.236,C:\Users\Thundercrow\Desktop\DESCARTES\M2\NegativePrompt_H1\results\ambiguous\flan-t5-large\results.csv
orthography_starts_with,flan-t5-large,ambiguous,3,0,False,43,0.0,False,0.12,23.801,0.238,C:\Users\Thundercrow\Desktop\DESCARTES\M2\NegativePrompt_H1\results\ambiguous\flan-t5-large\results.csv
orthography_starts_with,flan-t5-large,ambiguous,3,0,False,44,0.0,False,0.12,23.656,0.237,C:\Users\Thundercrow\Desktop\DESCARTES\M2\NegativePrompt_H1\results\ambiguous\flan-t5-large\results.csv
orthography_starts_with,flan-t5-large,ambiguous,4,0,False,42,0.0,False,0.11,23.853,0.239,C:\Users\Thundercrow\Desktop\DESCARTES\M2\NegativePrompt_H1\results\ambiguous\flan-t5-large\results.csv
orthography_starts_with,flan-t5-large,ambiguous,4,0,False,43,0.0,False,0.11,23.925,0.239,C:\Users\Thundercrow\Desktop\DESCARTES\M2\NegativePrompt_H1\results\ambiguous\flan-t5-large\results.csv
orthography_starts_with,flan-t5-large,ambiguous,4,0,False,44,0.0,False,0.11,23.828,0.238,C:\Users\Thundercrow\Desktop\DESCARTES\M2\NegativePrompt_H1\results\ambiguous\flan-t5-large\results.csv
orthography_starts_with,flan-t5-large,negative_control,1,0,False,42,0.0,False,0.18,,,C:\Users\Thundercrow\Desktop\DESCARTES\M2\NegativePrompt_H1\results\negative_control\flan-t5-large\results.csv
orthography_starts_with,flan-t5-large,negative_control,1,0,False,43,0.0,False,0.18,,,C:\Users\Thundercrow\Desktop\DESCARTES\M2\NegativePrompt_H1\results\negative_control\flan-t5-large\results.csv
orthography_starts_with,flan-t5-large,negative_control,1,0,False,44,0.0,False,0.18,,,C:\Users\Thundercrow\Desktop\DESCARTES\M2\NegativePrompt_H1\results\negative_control\flan-t5-large\results.csv
orthography_starts_with,flan-t5-large,negative_control,2,0,False,42,0.0,False,0.1,,,C:\Users\Thundercrow\Desktop\DESCARTES\M2\NegativePrompt_H1\results\negative_control\flan-t5-large\results.csv
orthography_starts_with,flan-t5-large,negative_control,2,0,False,43,0.0,False,0.1,,,C:\Users\Thundercrow\Desktop\DESCARTES\M2\NegativePrompt_H1\results\negative_control\flan-t5-large\results.csv
orthography_starts_with,flan-t5-large,negative_control,2,0,False,44,0.0,False,0.1,,,C:\Users\Thundercrow\Desktop\DESCARTES\M2\NegativePrompt_H1\results\negative_control\flan-t5-large\results.csv
orthography_starts_with,flan-t5-large,negative_control,3,0,False,42,0.0,False,0.18,,,C:\Users\Thundercrow\Desktop\DESCARTES\M2\NegativePrompt_H1\results\negative_control\flan-t5-large\results.csv
orthography_starts_with,flan-t5-large,negative_control,3,0,False,43,0.0,False,0.18,,,C:\Users\Thundercrow\Desktop\DESCARTES\M2\NegativePrompt_H1\results\negative_control\flan-t5-large\results.csv
orthography_starts_with,flan-t5-large,negative_control,3,0,False,44,0.0,False,0.18,,,C:\Users\Thundercrow\Desktop\DESCARTES\M2\NegativePrompt_H1\results\negative_control\flan-t5-large\results.csv
orthography_starts_with,flan-t5-large,negative_control,4,0,False,42,0.0,False,0.15,,,C:\Users\Thundercrow\Desktop\DESCARTES\M2\NegativePrompt_H1\results\negative_control\flan-t5-large\results.csv
orthography_starts_with,flan-t5-large,negative_control,4,0,False,43,0.0,False,0.15,,,C:\Users\Thundercrow\Desktop\DESCARTES\M2\NegativePrompt_H1\results\negative_control\flan-t5-large\results.csv
orthography_starts_with,flan-t5-large,negative_control,4,0,False,44,0.0,False,0.15,,,C:\Users\Thundercrow\Desktop\DESCARTES\M2\NegativePrompt_H1\results\negative_control\flan-t5-large\results.csv
orthography_starts_with,flan-t5-large,negative_original,,1,False,42,0.0,False,0.04,,,C:\Users\Thundercrow\Desktop\DESCARTES\M2\NegativePrompt_H1\results\negative_original\flan-t5-large\results.csv
orthography_starts_with,flan-t5-large,negative_original,,1,False,43,0.0,False,0.04,,,C:\Users\Thundercrow\Desktop\DESCARTES\M2\NegativePrompt_H1\results\negative_original\flan-t5-large\results.csv
orthography_starts_with,flan-t5-large,negative_original,,1,False,44,0.0,False,0.04,,,C:\Users\Thundercrow\Desktop\DESCARTES\M2\NegativePrompt_H1\results\negative_original\flan-t5-large\results.csv
orthography_starts_with,flan-t5-large,negative_original,,2,False,42,0.0,False,0.05,,,C:\Users\Thundercrow\Desktop\DESCARTES\M2\NegativePrompt_H1\results\negative_original\flan-t5-large\results.csv
orthography_starts_with,flan-t5-large,negative_original,,2,False,43,0.0,False,0.05,,,C:\Users\Thundercrow\Desktop\DESCARTES\M2\NegativePrompt_H1\results\negative_original\flan-t5-large\results.csv
orthography_starts_with,flan-t5-large,negative_original,,2,False,44,0.0,False,0.05,,,C:\Users\Thundercrow\Desktop\DESCARTES\M2\NegativePrompt_H1\results\negative_original\flan-t5-large\results.csv
orthography_starts_with,flan-t5-large,negative_original,,3,False,42,0.0,False,0.04,,,C:\Users\Thundercrow\Desktop\DESCARTES\M2\NegativePrompt_H1\results\negative_original\flan-t5-large\results.csv
orthography_starts_with,flan-t5-large,negative_original,,3,False,43,0.0,False,0.04,,,C:\Users\Thundercrow\Desktop\DESCARTES\M2\NegativePrompt_H1\results\negative_original\flan-t5-large\results.csv
orthography_starts_with,flan-t5-large,negative_original,,3,False,44,0.0,False,0.04,,,C:\Users\Thundercrow\Desktop\DESCARTES\M2\NegativePrompt_H1\results\negative_original\flan-t5-large\results.csv
orthography_starts_with,flan-t5-large,negative_original,,4,False,42,0.0,False,0.05,,,C:\Users\Thundercrow\Desktop\DESCARTES\M2\NegativePrompt_H1\results\negative_original\flan-t5-large\results.csv
orthography_starts_with,flan-t5-large,negative_original,,4,False,43,0.0,False,0.05,,,C:\Users\Thundercrow\Desktop\DESCARTES\M2\NegativePrompt_H1\results\negative_original\flan-t5-large\results.csv
orthography_starts_with,flan-t5-large,negative_original,,4,False,44,0.0,False,0.05,,,C:\Users\Thundercrow\Desktop\DESCARTES\M2\NegativePrompt_H1\results\negative_original\flan-t5-large\results.csv
orthography_starts_with,flan-t5-large,neutral,1,0,False,42,0.0,False,0.09,,,C:\Users\Thundercrow\Desktop\DESCARTES\M2\NegativePrompt_H1\results\neutral\flan-t5-large\results.csv
orthography_starts_with,flan-t5-large,neutral,1,0,False,43,0.0,False,0.09,,,C:\Users\Thundercrow\Desktop\DESCARTES\M2\NegativePrompt_H1\results\neutral\flan-t5-large\results.csv
orthography_starts_with,flan-t5-large,neutral,1,0,False,44,0.0,False,0.09,,,C:\Users\Thundercrow\Desktop\DESCARTES\M2\NegativePrompt_H1\results\neutral\flan-t5-large\results.csv
orthography_starts_with,flan-t5-large,neutral,2,0,False,42,0.0,False,0.18,,,C:\Users\Thundercrow\Desktop\DESCARTES\M2\NegativePrompt_H1\results\neutral\flan-t5-large\results.csv
orthography_starts_with,flan-t5-large,neutral,2,0,False,43,0.0,False,0.18,,,C:\Users\Thundercrow\Desktop\DESCARTES\M2\NegativePrompt_H1\results\neutral\flan-t5-large\results.csv
orthography_starts_with,flan-t5-large,neutral,2,0,False,44,0.0,False,0.18,,,C:\Users\Thundercrow\Desktop\DESCARTES\M2\NegativePrompt_H1\results\neutral\flan-t5-large\results.csv
orthography_starts_with,flan-t5-large,neutral,3,0,False,42,0.0,False,0.09,,,C:\Users\Thundercrow\Desktop\DESCARTES\M2\NegativePrompt_H1\results\neutral\flan-t5-large\results.csv
orthography_starts_with,flan-t5-large,neutral,3,0,False,43,0.0,False,0.09,,,C:\Users\Thundercrow\Desktop\DESCARTES\M2\NegativePrompt_H1\results\neutral\flan-t5-large\results.csv
orthography_starts_with,flan-t5-large,neutral,3,0,False,44,0.0,False,0.09,,,C:\Users\Thundercrow\Desktop\DESCARTES\M2\NegativePrompt_H1\results\neutral\flan-t5-large\results.csv
orthography_starts_with,flan-t5-large,neutral,4,0,False,42,0.0,False,0.12,,,C:\Users\Thundercrow\Desktop\DESCARTES\M2\NegativePrompt_H1\results\neutral\flan-t5-large\results.csv
orthography_starts_with,flan-t5-large,neutral,4,0,False,43,0.0,False,0.12,,,C:\Users\Thundercrow\Desktop\DESCARTES\M2\NegativePrompt_H1\results\neutral\flan-t5-large\results.csv
orthography_starts_with,flan-t5-large,neutral,4,0,False,44,0.0,False,0.12,,,C:\Users\Thundercrow\Desktop\DESCARTES\M2\NegativePrompt_H1\results\neutral\flan-t5-large\results.csv
orthography_starts_with,flan-t5-large,positive,1,0,False,42,0.0,False,0.12,23.967,0.240,C:\Users\Thundercrow\Desktop\DESCARTES\M2\NegativePrompt_H1\results\positive\flan-t5-large\results.csv
orthography_starts_with,flan-t5-large,positive,1,0,False,43,0.0,False,0.12,23.486,0.235,C:\Users\Thundercrow\Desktop\DESCARTES\M2\NegativePrompt_H1\results\positive\flan-t5-large\results.csv
orthography_starts_with,flan-t5-large,positive,1,0,False,44,0.0,False,0.12,23.834,0.238,C:\Users\Thundercrow\Desktop\DESCARTES\M2\NegativePrompt_H1\results\positive\flan-t5-large\results.csv
orthography_starts_with,flan-t5-large,positive,2,0,False,42,0.0,False,0.12,25.017,0.250,C:\Users\Thundercrow\Desktop\DESCARTES\M2\NegativePrompt_H1\results\positive\flan-t5-large\results.csv
orthography_starts_with,flan-t5-large,positive,2,0,False,43,0.0,False,0.12,25.067,0.251,C:\Users\Thundercrow\Desktop\DESCARTES\M2\NegativePrompt_H1\results\positive\flan-t5-large\results.csv
orthography_starts_with,flan-t5-large,positive,2,0,False,44,0.0,False,0.12,25.127,0.251,C:\Users\Thundercrow\Desktop\DESCARTES\M2\NegativePrompt_H1\results\positive\flan-t5-large\results.csv
orthography_starts_with,flan-t5-large,positive,3,0,False,42,0.0,False,0.15,21.134,0.211,C:\Users\Thundercrow\Desktop\DESCARTES\M2\NegativePrompt_H1\results\positive\flan-t5-large\results.csv
orthography_starts_with,flan-t5-large,positive,3,0,False,43,0.0,False,0.15,20.992,0.210,C:\Users\Thundercrow\Desktop\DESCARTES\M2\NegativePrompt_H1\results\positive\flan-t5-large\results.csv
orthography_starts_with,flan-t5-large,positive,3,0,False,44,0.0,False,0.15,21.188,0.212,C:\Users\Thundercrow\Desktop\DESCARTES\M2\NegativePrompt_H1\results\positive\flan-t5-large\results.csv
orthography_starts_with,flan-t5-large,positive,4,0,False,42,0.0,False,0.09,23.238,0.232,C:\Users\Thundercrow\Desktop\DESCARTES\M2\NegativePrompt_H1\results\positive\flan-t5-large\results.csv
orthography_starts_with,flan-t5-large,positive,4,0,False,43,0.0,False,0.09,23.427,0.234,C:\Users\Thundercrow\Desktop\DESCARTES\M2\NegativePrompt_H1\results\positive\flan-t5-large\results.csv
orthography_starts_with,flan-t5-large,positive,4,0,False,44,0.0,False,0.09,23.270,0.233,C:\Users\Thundercrow\Desktop\DESCARTES\M2\NegativePrompt_H1\results\positive\flan-t5-large\results.csv
rhymes,flan-t5-large,ambiguous,1,0,False,42,0.0,False,0.16,18.244,0.182,C:\Users\Thundercrow\Desktop\DESCARTES\M2\NegativePrompt_H1\results\ambiguous\flan-t5-large\results.csv
rhymes,flan-t5-large,ambiguous,1,0,False,43,0.0,False,0.16,18.076,0.181,C:\Users\Thundercrow\Desktop\DESCARTES\M2\NegativePrompt_H1\results\ambiguous\flan-t5-large\results.csv
rhymes,flan-t5-large,ambiguous,1,0,False,44,0.0,False,0.16,18.058,0.181,C:\Users\Thundercrow\Desktop\DESCARTES\M2\NegativePrompt_H1\results\ambiguous\flan-t5-large\results.csv
rhymes,flan-t5-large,ambiguous,2,0,False,42,0.0,False,0.16,17.820,0.178,C:\Users\Thundercrow\Desktop\DESCARTES\M2\NegativePrompt_H1\results\ambiguous\flan-t5-large\results.csv
rhymes,flan-t5-large,ambiguous,2,0,False,43,0.0,False,0.16,17.904,0.179,C:\Users\Thundercrow\Desktop\DESCARTES\M2\NegativePrompt_H1\results\ambiguous\flan-t5-large\results.csv
rhymes,flan-t5-large,ambiguous,2,0,False,44,0.0,False,0.16,18.079,0.181,C:\Users\Thundercrow\Desktop\DESCARTES\M2\NegativePrompt_H1\results\ambiguous\flan-t5-large\results.csv
rhymes,flan-t5-large,ambiguous,3,0,False,42,0.0,False,0.14,18.329,0.183,C:\Users\Thundercrow\Desktop\DESCARTES\M2\NegativePrompt_H1\results\ambiguous\flan-t5-large\results.csv
rhymes,flan-t5-large,ambiguous,3,0,False,43,0.0,False,0.14,18.072,0.181,C:\Users\Thundercrow\Desktop\DESCARTES\M2\NegativePrompt_H1\results\ambiguous\flan-t5-large\results.csv
rhymes,flan-t5-large,ambiguous,3,0,False,44,0.0,False,0.14,17.861,0.179,C:\Users\Thundercrow\Desktop\DESCARTES\M2\NegativePrompt_H1\results\ambiguous\flan-t5-large\results.csv
rhymes,flan-t5-large,ambiguous,4,0,False,42,0.0,False,0.16,18.035,0.180,C:\Users\Thundercrow\Desktop\DESCARTES\M2\NegativePrompt_H1\results\ambiguous\flan-t5-large\results.csv
rhymes,flan-t5-large,ambiguous,4,0,False,43,0.0,False,0.16,18.037,0.180,C:\Users\Thundercrow\Desktop\DESCARTES\M2\NegativePrompt_H1\results\ambiguous\flan-t5-large\results.csv
rhymes,flan-t5-large,ambiguous,4,0,False,44,0.0,False,0.16,18.116,0.181,C:\Users\Thundercrow\Desktop\DESCARTES\M2\NegativePrompt_H1\results\ambiguous\flan-t5-large\results.csv
rhymes,flan-t5-large,negative_control,1,0,False,42,0.0,False,0.13,,,C:\Users\Thundercrow\Desktop\DESCARTES\M2\NegativePrompt_H1\results\negative_control\flan-t5-large\results.csv
rhymes,flan-t5-large,negative_control,1,0,False,43,0.0,False,0.13,,,C:\Users\Thundercrow\Desktop\DESCARTES\M2\NegativePrompt_H1\results\negative_control\flan-t5-large\results.csv
rhymes,flan-t5-large,negative_control,1,0,False,44,0.0,False,0.13,,,C:\Users\Thundercrow\Desktop\DESCARTES\M2\NegativePrompt_H1\results\negative_control\flan-t5-large\results.csv
rhymes,flan-t5-large,negative_control,2,0,False,42,0.0,False,0.2,,,C:\Users\Thundercrow\Desktop\DESCARTES\M2\NegativePrompt_H1\results\negative_control\flan-t5-large\results.csv
rhymes,flan-t5-large,negative_control,2,0,False,43,0.0,False,0.2,,,C:\Users\Thundercrow\Desktop\DESCARTES\M2\NegativePrompt_H1\results\negative_control\flan-t5-large\results.csv
rhymes,flan-t5-large,negative_control,2,0,False,44,0.0,False,0.2,,,C:\Users\Thundercrow\Desktop\DESCARTES\M2\NegativePrompt_H1\results\negative_control\flan-t5-large\results.csv
rhymes,flan-t5-large,negative_control,3,0,False,42,0.0,False,0.14,,,C:\Users\Thundercrow\Desktop\DESCARTES\M2\NegativePrompt_H1\results\negative_control\flan-t5-large\results.csv
rhymes,flan-t5-large,negative_control,3,0,False,43,0.0,False,0.14,,,C:\Users\Thundercrow\Desktop\DESCARTES\M2\NegativePrompt_H1\results\negative_control\flan-t5-large\results.csv
rhymes,flan-t5-large,negative_control,3,0,False,44,0.0,False,0.14,,,C:\Users\Thundercrow\Desktop\DESCARTES\M2\NegativePrompt_H1\results\negative_control\flan-t5-large\results.csv
rhymes,flan-t5-large,negative_control,4,0,False,42,0.0,False,0.13,,,C:\Users\Thundercrow\Desktop\DESCARTES\M2\NegativePrompt_H1\results\negative_control\flan-t5-large\results.csv
rhymes,flan-t5-large,negative_control,4,0,False,43,0.0,False,0.13,,,C:\Users\Thundercrow\Desktop\DESCARTES\M2\NegativePrompt_H1\results\negative_control\flan-t5-large\results.csv
rhymes,flan-t5-large,negative_control,4,0,False,44,0.0,False,0.13,,,C:\Users\Thundercrow\Desktop\DESCARTES\M2\NegativePrompt_H1\results\negative_control\flan-t5-large\results.csv
rhymes,flan-t5-large,negative_original,,1,False,42,0.0,False,0.28,,,C:\Users\Thundercrow\Desktop\DESCARTES\M2\NegativePrompt_H1\results\negative_original\flan-t5-large\results.csv
rhymes,flan-t5-large,negative_original,,1,False,43,0.0,False,0.28,,,C:\Users\Thundercrow\Desktop\DESCARTES\M2\NegativePrompt_H1\results\negative_original\flan-t5-large\results.csv
rhymes,flan-t5-large,negative_original,,1,False,44,0.0,False,0.28,,,C:\Users\Thundercrow\Desktop\DESCARTES\M2\NegativePrompt_H1\results\negative_original\flan-t5-large\results.csv
rhymes,flan-t5-large,negative_original,,2,False,42,0.0,False,0.28,,,C:\Users\Thundercrow\Desktop\DESCARTES\M2\NegativePrompt_H1\results\negative_original\flan-t5-large\results.csv
rhymes,flan-t5-large,negative_original,,2,False,43,0.0,False,0.28,,,C:\Users\Thundercrow\Desktop\DESCARTES\M2\NegativePrompt_H1\results\negative_original\flan-t5-large\results.csv
rhymes,flan-t5-large,negative_original,,2,False,44,0.0,False,0.28,,,C:\Users\Thundercrow\Desktop\DESCARTES\M2\NegativePrompt_H1\results\negative_original\flan-t5-large\results.csv
rhymes,flan-t5-large,negative_original,,3,False,42,0.0,False,0.21,,,C:\Users\Thundercrow\Desktop\DESCARTES\M2\NegativePrompt_H1\results\negative_original\flan-t5-large\results.csv
rhymes,flan-t5-large,negative_original,,3,False,43,0.0,False,0.21,,,C:\Users\Thundercrow\Desktop\DESCARTES\M2\NegativePrompt_H1\results\negative_original\flan-t5-large\results.csv
rhymes,flan-t5-large,negative_original,,3,False,44,0.0,False,0.21,,,C:\Users\Thundercrow\Desktop\DESCARTES\M2\NegativePrompt_H1\results\negative_original\flan-t5-large\results.csv
rhymes,flan-t5-large,negative_original,,4,False,42,0.0,False,0.28,,,C:\Users\Thundercrow\Desktop\DESCARTES\M2\NegativePrompt_H1\results\negative_original\flan-t5-large\results.csv
rhymes,flan-t5-large,negative_original,,4,False,43,0.0,False,0.28,,,C:\Users\Thundercrow\Desktop\DESCARTES\M2\NegativePrompt_H1\results\negative_original\flan-t5-large\results.csv
rhymes,flan-t5-large,negative_original,,4,False,44,0.0,False,0.28,,,C:\Users\Thundercrow\Desktop\DESCARTES\M2\NegativePrompt_H1\results\negative_original\flan-t5-large\results.csv
rhymes,flan-t5-large,neutral,1,0,False,42,0.0,False,0.17,,,C:\Users\Thundercrow\Desktop\DESCARTES\M2\NegativePrompt_H1\results\neutral\flan-t5-large\results.csv
rhymes,flan-t5-large,neutral,1,0,False,43,0.0,False,0.17,,,C:\Users\Thundercrow\Desktop\DESCARTES\M2\NegativePrompt_H1\results\neutral\flan-t5-large\results.csv
rhymes,flan-t5-large,neutral,1,0,False,44,0.0,False,0.17,,,C:\Users\Thundercrow\Desktop\DESCARTES\M2\NegativePrompt_H1\results\neutral\flan-t5-large\results.csv
rhymes,flan-t5-large,neutral,2,0,False,42,0.0,False,0.15,,,C:\Users\Thundercrow\Desktop\DESCARTES\M2\NegativePrompt_H1\results\neutral\flan-t5-large\results.csv
rhymes,flan-t5-large,neutral,2,0,False,43,0.0,False,0.15,,,C:\Users\Thundercrow\Desktop\DESCARTES\M2\NegativePrompt_H1\results\neutral\flan-t5-large\results.csv
rhymes,flan-t5-large,neutral,2,0,False,44,0.0,False,0.15,,,C:\Users\Thundercrow\Desktop\DESCARTES\M2\NegativePrompt_H1\results\neutral\flan-t5-large\results.csv
rhymes,flan-t5-large,neutral,3,0,False,42,0.0,False,0.16,,,C:\Users\Thundercrow\Desktop\DESCARTES\M2\NegativePrompt_H1\results\neutral\flan-t5-large\results.csv
rhymes,flan-t5-large,neutral,3,0,False,43,0.0,False,0.16,,,C:\Users\Thundercrow\Desktop\DESCARTES\M2\NegativePrompt_H1\results\neutral\flan-t5-large\results.csv
rhymes,flan-t5-large,neutral,3,0,False,44,0.0,False,0.16,,,C:\Users\Thundercrow\Desktop\DESCARTES\M2\NegativePrompt_H1\results\neutral\flan-t5-large\results.csv
rhymes,flan-t5-large,neutral,4,0,False,42,0.0,False,0.15,,,C:\Users\Thundercrow\Desktop\DESCARTES\M2\NegativePrompt_H1\results\neutral\flan-t5-large\results.csv
rhymes,flan-t5-large,neutral,4,0,False,43,0.0,False,0.15,,,C:\Users\Thundercrow\Desktop\DESCARTES\M2\NegativePrompt_H1\results\neutral\flan-t5-large\results.csv
rhymes,flan-t5-large,neutral,4,0,False,44,0.0,False,0.15,,,C:\Users\Thundercrow\Desktop\DESCARTES\M2\NegativePrompt_H1\results\neutral\flan-t5-large\results.csv
rhymes,flan-t5-large,positive,1,0,False,42,0.0,False,0.17,17.336,0.173,C:\Users\Thundercrow\Desktop\DESCARTES\M2\NegativePrompt_H1\results\positive\flan-t5-large\results.csv
rhymes,flan-t5-large,positive,1,0,False,43,0.0,False,0.17,17.334,0.173,C:\Users\Thundercrow\Desktop\DESCARTES\M2\NegativePrompt_H1\results\positive\flan-t5-large\results.csv
rhymes,flan-t5-large,positive,1,0,False,44,0.0,False,0.17,17.505,0.175,C:\Users\Thundercrow\Desktop\DESCARTES\M2\NegativePrompt_H1\results\positive\flan-t5-large\results.csv
rhymes,flan-t5-large,positive,2,0,False,42,0.0,False,0.21,17.841,0.178,C:\Users\Thundercrow\Desktop\DESCARTES\M2\NegativePrompt_H1\results\positive\flan-t5-large\results.csv
rhymes,flan-t5-large,positive,2,0,False,43,0.0,False,0.21,17.826,0.178,C:\Users\Thundercrow\Desktop\DESCARTES\M2\NegativePrompt_H1\results\positive\flan-t5-large\results.csv
rhymes,flan-t5-large,positive,2,0,False,44,0.0,False,0.21,17.956,0.180,C:\Users\Thundercrow\Desktop\DESCARTES\M2\NegativePrompt_H1\results\positive\flan-t5-large\results.csv
rhymes,flan-t5-large,positive,3,0,False,42,0.0,False,0.25,17.306,0.173,C:\Users\Thundercrow\Desktop\DESCARTES\M2\NegativePrompt_H1\results\positive\flan-t5-large\results.csv
rhymes,flan-t5-large,positive,3,0,False,43,0.0,False,0.25,17.209,0.172,C:\Users\Thundercrow\Desktop\DESCARTES\M2\NegativePrompt_H1\results\positive\flan-t5-large\results.csv
rhymes,flan-t5-large,positive,3,0,False,44,0.0,False,0.25,17.125,0.171,C:\Users\Thundercrow\Desktop\DESCARTES\M2\NegativePrompt_H1\results\positive\flan-t5-large\results.csv
rhymes,flan-t5-large,positive,4,0,False,42,0.0,False,0.17,18.010,0.180,C:\Users\Thundercrow\Desktop\DESCARTES\M2\NegativePrompt_H1\results\positive\flan-t5-large\results.csv
rhymes,flan-t5-large,positive,4,0,False,43,0.0,False,0.17,17.935,0.179,C:\Users\Thundercrow\Desktop\DESCARTES\M2\NegativePrompt_H1\results\positive\flan-t5-large\results.csv
rhymes,flan-t5-large,positive,4,0,False,44,0.0,False,0.17,17.647,0.176,C:\Users\Thundercrow\Desktop\DESCARTES\M2\NegativePrompt_H1\results\positive\flan-t5-large\results.csv
second_word_letter,flan-t5-large,ambiguous,1,0,False,42,0.0,False,1.0,11.365,0.114,C:\Users\Thundercrow\Desktop\DESCARTES\M2\NegativePrompt_H1\results\ambiguous\flan-t5-large\results.csv
second_word_letter,flan-t5-large,ambiguous,1,0,False,43,0.0,False,1.0,11.288,0.113,C:\Users\Thundercrow\Desktop\DESCARTES\M2\NegativePrompt_H1\results\ambiguous\flan-t5-large\results.csv
second_word_letter,flan-t5-large,ambiguous,1,0,False,44,0.0,False,1.0,11.394,0.114,C:\Users\Thundercrow\Desktop\DESCARTES\M2\NegativePrompt_H1\results\ambiguous\flan-t5-large\results.csv
second_word_letter,flan-t5-large,ambiguous,2,0,False,42,0.0,False,1.0,11.358,0.114,C:\Users\Thundercrow\Desktop\DESCARTES\M2\NegativePrompt_H1\results\ambiguous\flan-t5-large\results.csv
second_word_letter,flan-t5-large,ambiguous,2,0,False,43,0.0,False,1.0,11.399,0.114,C:\Users\Thundercrow\Desktop\DESCARTES\M2\NegativePrompt_H1\results\ambiguous\flan-t5-large\results.csv
second_word_letter,flan-t5-large,ambiguous,2,0,False,44,0.0,False,1.0,11.339,0.113,C:\Users\Thundercrow\Desktop\DESCARTES\M2\NegativePrompt_H1\results\ambiguous\flan-t5-large\results.csv
second_word_letter,flan-t5-large,ambiguous,3,0,False,42,0.0,False,1.0,11.348,0.113,C:\Users\Thundercrow\Desktop\DESCARTES\M2\NegativePrompt_H1\results\ambiguous\flan-t5-large\results.csv
second_word_letter,flan-t5-large,ambiguous,3,0,False,43,0.0,False,1.0,11.344,0.113,C:\Users\Thundercrow\Desktop\DESCARTES\M2\NegativePrompt_H1\results\ambiguous\flan-t5-large\results.csv
second_word_letter,flan-t5-large,ambiguous,3,0,False,44,0.0,False,1.0,11.348,0.113,C:\Users\Thundercrow\Desktop\DESCARTES\M2\NegativePrompt_H1\results\ambiguous\flan-t5-large\results.csv
second_word_letter,flan-t5-large,ambiguous,4,0,False,42,0.0,False,1.0,11.393,0.114,C:\Users\Thundercrow\Desktop\DESCARTES\M2\NegativePrompt_H1\results\ambiguous\flan-t5-large\results.csv
second_word_letter,flan-t5-large,ambiguous,4,0,False,43,0.0,False,1.0,11.362,0.114,C:\Users\Thundercrow\Desktop\DESCARTES\M2\NegativePrompt_H1\results\ambiguous\flan-t5-large\results.csv
second_word_letter,flan-t5-large,ambiguous,4,0,False,44,0.0,False,1.0,11.238,0.112,C:\Users\Thundercrow\Desktop\DESCARTES\M2\NegativePrompt_H1\results\ambiguous\flan-t5-large\results.csv
second_word_letter,flan-t5-large,negative_control,1,0,False,42,0.0,False,0.89,,,C:\Users\Thundercrow\Desktop\DESCARTES\M2\NegativePrompt_H1\results\negative_control\flan-t5-large\results.csv
second_word_letter,flan-t5-large,negative_control,1,0,False,43,0.0,False,0.89,,,C:\Users\Thundercrow\Desktop\DESCARTES\M2\NegativePrompt_H1\results\negative_control\flan-t5-large\results.csv
second_word_letter,flan-t5-large,negative_control,1,0,False,44,0.0,False,0.89,,,C:\Users\Thundercrow\Desktop\DESCARTES\M2\NegativePrompt_H1\results\negative_control\flan-t5-large\results.csv
second_word_letter,flan-t5-large,negative_control,2,0,False,42,0.0,False,1.0,,,C:\Users\Thundercrow\Desktop\DESCARTES\M2\NegativePrompt_H1\results\negative_control\flan-t5-large\results.csv
second_word_letter,flan-t5-large,negative_control,2,0,False,43,0.0,False,1.0,,,C:\Users\Thundercrow\Desktop\DESCARTES\M2\NegativePrompt_H1\results\negative_control\flan-t5-large\results.csv
second_word_letter,flan-t5-large,negative_control,2,0,False,44,0.0,False,1.0,,,C:\Users\Thundercrow\Desktop\DESCARTES\M2\NegativePrompt_H1\results\negative_control\flan-t5-large\results.csv
second_word_letter,flan-t5-large,negative_control,3,0,False,42,0.0,False,0.99,,,C:\Users\Thundercrow\Desktop\DESCARTES\M2\NegativePrompt_H1\results\negative_control\flan-t5-large\results.csv
second_word_letter,flan-t5-large,negative_control,3,0,False,43,0.0,False,0.99,,,C:\Users\Thundercrow\Desktop\DESCARTES\M2\NegativePrompt_H1\results\negative_control\flan-t5-large\results.csv
second_word_letter,flan-t5-large,negative_control,3,0,False,44,0.0,False,0.99,,,C:\Users\Thundercrow\Desktop\DESCARTES\M2\NegativePrompt_H1\results\negative_control\flan-t5-large\results.csv
second_word_letter,flan-t5-large,negative_control,4,0,False,42,0.0,False,0.97,,,C:\Users\Thundercrow\Desktop\DESCARTES\M2\NegativePrompt_H1\results\negative_control\flan-t5-large\results.csv
second_word_letter,flan-t5-large,negative_control,4,0,False,43,0.0,False,0.97,,,C:\Users\Thundercrow\Desktop\DESCARTES\M2\NegativePrompt_H1\results\negative_control\flan-t5-large\results.csv
second_word_letter,flan-t5-large,negative_control,4,0,False,44,0.0,False,0.97,,,C:\Users\Thundercrow\Desktop\DESCARTES\M2\NegativePrompt_H1\results\negative_control\flan-t5-large\results.csv
second_word_letter,flan-t5-large,negative_original,,1,False,42,0.0,False,1.0,,,C:\Users\Thundercrow\Desktop\DESCARTES\M2\NegativePrompt_H1\results\negative_original\flan-t5-large\results.csv
second_word_letter,flan-t5-large,negative_original,,1,False,43,0.0,False,1.0,,,C:\Users\Thundercrow\Desktop\DESCARTES\M2\NegativePrompt_H1\results\negative_original\flan-t5-large\results.csv
second_word_letter,flan-t5-large,negative_original,,1,False,44,0.0,False,1.0,,,C:\Users\Thundercrow\Desktop\DESCARTES\M2\NegativePrompt_H1\results\negative_original\flan-t5-large\results.csv
second_word_letter,flan-t5-large,negative_original,,2,False,42,0.0,False,0.97,,,C:\Users\Thundercrow\Desktop\DESCARTES\M2\NegativePrompt_H1\results\negative_original\flan-t5-large\results.csv
second_word_letter,flan-t5-large,negative_original,,2,False,43,0.0,False,0.97,,,C:\Users\Thundercrow\Desktop\DESCARTES\M2\NegativePrompt_H1\results\negative_original\flan-t5-large\results.csv
second_word_letter,flan-t5-large,negative_original,,2,False,44,0.0,False,0.97,,,C:\Users\Thundercrow\Desktop\DESCARTES\M2\NegativePrompt_H1\results\negative_original\flan-t5-large\results.csv
second_word_letter,flan-t5-large,negative_original,,3,False,42,0.0,False,0.76,,,C:\Users\Thundercrow\Desktop\DESCARTES\M2\NegativePrompt_H1\results\negative_original\flan-t5-large\results.csv
second_word_letter,flan-t5-large,negative_original,,3,False,43,0.0,False,0.76,,,C:\Users\Thundercrow\Desktop\DESCARTES\M2\NegativePrompt_H1\results\negative_original\flan-t5-large\results.csv
second_word_letter,flan-t5-large,negative_original,,3,False,44,0.0,False,0.76,,,C:\Users\Thundercrow\Desktop\DESCARTES\M2\NegativePrompt_H1\results\negative_original\flan-t5-large\results.csv
second_word_letter,flan-t5-large,negative_original,,4,False,42,0.0,False,1.0,,,C:\Users\Thundercrow\Desktop\DESCARTES\M2\NegativePrompt_H1\results\negative_original\flan-t5-large\results.csv
second_word_letter,flan-t5-large,negative_original,,4,False,43,0.0,False,1.0,,,C:\Users\Thundercrow\Desktop\DESCARTES\M2\NegativePrompt_H1\results\negative_original\flan-t5-large\results.csv
second_word_letter,flan-t5-large,negative_original,,4,False,44,0.0,False,1.0,,,C:\Users\Thundercrow\Desktop\DESCARTES\M2\NegativePrompt_H1\results\negative_original\flan-t5-large\results.csv
second_word_letter,flan-t5-large,neutral,1,0,False,42,0.0,False,1.0,,,C:\Users\Thundercrow\Desktop\DESCARTES\M2\NegativePrompt_H1\results\neutral\flan-t5-large\results.csv
second_word_letter,flan-t5-large,neutral,1,0,False,43,0.0,False,1.0,,,C:\Users\Thundercrow\Desktop\DESCARTES\M2\NegativePrompt_H1\results\neutral\flan-t5-large\results.csv
second_word_letter,flan-t5-large,neutral,1,0,False,44,0.0,False,1.0,,,C:\Users\Thundercrow\Desktop\DESCARTES\M2\NegativePrompt_H1\results\neutral\flan-t5-large\results.csv
second_word_letter,flan-t5-large,neutral,2,0,False,42,0.0,False,1.0,,,C:\Users\Thundercrow\Desktop\DESCARTES\M2\NegativePrompt_H1\results\neutral\flan-t5-large\results.csv
second_word_letter,flan-t5-large,neutral,2,0,False,43,0.0,False,1.0,,,C:\Users\Thundercrow\Desktop\DESCARTES\M2\NegativePrompt_H1\results\neutral\flan-t5-large\results.csv
second_word_letter,flan-t5-large,neutral,2,0,False,44,0.0,False,1.0,,,C:\Users\Thundercrow\Desktop\DESCARTES\M2\NegativePrompt_H1\results\neutral\flan-t5-large\results.csv
second_word_letter,flan-t5-large,neutral,3,0,False,42,0.0,False,1.0,,,C:\Users\Thundercrow\Desktop\DESCARTES\M2\NegativePrompt_H1\results\neutral\flan-t5-large\results.csv
second_word_letter,flan-t5-large,neutral,3,0,False,43,0.0,False,1.0,,,C:\Users\Thundercrow\Desktop\DESCARTES\M2\NegativePrompt_H1\results\neutral\flan-t5-large\results.csv
second_word_letter,flan-t5-large,neutral,3,0,False,44,0.0,False,1.0,,,C:\Users\Thundercrow\Desktop\DESCARTES\M2\NegativePrompt_H1\results\neutral\flan-t5-large\results.csv
second_word_letter,flan-t5-large,neutral,4,0,False,42,0.0,False,1.0,,,C:\Users\Thundercrow\Desktop\DESCARTES\M2\NegativePrompt_H1\results\neutral\flan-t5-large\results.csv
second_word_letter,flan-t5-large,neutral,4,0,False,43,0.0,False,1.0,,,C:\Users\Thundercrow\Desktop\DESCARTES\M2\NegativePrompt_H1\results\neutral\flan-t5-large\results.csv
second_word_letter,flan-t5-large,neutral,4,0,False,44,0.0,False,1.0,,,C:\Users\Thundercrow\Desktop\DESCARTES\M2\NegativePrompt_H1\results\neutral\flan-t5-large\results.csv
second_word_letter,flan-t5-large,positive,1,0,False,42,0.0,False,1.0,11.482,0.115,C:\Users\Thundercrow\Desktop\DESCARTES\M2\NegativePrompt_H1\results\positive\flan-t5-large\results.csv
second_word_letter,flan-t5-large,positive,1,0,False,43,0.0,False,1.0,11.272,0.113,C:\Users\Thundercrow\Desktop\DESCARTES\M2\NegativePrompt_H1\results\positive\flan-t5-large\results.csv
second_word_letter,flan-t5-large,positive,1,0,False,44,0.0,False,1.0,11.384,0.114,C:\Users\Thundercrow\Desktop\DESCARTES\M2\NegativePrompt_H1\results\positive\flan-t5-large\results.csv
second_word_letter,flan-t5-large,positive,2,0,False,42,0.0,False,1.0,11.354,0.114,C:\Users\Thundercrow\Desktop\DESCARTES\M2\NegativePrompt_H1\results\positive\flan-t5-large\results.csv
second_word_letter,flan-t5-large,positive,2,0,False,43,0.0,False,1.0,11.300,0.113,C:\Users\Thundercrow\Desktop\DESCARTES\M2\NegativePrompt_H1\results\positive\flan-t5-large\results.csv
second_word_letter,flan-t5-large,positive,2,0,False,44,0.0,False,1.0,11.321,0.113,C:\Users\Thundercrow\Desktop\DESCARTES\M2\NegativePrompt_H1\results\positive\flan-t5-large\results.csv
second_word_letter,flan-t5-large,positive,3,0,False,42,0.0,False,0.95,11.172,0.112,C:\Users\Thundercrow\Desktop\DESCARTES\M2\NegativePrompt_H1\results\positive\flan-t5-large\results.csv
second_word_letter,flan-t5-large,positive,3,0,False,43,0.0,False,0.95,11.026,0.110,C:\Users\Thundercrow\Desktop\DESCARTES\M2\NegativePrompt_H1\results\positive\flan-t5-large\results.csv
second_word_letter,flan-t5-large,positive,3,0,False,44,0.0,False,0.95,11.056,0.111,C:\Users\Thundercrow\Desktop\DESCARTES\M2\NegativePrompt_H1\results\positive\flan-t5-large\results.csv
second_word_letter,flan-t5-large,positive,4,0,False,42,0.0,False,1.0,11.378,0.114,C:\Users\Thundercrow\Desktop\DESCARTES\M2\NegativePrompt_H1\results\positive\flan-t5-large\results.csv
second_word_letter,flan-t5-large,positive,4,0,False,43,0.0,False,1.0,11.448,0.114,C:\Users\Thundercrow\Desktop\DESCARTES\M2\NegativePrompt_H1\results\positive\flan-t5-large\results.csv
second_word_letter,flan-t5-large,positive,4,0,False,44,0.0,False,1.0,11.255,0.113,C:\Users\Thundercrow\Desktop\DESCARTES\M2\NegativePrompt_H1\results\positive\flan-t5-large\results.csv
sentence_similarity,flan-t5-large,ambiguous,1,0,False,42,0.0,False,0.0,11.716,0.117,C:\Users\Thundercrow\Desktop\DESCARTES\M2\NegativePrompt_H1\results\ambiguous\flan-t5-large\results.csv
sentence_similarity,flan-t5-large,ambiguous,1,0,False,43,0.0,False,0.0,11.810,0.118,C:\Users\Thundercrow\Desktop\DESCARTES\M2\NegativePrompt_H1\results\ambiguous\flan-t5-large\results.csv
sentence_similarity,flan-t5-large,ambiguous,1,0,False,44,0.0,False,0.0,11.249,0.112,C:\Users\Thundercrow\Desktop\DESCARTES\M2\NegativePrompt_H1\results\ambiguous\flan-t5-large\results.csv
sentence_similarity,flan-t5-large,ambiguous,2,0,False,42,0.0,False,0.0,11.863,0.119,C:\Users\Thundercrow\Desktop\DESCARTES\M2\NegativePrompt_H1\results\ambiguous\flan-t5-large\results.csv
sentence_similarity,flan-t5-large,ambiguous,2,0,False,43,0.0,False,0.0,11.788,0.118,C:\Users\Thundercrow\Desktop\DESCARTES\M2\NegativePrompt_H1\results\ambiguous\flan-t5-large\results.csv
sentence_similarity,flan-t5-large,ambiguous,2,0,False,44,0.0,False,0.0,11.175,0.112,C:\Users\Thundercrow\Desktop\DESCARTES\M2\NegativePrompt_H1\results\ambiguous\flan-t5-large\results.csv
sentence_similarity,flan-t5-large,ambiguous,3,0,False,42,0.0,False,0.0,11.675,0.117,C:\Users\Thundercrow\Desktop\DESCARTES\M2\NegativePrompt_H1\results\ambiguous\flan-t5-large\results.csv
sentence_similarity,flan-t5-large,ambiguous,3,0,False,43,0.0,False,0.0,11.613,0.116,C:\Users\Thundercrow\Desktop\DESCARTES\M2\NegativePrompt_H1\results\ambiguous\flan-t5-large\results.csv
sentence_similarity,flan-t5-large,ambiguous,3,0,False,44,0.0,False,0.0,11.106,0.111,C:\Users\Thundercrow\Desktop\DESCARTES\M2\NegativePrompt_H1\results\ambiguous\flan-t5-large\results.csv
sentence_similarity,flan-t5-large,ambiguous,4,0,False,42,0.0,False,0.0,11.796,0.118,C:\Users\Thundercrow\Desktop\DESCARTES\M2\NegativePrompt_H1\results\ambiguous\flan-t5-large\results.csv
sentence_similarity,flan-t5-large,ambiguous,4,0,False,43,0.0,False,0.0,11.680,0.117,C:\Users\Thundercrow\Desktop\DESCARTES\M2\NegativePrompt_H1\results\ambiguous\flan-t5-large\results.csv
sentence_similarity,flan-t5-large,ambiguous,4,0,False,44,0.0,False,0.0,11.100,0.111,C:\Users\Thundercrow\Desktop\DESCARTES\M2\NegativePrompt_H1\results\ambiguous\flan-t5-large\results.csv
sentence_similarity,flan-t5-large,negative_control,1,0,False,42,0.0,False,0.0,,,C:\Users\Thundercrow\Desktop\DESCARTES\M2\NegativePrompt_H1\results\negative_control\flan-t5-large\results.csv
sentence_similarity,flan-t5-large,negative_control,1,0,False,43,0.0,False,0.0,,,C:\Users\Thundercrow\Desktop\DESCARTES\M2\NegativePrompt_H1\results\negative_control\flan-t5-large\results.csv
sentence_similarity,flan-t5-large,negative_control,1,0,False,44,0.0,False,0.0,,,C:\Users\Thundercrow\Desktop\DESCARTES\M2\NegativePrompt_H1\results\negative_control\flan-t5-large\results.csv
sentence_similarity,flan-t5-large,negative_control,2,0,False,42,0.0,False,0.0,,,C:\Users\Thundercrow\Desktop\DESCARTES\M2\NegativePrompt_H1\results\negative_control\flan-t5-large\results.csv
sentence_similarity,flan-t5-large,negative_control,2,0,False,43,0.0,False,0.0,,,C:\Users\Thundercrow\Desktop\DESCARTES\M2\NegativePrompt_H1\results\negative_control\flan-t5-large\results.csv
sentence_similarity,flan-t5-large,negative_control,2,0,False,44,0.0,False,0.0,,,C:\Users\Thundercrow\Desktop\DESCARTES\M2\NegativePrompt_H1\results\negative_control\flan-t5-large\results.csv
sentence_similarity,flan-t5-large,negative_control,3,0,False,42,0.0,False,0.0,,,C:\Users\Thundercrow\Desktop\DESCARTES\M2\NegativePrompt_H1\results\negative_control\flan-t5-large\results.csv
sentence_similarity,flan-t5-large,negative_control,3,0,False,43,0.0,False,0.0,,,C:\Users\Thundercrow\Desktop\DESCARTES\M2\NegativePrompt_H1\results\negative_control\flan-t5-large\results.csv
sentence_similarity,flan-t5-large,negative_control,3,0,False,44,0.0,False,0.0,,,C:\Users\Thundercrow\Desktop\DESCARTES\M2\NegativePrompt_H1\results\negative_control\flan-t5-large\results.csv
sentence_similarity,flan-t5-large,negative_control,4,0,False,42,0.0,False,0.0,,,C:\Users\Thundercrow\Desktop\DESCARTES\M2\NegativePrompt_H1\results\negative_control\flan-t5-large\results.csv
sentence_similarity,flan-t5-large,negative_control,4,0,False,43,0.0,False,0.0,,,C:\Users\Thundercrow\Desktop\DESCARTES\M2\NegativePrompt_H1\results\negative_control\flan-t5-large\results.csv
sentence_similarity,flan-t5-large,negative_control,4,0,False,44,0.0,False,0.0,,,C:\Users\Thundercrow\Desktop\DESCARTES\M2\NegativePrompt_H1\results\negative_control\flan-t5-large\results.csv
sentence_similarity,flan-t5-large,negative_original,,1,False,42,0.0,False,0.0,,,C:\Users\Thundercrow\Desktop\DESCARTES\M2\NegativePrompt_H1\results\negative_original\flan-t5-large\results.csv
sentence_similarity,flan-t5-large,negative_original,,1,False,43,0.0,False,0.0,,,C:\Users\Thundercrow\Desktop\DESCARTES\M2\NegativePrompt_H1\results\negative_original\flan-t5-large\results.csv
sentence_similarity,flan-t5-large,negative_original,,1,False,44,0.0,False,0.0,,,C:\Users\Thundercrow\Desktop\DESCARTES\M2\NegativePrompt_H1\results\negative_original\flan-t5-large\results.csv
sentence_similarity,flan-t5-large,negative_original,,2,False,42,0.0,False,0.0,,,C:\Users\Thundercrow\Desktop\DESCARTES\M2\NegativePrompt_H1\results\negative_original\flan-t5-large\results.csv
sentence_similarity,flan-t5-large,negative_original,,2,False,43,0.0,False,0.0,,,C:\Users\Thundercrow\Desktop\DESCARTES\M2\NegativePrompt_H1\results\negative_original\flan-t5-large\results.csv
sentence_similarity,flan-t5-large,negative_original,,2,False,44,0.0,False,0.0,,,C:\Users\Thundercrow\Desktop\DESCARTES\M2\NegativePrompt_H1\results\negative_original\flan-t5-large\results.csv
sentence_similarity,flan-t5-large,negative_original,,3,False,42,0.0,False,0.0,,,C:\Users\Thundercrow\Desktop\DESCARTES\M2\NegativePrompt_H1\results\negative_original\flan-t5-large\results.csv
sentence_similarity,flan-t5-large,negative_original,,3,False,43,0.0,False,0.0,,,C:\Users\Thundercrow\Desktop\DESCARTES\M2\NegativePrompt_H1\results\negative_original\flan-t5-large\results.csv
sentence_similarity,flan-t5-large,negative_original,,3,False,44,0.0,False,0.0,,,C:\Users\Thundercrow\Desktop\DESCARTES\M2\NegativePrompt_H1\results\negative_original\flan-t5-large\results.csv
sentence_similarity,flan-t5-large,negative_original,,4,False,42,0.0,False,0.0,,,C:\Users\Thundercrow\Desktop\DESCARTES\M2\NegativePrompt_H1\results\negative_original\flan-t5-large\results.csv
sentence_similarity,flan-t5-large,negative_original,,4,False,43,0.0,False,0.0,,,C:\Users\Thundercrow\Desktop\DESCARTES\M2\NegativePrompt_H1\results\negative_original\flan-t5-large\results.csv
sentence_similarity,flan-t5-large,negative_original,,4,False,44,0.0,False,0.0,,,C:\Users\Thundercrow\Desktop\DESCARTES\M2\NegativePrompt_H1\results\negative_original\flan-t5-large\results.csv
sentence_similarity,flan-t5-large,neutral,1,0,False,42,0.0,False,0.0,,,C:\Users\Thundercrow\Desktop\DESCARTES\M2\NegativePrompt_H1\results\neutral\flan-t5-large\results.csv
sentence_similarity,flan-t5-large,neutral,1,0,False,43,0.0,False,0.0,,,C:\Users\Thundercrow\Desktop\DESCARTES\M2\NegativePrompt_H1\results\neutral\flan-t5-large\results.csv
sentence_similarity,flan-t5-large,neutral,1,0,False,44,0.0,False,0.0,,,C:\Users\Thundercrow\Desktop\DESCARTES\M2\NegativePrompt_H1\results\neutral\flan-t5-large\results.csv
sentence_similarity,flan-t5-large,neutral,2,0,False,42,0.0,False,0.0,,,C:\Users\Thundercrow\Desktop\DESCARTES\M2\NegativePrompt_H1\results\neutral\flan-t5-large\results.csv
sentence_similarity,flan-t5-large,neutral,2,0,False,43,0.0,False,0.0,,,C:\Users\Thundercrow\Desktop\DESCARTES\M2\NegativePrompt_H1\results\neutral\flan-t5-large\results.csv
sentence_similarity,flan-t5-large,neutral,2,0,False,44,0.0,False,0.0,,,C:\Users\Thundercrow\Desktop\DESCARTES\M2\NegativePrompt_H1\results\neutral\flan-t5-large\results.csv
sentence_similarity,flan-t5-large,neutral,3,0,False,42,0.0,False,0.0,,,C:\Users\Thundercrow\Desktop\DESCARTES\M2\NegativePrompt_H1\results\neutral\flan-t5-large\results.csv
sentence_similarity,flan-t5-large,neutral,3,0,False,43,0.0,False,0.0,,,C:\Users\Thundercrow\Desktop\DESCARTES\M2\NegativePrompt_H1\results\neutral\flan-t5-large\results.csv
sentence_similarity,flan-t5-large,neutral,3,0,False,44,0.0,False,0.0,,,C:\Users\Thundercrow\Desktop\DESCARTES\M2\NegativePrompt_H1\results\neutral\flan-t5-large\results.csv
sentence_similarity,flan-t5-large,neutral,4,0,False,42,0.0,False,0.0,,,C:\Users\Thundercrow\Desktop\DESCARTES\M2\NegativePrompt_H1\results\neutral\flan-t5-large\results.csv
sentence_similarity,flan-t5-large,neutral,4,0,False,43,0.0,False,0.0,,,C:\Users\Thundercrow\Desktop\DESCARTES\M2\NegativePrompt_H1\results\neutral\flan-t5-large\results.csv
sentence_similarity,flan-t5-large,neutral,4,0,False,44,0.0,False,0.0,,,C:\Users\Thundercrow\Desktop\DESCARTES\M2\NegativePrompt_H1\results\neutral\flan-t5-large\results.csv
sentence_similarity,flan-t5-large,positive,1,0,False,42,0.0,False,0.0,11.572,0.116,C:\Users\Thundercrow\Desktop\DESCARTES\M2\NegativePrompt_H1\results\positive\flan-t5-large\results.csv
sentence_similarity,flan-t5-large,positive,1,0,False,43,0.0,False,0.0,11.815,0.118,C:\Users\Thundercrow\Desktop\DESCARTES\M2\NegativePrompt_H1\results\positive\flan-t5-large\results.csv
sentence_similarity,flan-t5-large,positive,1,0,False,44,0.0,False,0.0,11.164,0.112,C:\Users\Thundercrow\Desktop\DESCARTES\M2\NegativePrompt_H1\results\positive\flan-t5-large\results.csv
sentence_similarity,flan-t5-large,positive,2,0,False,42,0.0,False,0.0,11.863,0.119,C:\Users\Thundercrow\Desktop\DESCARTES\M2\NegativePrompt_H1\results\positive\flan-t5-large\results.csv
sentence_similarity,flan-t5-large,positive,2,0,False,43,0.0,False,0.0,11.987,0.120,C:\Users\Thundercrow\Desktop\DESCARTES\M2\NegativePrompt_H1\results\positive\flan-t5-large\results.csv
sentence_similarity,flan-t5-large,positive,2,0,False,44,0.0,False,0.0,11.164,0.112,C:\Users\Thundercrow\Desktop\DESCARTES\M2\NegativePrompt_H1\results\positive\flan-t5-large\results.csv
sentence_similarity,flan-t5-large,positive,3,0,False,42,0.0,False,0.0,11.826,0.118,C:\Users\Thundercrow\Desktop\DESCARTES\M2\NegativePrompt_H1\results\positive\flan-t5-large\results.csv
sentence_similarity,flan-t5-large,positive,3,0,False,43,0.0,False,0.0,11.852,0.119,C:\Users\Thundercrow\Desktop\DESCARTES\M2\NegativePrompt_H1\results\positive\flan-t5-large\results.csv
sentence_similarity,flan-t5-large,positive,3,0,False,44,0.0,False,0.0,11.010,0.110,C:\Users\Thundercrow\Desktop\DESCARTES\M2\NegativePrompt_H1\results\positive\flan-t5-large\results.csv
sentence_similarity,flan-t5-large,positive,4,0,False,42,0.0,False,0.0,11.690,0.117,C:\Users\Thundercrow\Desktop\DESCARTES\M2\NegativePrompt_H1\results\positive\flan-t5-large\results.csv
sentence_similarity,flan-t5-large,positive,4,0,False,43,0.0,False,0.0,11.781,0.118,C:\Users\Thundercrow\Desktop\DESCARTES\M2\NegativePrompt_H1\results\positive\flan-t5-large\results.csv
sentence_similarity,flan-t5-large,positive,4,0,False,44,0.0,False,0.0,11.007,0.110,C:\Users\Thundercrow\Desktop\DESCARTES\M2\NegativePrompt_H1\results\positive\flan-t5-large\results.csv
sentiment,flan-t5-large,ambiguous,1,0,False,42,0.0,False,0.93,10.674,0.107,C:\Users\Thundercrow\Desktop\DESCARTES\M2\NegativePrompt_H1\results\ambiguous\flan-t5-large\results.csv
sentiment,flan-t5-large,ambiguous,1,0,False,43,0.0,False,0.93,10.832,0.108,C:\Users\Thundercrow\Desktop\DESCARTES\M2\NegativePrompt_H1\results\ambiguous\flan-t5-large\results.csv
sentiment,flan-t5-large,ambiguous,1,0,False,44,0.0,False,0.93,10.822,0.108,C:\Users\Thundercrow\Desktop\DESCARTES\M2\NegativePrompt_H1\results\ambiguous\flan-t5-large\results.csv
sentiment,flan-t5-large,ambiguous,2,0,False,42,0.0,False,0.93,10.640,0.106,C:\Users\Thundercrow\Desktop\DESCARTES\M2\NegativePrompt_H1\results\ambiguous\flan-t5-large\results.csv
sentiment,flan-t5-large,ambiguous,2,0,False,43,0.0,False,0.93,10.625,0.106,C:\Users\Thundercrow\Desktop\DESCARTES\M2\NegativePrompt_H1\results\ambiguous\flan-t5-large\results.csv
sentiment,flan-t5-large,ambiguous,2,0,False,44,0.0,False,0.93,10.707,0.107,C:\Users\Thundercrow\Desktop\DESCARTES\M2\NegativePrompt_H1\results\ambiguous\flan-t5-large\results.csv
sentiment,flan-t5-large,ambiguous,3,0,False,42,0.0,False,0.93,10.800,0.108,C:\Users\Thundercrow\Desktop\DESCARTES\M2\NegativePrompt_H1\results\ambiguous\flan-t5-large\results.csv
sentiment,flan-t5-large,ambiguous,3,0,False,43,0.0,False,0.93,10.755,0.108,C:\Users\Thundercrow\Desktop\DESCARTES\M2\NegativePrompt_H1\results\ambiguous\flan-t5-large\results.csv
sentiment,flan-t5-large,ambiguous,3,0,False,44,0.0,False,0.93,10.852,0.109,C:\Users\Thundercrow\Desktop\DESCARTES\M2\NegativePrompt_H1\results\ambiguous\flan-t5-large\results.csv
sentiment,flan-t5-large,ambiguous,4,0,False,42,0.0,False,0.93,10.772,0.108,C:\Users\Thundercrow\Desktop\DESCARTES\M2\NegativePrompt_H1\results\ambiguous\flan-t5-large\results.csv
sentiment,flan-t5-large,ambiguous,4,0,False,43,0.0,False,0.93,10.839,0.108,C:\Users\Thundercrow\Desktop\DESCARTES\M2\NegativePrompt_H1\results\ambiguous\flan-t5-large\results.csv
sentiment,flan-t5-large,ambiguous,4,0,False,44,0.0,False,0.93,10.752,0.108,C:\Users\Thundercrow\Desktop\DESCARTES\M2\NegativePrompt_H1\results\ambiguous\flan-t5-large\results.csv
sentiment,flan-t5-large,negative_control,1,0,False,42,0.0,False,0.93,,,C:\Users\Thundercrow\Desktop\DESCARTES\M2\NegativePrompt_H1\results\negative_control\flan-t5-large\results.csv
sentiment,flan-t5-large,negative_control,1,0,False,43,0.0,False,0.93,,,C:\Users\Thundercrow\Desktop\DESCARTES\M2\NegativePrompt_H1\results\negative_control\flan-t5-large\results.csv
sentiment,flan-t5-large,negative_control,1,0,False,44,0.0,False,0.93,,,C:\Users\Thundercrow\Desktop\DESCARTES\M2\NegativePrompt_H1\results\negative_control\flan-t5-large\results.csv
sentiment,flan-t5-large,negative_control,2,0,False,42,0.0,False,0.93,,,C:\Users\Thundercrow\Desktop\DESCARTES\M2\NegativePrompt_H1\results\negative_control\flan-t5-large\results.csv
sentiment,flan-t5-large,negative_control,2,0,False,43,0.0,False,0.93,,,C:\Users\Thundercrow\Desktop\DESCARTES\M2\NegativePrompt_H1\results\negative_control\flan-t5-large\results.csv
sentiment,flan-t5-large,negative_control,2,0,False,44,0.0,False,0.93,,,C:\Users\Thundercrow\Desktop\DESCARTES\M2\NegativePrompt_H1\results\negative_control\flan-t5-large\results.csv
sentiment,flan-t5-large,negative_control,3,0,False,42,0.0,False,0.93,,,C:\Users\Thundercrow\Desktop\DESCARTES\M2\NegativePrompt_H1\results\negative_control\flan-t5-large\results.csv
sentiment,flan-t5-large,negative_control,3,0,False,43,0.0,False,0.93,,,C:\Users\Thundercrow\Desktop\DESCARTES\M2\NegativePrompt_H1\results\negative_control\flan-t5-large\results.csv
sentiment,flan-t5-large,negative_control,3,0,False,44,0.0,False,0.93,,,C:\Users\Thundercrow\Desktop\DESCARTES\M2\NegativePrompt_H1\results\negative_control\flan-t5-large\results.csv
sentiment,flan-t5-large,negative_control,4,0,False,42,0.0,False,0.93,,,C:\Users\Thundercrow\Desktop\DESCARTES\M2\NegativePrompt_H1\results\negative_control\flan-t5-large\results.csv
sentiment,flan-t5-large,negative_control,4,0,False,43,0.0,False,0.93,,,C:\Users\Thundercrow\Desktop\DESCARTES\M2\NegativePrompt_H1\results\negative_control\flan-t5-large\results.csv
sentiment,flan-t5-large,negative_control,4,0,False,44,0.0,False,0.93,,,C:\Users\Thundercrow\Desktop\DESCARTES\M2\NegativePrompt_H1\results\negative_control\flan-t5-large\results.csv
sentiment,flan-t5-large,negative_original,,1,False,42,0.0,False,0.93,,,C:\Users\Thundercrow\Desktop\DESCARTES\M2\NegativePrompt_H1\results\negative_original\flan-t5-large\results.csv
sentiment,flan-t5-large,negative_original,,1,False,43,0.0,False,0.93,,,C:\Users\Thundercrow\Desktop\DESCARTES\M2\NegativePrompt_H1\results\negative_original\flan-t5-large\results.csv
sentiment,flan-t5-large,negative_original,,1,False,44,0.0,False,0.93,,,C:\Users\Thundercrow\Desktop\DESCARTES\M2\NegativePrompt_H1\results\negative_original\flan-t5-large\results.csv
sentiment,flan-t5-large,negative_original,,2,False,42,0.0,False,0.94,,,C:\Users\Thundercrow\Desktop\DESCARTES\M2\NegativePrompt_H1\results\negative_original\flan-t5-large\results.csv
sentiment,flan-t5-large,negative_original,,2,False,43,0.0,False,0.94,,,C:\Users\Thundercrow\Desktop\DESCARTES\M2\NegativePrompt_H1\results\negative_original\flan-t5-large\results.csv
sentiment,flan-t5-large,negative_original,,2,False,44,0.0,False,0.94,,,C:\Users\Thundercrow\Desktop\DESCARTES\M2\NegativePrompt_H1\results\negative_original\flan-t5-large\results.csv
sentiment,flan-t5-large,negative_original,,3,False,42,0.0,False,0.95,,,C:\Users\Thundercrow\Desktop\DESCARTES\M2\NegativePrompt_H1\results\negative_original\flan-t5-large\results.csv
sentiment,flan-t5-large,negative_original,,3,False,43,0.0,False,0.95,,,C:\Users\Thundercrow\Desktop\DESCARTES\M2\NegativePrompt_H1\results\negative_original\flan-t5-large\results.csv
sentiment,flan-t5-large,negative_original,,3,False,44,0.0,False,0.95,,,C:\Users\Thundercrow\Desktop\DESCARTES\M2\NegativePrompt_H1\results\negative_original\flan-t5-large\results.csv
sentiment,flan-t5-large,negative_original,,4,False,42,0.0,False,0.94,,,C:\Users\Thundercrow\Desktop\DESCARTES\M2\NegativePrompt_H1\results\negative_original\flan-t5-large\results.csv
sentiment,flan-t5-large,negative_original,,4,False,43,0.0,False,0.94,,,C:\Users\Thundercrow\Desktop\DESCARTES\M2\NegativePrompt_H1\results\negative_original\flan-t5-large\results.csv
sentiment,flan-t5-large,negative_original,,4,False,44,0.0,False,0.94,,,C:\Users\Thundercrow\Desktop\DESCARTES\M2\NegativePrompt_H1\results\negative_original\flan-t5-large\results.csv
sentiment,flan-t5-large,neutral,1,0,False,42,0.0,False,0.93,,,C:\Users\Thundercrow\Desktop\DESCARTES\M2\NegativePrompt_H1\results\neutral\flan-t5-large\results.csv
sentiment,flan-t5-large,neutral,1,0,False,43,0.0,False,0.93,,,C:\Users\Thundercrow\Desktop\DESCARTES\M2\NegativePrompt_H1\results\neutral\flan-t5-large\results.csv
sentiment,flan-t5-large,neutral,1,0,False,44,0.0,False,0.93,,,C:\Users\Thundercrow\Desktop\DESCARTES\M2\NegativePrompt_H1\results\neutral\flan-t5-large\results.csv
sentiment,flan-t5-large,neutral,2,0,False,42,0.0,False,0.93,,,C:\Users\Thundercrow\Desktop\DESCARTES\M2\NegativePrompt_H1\results\neutral\flan-t5-large\results.csv
sentiment,flan-t5-large,neutral,2,0,False,43,0.0,False,0.93,,,C:\Users\Thundercrow\Desktop\DESCARTES\M2\NegativePrompt_H1\results\neutral\flan-t5-large\results.csv
sentiment,flan-t5-large,neutral,2,0,False,44,0.0,False,0.93,,,C:\Users\Thundercrow\Desktop\DESCARTES\M2\NegativePrompt_H1\results\neutral\flan-t5-large\results.csv
sentiment,flan-t5-large,neutral,3,0,False,42,0.0,False,0.93,,,C:\Users\Thundercrow\Desktop\DESCARTES\M2\NegativePrompt_H1\results\neutral\flan-t5-large\results.csv
sentiment,flan-t5-large,neutral,3,0,False,43,0.0,False,0.93,,,C:\Users\Thundercrow\Desktop\DESCARTES\M2\NegativePrompt_H1\results\neutral\flan-t5-large\results.csv
sentiment,flan-t5-large,neutral,3,0,False,44,0.0,False,0.93,,,C:\Users\Thundercrow\Desktop\DESCARTES\M2\NegativePrompt_H1\results\neutral\flan-t5-large\results.csv
sentiment,flan-t5-large,neutral,4,0,False,42,0.0,False,0.93,,,C:\Users\Thundercrow\Desktop\DESCARTES\M2\NegativePrompt_H1\results\neutral\flan-t5-large\results.csv
sentiment,flan-t5-large,neutral,4,0,False,43,0.0,False,0.93,,,C:\Users\Thundercrow\Desktop\DESCARTES\M2\NegativePrompt_H1\results\neutral\flan-t5-large\results.csv
sentiment,flan-t5-large,neutral,4,0,False,44,0.0,False,0.93,,,C:\Users\Thundercrow\Desktop\DESCARTES\M2\NegativePrompt_H1\results\neutral\flan-t5-large\results.csv
sentiment,flan-t5-large,positive,1,0,False,42,0.0,False,0.93,10.623,0.106,C:\Users\Thundercrow\Desktop\DESCARTES\M2\NegativePrompt_H1\results\positive\flan-t5-large\results.csv
sentiment,flan-t5-large,positive,1,0,False,43,0.0,False,0.93,10.778,0.108,C:\Users\Thundercrow\Desktop\DESCARTES\M2\NegativePrompt_H1\results\positive\flan-t5-large\results.csv
sentiment,flan-t5-large,positive,1,0,False,44,0.0,False,0.93,10.816,0.108,C:\Users\Thundercrow\Desktop\DESCARTES\M2\NegativePrompt_H1\results\positive\flan-t5-large\results.csv
sentiment,flan-t5-large,positive,2,0,False,42,0.0,False,0.93,10.653,0.107,C:\Users\Thundercrow\Desktop\DESCARTES\M2\NegativePrompt_H1\results\positive\flan-t5-large\results.csv
sentiment,flan-t5-large,positive,2,0,False,43,0.0,False,0.93,10.613,0.106,C:\Users\Thundercrow\Desktop\DESCARTES\M2\NegativePrompt_H1\results\positive\flan-t5-large\results.csv
sentiment,flan-t5-large,positive,2,0,False,44,0.0,False,0.93,10.658,0.107,C:\Users\Thundercrow\Desktop\DESCARTES\M2\NegativePrompt_H1\results\positive\flan-t5-large\results.csv
sentiment,flan-t5-large,positive,3,0,False,42,0.0,False,0.93,10.812,0.108,C:\Users\Thundercrow\Desktop\DESCARTES\M2\NegativePrompt_H1\results\positive\flan-t5-large\results.csv
sentiment,flan-t5-large,positive,3,0,False,43,0.0,False,0.93,10.797,0.108,C:\Users\Thundercrow\Desktop\DESCARTES\M2\NegativePrompt_H1\results\positive\flan-t5-large\results.csv
sentiment,flan-t5-large,positive,3,0,False,44,0.0,False,0.93,10.753,0.108,C:\Users\Thundercrow\Desktop\DESCARTES\M2\NegativePrompt_H1\results\positive\flan-t5-large\results.csv
sentiment,flan-t5-large,positive,4,0,False,42,0.0,False,0.93,10.741,0.107,C:\Users\Thundercrow\Desktop\DESCARTES\M2\NegativePrompt_H1\results\positive\flan-t5-large\results.csv
sentiment,flan-t5-large,positive,4,0,False,43,0.0,False,0.93,10.705,0.107,C:\Users\Thundercrow\Desktop\DESCARTES\M2\NegativePrompt_H1\results\positive\flan-t5-large\results.csv
sentiment,flan-t5-large,positive,4,0,False,44,0.0,False,0.93,10.700,0.107,C:\Users\Thundercrow\Desktop\DESCARTES\M2\NegativePrompt_H1\results\positive\flan-t5-large\results.csv
singular_to_plural,flan-t5-large,ambiguous,1,0,False,42,0.0,False,0.17,11.580,0.116,C:\Users\Thundercrow\Desktop\DESCARTES\M2\NegativePrompt_H1\results\ambiguous\flan-t5-large\results.csv
singular_to_plural,flan-t5-large,ambiguous,1,0,False,43,0.0,False,0.17,11.530,0.115,C:\Users\Thundercrow\Desktop\DESCARTES\M2\NegativePrompt_H1\results\ambiguous\flan-t5-large\results.csv
singular_to_plural,flan-t5-large,ambiguous,1,0,False,44,0.0,False,0.17,11.671,0.117,C:\Users\Thundercrow\Desktop\DESCARTES\M2\NegativePrompt_H1\results\ambiguous\flan-t5-large\results.csv
singular_to_plural,flan-t5-large,ambiguous,2,0,False,42,0.0,False,0.38,12.213,0.122,C:\Users\Thundercrow\Desktop\DESCARTES\M2\NegativePrompt_H1\results\ambiguous\flan-t5-large\results.csv
singular_to_plural,flan-t5-large,ambiguous,2,0,False,43,0.0,False,0.38,12.080,0.121,C:\Users\Thundercrow\Desktop\DESCARTES\M2\NegativePrompt_H1\results\ambiguous\flan-t5-large\results.csv
singular_to_plural,flan-t5-large,ambiguous,2,0,False,44,0.0,False,0.38,12.143,0.121,C:\Users\Thundercrow\Desktop\DESCARTES\M2\NegativePrompt_H1\results\ambiguous\flan-t5-large\results.csv
singular_to_plural,flan-t5-large,ambiguous,3,0,False,42,0.0,False,0.21,11.783,0.118,C:\Users\Thundercrow\Desktop\DESCARTES\M2\NegativePrompt_H1\results\ambiguous\flan-t5-large\results.csv
singular_to_plural,flan-t5-large,ambiguous,3,0,False,43,0.0,False,0.21,11.674,0.117,C:\Users\Thundercrow\Desktop\DESCARTES\M2\NegativePrompt_H1\results\ambiguous\flan-t5-large\results.csv
singular_to_plural,flan-t5-large,ambiguous,3,0,False,44,0.0,False,0.21,11.698,0.117,C:\Users\Thundercrow\Desktop\DESCARTES\M2\NegativePrompt_H1\results\ambiguous\flan-t5-large\results.csv
singular_to_plural,flan-t5-large,ambiguous,4,0,False,42,0.0,False,0.3,12.169,0.122,C:\Users\Thundercrow\Desktop\DESCARTES\M2\NegativePrompt_H1\results\ambiguous\flan-t5-large\results.csv
singular_to_plural,flan-t5-large,ambiguous,4,0,False,43,0.0,False,0.3,12.185,0.122,C:\Users\Thundercrow\Desktop\DESCARTES\M2\NegativePrompt_H1\results\ambiguous\flan-t5-large\results.csv
singular_to_plural,flan-t5-large,ambiguous,4,0,False,44,0.0,False,0.3,12.020,0.120,C:\Users\Thundercrow\Desktop\DESCARTES\M2\NegativePrompt_H1\results\ambiguous\flan-t5-large\results.csv
singular_to_plural,flan-t5-large,negative_control,1,0,False,42,0.0,False,0.38,,,C:\Users\Thundercrow\Desktop\DESCARTES\M2\NegativePrompt_H1\results\negative_control\flan-t5-large\results.csv
singular_to_plural,flan-t5-large,negative_control,1,0,False,43,0.0,False,0.38,,,C:\Users\Thundercrow\Desktop\DESCARTES\M2\NegativePrompt_H1\results\negative_control\flan-t5-large\results.csv
singular_to_plural,flan-t5-large,negative_control,1,0,False,44,0.0,False,0.38,,,C:\Users\Thundercrow\Desktop\DESCARTES\M2\NegativePrompt_H1\results\negative_control\flan-t5-large\results.csv
singular_to_plural,flan-t5-large,negative_control,2,0,False,42,0.0,False,0.22,,,C:\Users\Thundercrow\Desktop\DESCARTES\M2\NegativePrompt_H1\results\negative_control\flan-t5-large\results.csv
singular_to_plural,flan-t5-large,negative_control,2,0,False,43,0.0,False,0.22,,,C:\Users\Thundercrow\Desktop\DESCARTES\M2\NegativePrompt_H1\results\negative_control\flan-t5-large\results.csv
singular_to_plural,flan-t5-large,negative_control,2,0,False,44,0.0,False,0.22,,,C:\Users\Thundercrow\Desktop\DESCARTES\M2\NegativePrompt_H1\results\negative_control\flan-t5-large\results.csv
singular_to_plural,flan-t5-large,negative_control,3,0,False,42,0.0,False,0.09,,,C:\Users\Thundercrow\Desktop\DESCARTES\M2\NegativePrompt_H1\results\negative_control\flan-t5-large\results.csv
singular_to_plural,flan-t5-large,negative_control,3,0,False,43,0.0,False,0.09,,,C:\Users\Thundercrow\Desktop\DESCARTES\M2\NegativePrompt_H1\results\negative_control\flan-t5-large\results.csv
singular_to_plural,flan-t5-large,negative_control,3,0,False,44,0.0,False,0.09,,,C:\Users\Thundercrow\Desktop\DESCARTES\M2\NegativePrompt_H1\results\negative_control\flan-t5-large\results.csv
singular_to_plural,flan-t5-large,negative_control,4,0,False,42,0.0,False,0.12,,,C:\Users\Thundercrow\Desktop\DESCARTES\M2\NegativePrompt_H1\results\negative_control\flan-t5-large\results.csv
singular_to_plural,flan-t5-large,negative_control,4,0,False,43,0.0,False,0.12,,,C:\Users\Thundercrow\Desktop\DESCARTES\M2\NegativePrompt_H1\results\negative_control\flan-t5-large\results.csv
singular_to_plural,flan-t5-large,negative_control,4,0,False,44,0.0,False,0.12,,,C:\Users\Thundercrow\Desktop\DESCARTES\M2\NegativePrompt_H1\results\negative_control\flan-t5-large\results.csv
singular_to_plural,flan-t5-large,negative_original,,1,False,42,0.0,False,0.12,,,C:\Users\Thundercrow\Desktop\DESCARTES\M2\NegativePrompt_H1\results\negative_original\flan-t5-large\results.csv
singular_to_plural,flan-t5-large,negative_original,,1,False,43,0.0,False,0.12,,,C:\Users\Thundercrow\Desktop\DESCARTES\M2\NegativePrompt_H1\results\negative_original\flan-t5-large\results.csv
singular_to_plural,flan-t5-large,negative_original,,1,False,44,0.0,False,0.12,,,C:\Users\Thundercrow\Desktop\DESCARTES\M2\NegativePrompt_H1\results\negative_original\flan-t5-large\results.csv
singular_to_plural,flan-t5-large,negative_original,,2,False,42,0.0,False,0.15,,,C:\Users\Thundercrow\Desktop\DESCARTES\M2\NegativePrompt_H1\results\negative_original\flan-t5-large\results.csv
singular_to_plural,flan-t5-large,negative_original,,2,False,43,0.0,False,0.15,,,C:\Users\Thundercrow\Desktop\DESCARTES\M2\NegativePrompt_H1\results\negative_original\flan-t5-large\results.csv
singular_to_plural,flan-t5-large,negative_original,,2,False,44,0.0,False,0.15,,,C:\Users\Thundercrow\Desktop\DESCARTES\M2\NegativePrompt_H1\results\negative_original\flan-t5-large\results.csv
singular_to_plural,flan-t5-large,negative_original,,3,False,42,0.0,False,0.11,,,C:\Users\Thundercrow\Desktop\DESCARTES\M2\NegativePrompt_H1\results\negative_original\flan-t5-large\results.csv
singular_to_plural,flan-t5-large,negative_original,,3,False,43,0.0,False,0.11,,,C:\Users\Thundercrow\Desktop\DESCARTES\M2\NegativePrompt_H1\results\negative_original\flan-t5-large\results.csv
singular_to_plural,flan-t5-large,negative_original,,3,False,44,0.0,False,0.11,,,C:\Users\Thundercrow\Desktop\DESCARTES\M2\NegativePrompt_H1\results\negative_original\flan-t5-large\results.csv
singular_to_plural,flan-t5-large,negative_original,,4,False,42,0.0,False,0.12,,,C:\Users\Thundercrow\Desktop\DESCARTES\M2\NegativePrompt_H1\results\negative_original\flan-t5-large\results.csv
singular_to_plural,flan-t5-large,negative_original,,4,False,43,0.0,False,0.12,,,C:\Users\Thundercrow\Desktop\DESCARTES\M2\NegativePrompt_H1\results\negative_original\flan-t5-large\results.csv
singular_to_plural,flan-t5-large,negative_original,,4,False,44,0.0,False,0.12,,,C:\Users\Thundercrow\Desktop\DESCARTES\M2\NegativePrompt_H1\results\negative_original\flan-t5-large\results.csv
singular_to_plural,flan-t5-large,neutral,1,0,False,42,0.0,False,0.36,,,C:\Users\Thundercrow\Desktop\DESCARTES\M2\NegativePrompt_H1\results\neutral\flan-t5-large\results.csv
singular_to_plural,flan-t5-large,neutral,1,0,False,43,0.0,False,0.36,,,C:\Users\Thundercrow\Desktop\DESCARTES\M2\NegativePrompt_H1\results\neutral\flan-t5-large\results.csv
singular_to_plural,flan-t5-large,neutral,1,0,False,44,0.0,False,0.36,,,C:\Users\Thundercrow\Desktop\DESCARTES\M2\NegativePrompt_H1\results\neutral\flan-t5-large\results.csv
singular_to_plural,flan-t5-large,neutral,2,0,False,42,0.0,False,0.36,,,C:\Users\Thundercrow\Desktop\DESCARTES\M2\NegativePrompt_H1\results\neutral\flan-t5-large\results.csv
singular_to_plural,flan-t5-large,neutral,2,0,False,43,0.0,False,0.36,,,C:\Users\Thundercrow\Desktop\DESCARTES\M2\NegativePrompt_H1\results\neutral\flan-t5-large\results.csv
singular_to_plural,flan-t5-large,neutral,2,0,False,44,0.0,False,0.36,,,C:\Users\Thundercrow\Desktop\DESCARTES\M2\NegativePrompt_H1\results\neutral\flan-t5-large\results.csv
singular_to_plural,flan-t5-large,neutral,3,0,False,42,0.0,False,0.42,,,C:\Users\Thundercrow\Desktop\DESCARTES\M2\NegativePrompt_H1\results\neutral\flan-t5-large\results.csv
singular_to_plural,flan-t5-large,neutral,3,0,False,43,0.0,False,0.42,,,C:\Users\Thundercrow\Desktop\DESCARTES\M2\NegativePrompt_H1\results\neutral\flan-t5-large\results.csv
singular_to_plural,flan-t5-large,neutral,3,0,False,44,0.0,False,0.42,,,C:\Users\Thundercrow\Desktop\DESCARTES\M2\NegativePrompt_H1\results\neutral\flan-t5-large\results.csv
singular_to_plural,flan-t5-large,neutral,4,0,False,42,0.0,False,0.24,,,C:\Users\Thundercrow\Desktop\DESCARTES\M2\NegativePrompt_H1\results\neutral\flan-t5-large\results.csv
singular_to_plural,flan-t5-large,neutral,4,0,False,43,0.0,False,0.24,,,C:\Users\Thundercrow\Desktop\DESCARTES\M2\NegativePrompt_H1\results\neutral\flan-t5-large\results.csv
singular_to_plural,flan-t5-large,neutral,4,0,False,44,0.0,False,0.24,,,C:\Users\Thundercrow\Desktop\DESCARTES\M2\NegativePrompt_H1\results\neutral\flan-t5-large\results.csv
singular_to_plural,flan-t5-large,positive,1,0,False,42,0.0,False,0.29,11.959,0.120,C:\Users\Thundercrow\Desktop\DESCARTES\M2\NegativePrompt_H1\results\positive\flan-t5-large\results.csv
singular_to_plural,flan-t5-large,positive,1,0,False,43,0.0,False,0.29,11.922,0.119,C:\Users\Thundercrow\Desktop\DESCARTES\M2\NegativePrompt_H1\results\positive\flan-t5-large\results.csv
singular_to_plural,flan-t5-large,positive,1,0,False,44,0.0,False,0.29,11.878,0.119,C:\Users\Thundercrow\Desktop\DESCARTES\M2\NegativePrompt_H1\results\positive\flan-t5-large\results.csv
singular_to_plural,flan-t5-large,positive,2,0,False,42,0.0,False,0.28,12.214,0.122,C:\Users\Thundercrow\Desktop\DESCARTES\M2\NegativePrompt_H1\results\positive\flan-t5-large\results.csv
singular_to_plural,flan-t5-large,positive,2,0,False,43,0.0,False,0.28,12.095,0.121,C:\Users\Thundercrow\Desktop\DESCARTES\M2\NegativePrompt_H1\results\positive\flan-t5-large\results.csv
singular_to_plural,flan-t5-large,positive,2,0,False,44,0.0,False,0.28,12.129,0.121,C:\Users\Thundercrow\Desktop\DESCARTES\M2\NegativePrompt_H1\results\positive\flan-t5-large\results.csv
singular_to_plural,flan-t5-large,positive,3,0,False,42,0.0,False,0.35,12.178,0.122,C:\Users\Thundercrow\Desktop\DESCARTES\M2\NegativePrompt_H1\results\positive\flan-t5-large\results.csv
singular_to_plural,flan-t5-large,positive,3,0,False,43,0.0,False,0.35,12.085,0.121,C:\Users\Thundercrow\Desktop\DESCARTES\M2\NegativePrompt_H1\results\positive\flan-t5-large\results.csv
singular_to_plural,flan-t5-large,positive,3,0,False,44,0.0,False,0.35,12.134,0.121,C:\Users\Thundercrow\Desktop\DESCARTES\M2\NegativePrompt_H1\results\positive\flan-t5-large\results.csv
singular_to_plural,flan-t5-large,positive,4,0,False,42,0.0,False,0.3,12.090,0.121,C:\Users\Thundercrow\Desktop\DESCARTES\M2\NegativePrompt_H1\results\positive\flan-t5-large\results.csv
singular_to_plural,flan-t5-large,positive,4,0,False,43,0.0,False,0.3,12.023,0.120,C:\Users\Thundercrow\Desktop\DESCARTES\M2\NegativePrompt_H1\results\positive\flan-t5-large\results.csv
singular_to_plural,flan-t5-large,positive,4,0,False,44,0.0,False,0.3,11.997,0.120,C:\Users\Thundercrow\Desktop\DESCARTES\M2\NegativePrompt_H1\results\positive\flan-t5-large\results.csv
sum,flan-t5-large,ambiguous,1,0,False,42,0.0,False,0.02,13.005,0.130,C:\Users\Thundercrow\Desktop\DESCARTES\M2\NegativePrompt_H1\results\ambiguous\flan-t5-large\results.csv
sum,flan-t5-large,ambiguous,1,0,False,43,0.0,False,0.02,12.984,0.130,C:\Users\Thundercrow\Desktop\DESCARTES\M2\NegativePrompt_H1\results\ambiguous\flan-t5-large\results.csv
sum,flan-t5-large,ambiguous,1,0,False,44,0.0,False,0.02,12.975,0.130,C:\Users\Thundercrow\Desktop\DESCARTES\M2\NegativePrompt_H1\results\ambiguous\flan-t5-large\results.csv
sum,flan-t5-large,ambiguous,2,0,False,42,0.0,False,0.02,12.916,0.129,C:\Users\Thundercrow\Desktop\DESCARTES\M2\NegativePrompt_H1\results\ambiguous\flan-t5-large\results.csv
sum,flan-t5-large,ambiguous,2,0,False,43,0.0,False,0.02,13.069,0.131,C:\Users\Thundercrow\Desktop\DESCARTES\M2\NegativePrompt_H1\results\ambiguous\flan-t5-large\results.csv
sum,flan-t5-large,ambiguous,2,0,False,44,0.0,False,0.02,13.006,0.130,C:\Users\Thundercrow\Desktop\DESCARTES\M2\NegativePrompt_H1\results\ambiguous\flan-t5-large\results.csv
sum,flan-t5-large,ambiguous,3,0,False,42,0.0,False,0.02,12.848,0.128,C:\Users\Thundercrow\Desktop\DESCARTES\M2\NegativePrompt_H1\results\ambiguous\flan-t5-large\results.csv
sum,flan-t5-large,ambiguous,3,0,False,43,0.0,False,0.02,13.007,0.130,C:\Users\Thundercrow\Desktop\DESCARTES\M2\NegativePrompt_H1\results\ambiguous\flan-t5-large\results.csv
sum,flan-t5-large,ambiguous,3,0,False,44,0.0,False,0.02,12.866,0.129,C:\Users\Thundercrow\Desktop\DESCARTES\M2\NegativePrompt_H1\results\ambiguous\flan-t5-large\results.csv
sum,flan-t5-large,ambiguous,4,0,False,42,0.0,False,0.03,12.919,0.129,C:\Users\Thundercrow\Desktop\DESCARTES\M2\NegativePrompt_H1\results\ambiguous\flan-t5-large\results.csv
sum,flan-t5-large,ambiguous,4,0,False,43,0.0,False,0.03,13.066,0.131,C:\Users\Thundercrow\Desktop\DESCARTES\M2\NegativePrompt_H1\results\ambiguous\flan-t5-large\results.csv
sum,flan-t5-large,ambiguous,4,0,False,44,0.0,False,0.03,12.890,0.129,C:\Users\Thundercrow\Desktop\DESCARTES\M2\NegativePrompt_H1\results\ambiguous\flan-t5-large\results.csv
sum,flan-t5-large,negative_control,1,0,False,42,0.0,False,0.02,,,C:\Users\Thundercrow\Desktop\DESCARTES\M2\NegativePrompt_H1\results\negative_control\flan-t5-large\results.csv
sum,flan-t5-large,negative_control,1,0,False,43,0.0,False,0.02,,,C:\Users\Thundercrow\Desktop\DESCARTES\M2\NegativePrompt_H1\results\negative_control\flan-t5-large\results.csv
sum,flan-t5-large,negative_control,1,0,False,44,0.0,False,0.02,,,C:\Users\Thundercrow\Desktop\DESCARTES\M2\NegativePrompt_H1\results\negative_control\flan-t5-large\results.csv
sum,flan-t5-large,negative_control,2,0,False,42,0.0,False,0.02,,,C:\Users\Thundercrow\Desktop\DESCARTES\M2\NegativePrompt_H1\results\negative_control\flan-t5-large\results.csv
sum,flan-t5-large,negative_control,2,0,False,43,0.0,False,0.02,,,C:\Users\Thundercrow\Desktop\DESCARTES\M2\NegativePrompt_H1\results\negative_control\flan-t5-large\results.csv
sum,flan-t5-large,negative_control,2,0,False,44,0.0,False,0.02,,,C:\Users\Thundercrow\Desktop\DESCARTES\M2\NegativePrompt_H1\results\negative_control\flan-t5-large\results.csv
sum,flan-t5-large,negative_control,3,0,False,42,0.0,False,0.02,,,C:\Users\Thundercrow\Desktop\DESCARTES\M2\NegativePrompt_H1\results\negative_control\flan-t5-large\results.csv
sum,flan-t5-large,negative_control,3,0,False,43,0.0,False,0.02,,,C:\Users\Thundercrow\Desktop\DESCARTES\M2\NegativePrompt_H1\results\negative_control\flan-t5-large\results.csv
sum,flan-t5-large,negative_control,3,0,False,44,0.0,False,0.02,,,C:\Users\Thundercrow\Desktop\DESCARTES\M2\NegativePrompt_H1\results\negative_control\flan-t5-large\results.csv
sum,flan-t5-large,negative_control,4,0,False,42,0.0,False,0.02,,,C:\Users\Thundercrow\Desktop\DESCARTES\M2\NegativePrompt_H1\results\negative_control\flan-t5-large\results.csv
sum,flan-t5-large,negative_control,4,0,False,43,0.0,False,0.02,,,C:\Users\Thundercrow\Desktop\DESCARTES\M2\NegativePrompt_H1\results\negative_control\flan-t5-large\results.csv
sum,flan-t5-large,negative_control,4,0,False,44,0.0,False,0.02,,,C:\Users\Thundercrow\Desktop\DESCARTES\M2\NegativePrompt_H1\results\negative_control\flan-t5-large\results.csv
sum,flan-t5-large,negative_original,,1,False,42,0.0,False,0.02,,,C:\Users\Thundercrow\Desktop\DESCARTES\M2\NegativePrompt_H1\results\negative_original\flan-t5-large\results.csv
sum,flan-t5-large,negative_original,,1,False,43,0.0,False,0.02,,,C:\Users\Thundercrow\Desktop\DESCARTES\M2\NegativePrompt_H1\results\negative_original\flan-t5-large\results.csv
sum,flan-t5-large,negative_original,,1,False,44,0.0,False,0.02,,,C:\Users\Thundercrow\Desktop\DESCARTES\M2\NegativePrompt_H1\results\negative_original\flan-t5-large\results.csv
sum,flan-t5-large,negative_original,,2,False,42,0.0,False,0.02,,,C:\Users\Thundercrow\Desktop\DESCARTES\M2\NegativePrompt_H1\results\negative_original\flan-t5-large\results.csv
sum,flan-t5-large,negative_original,,2,False,43,0.0,False,0.02,,,C:\Users\Thundercrow\Desktop\DESCARTES\M2\NegativePrompt_H1\results\negative_original\flan-t5-large\results.csv
sum,flan-t5-large,negative_original,,2,False,44,0.0,False,0.02,,,C:\Users\Thundercrow\Desktop\DESCARTES\M2\NegativePrompt_H1\results\negative_original\flan-t5-large\results.csv
sum,flan-t5-large,negative_original,,3,False,42,0.0,False,0.03,,,C:\Users\Thundercrow\Desktop\DESCARTES\M2\NegativePrompt_H1\results\negative_original\flan-t5-large\results.csv
sum,flan-t5-large,negative_original,,3,False,43,0.0,False,0.03,,,C:\Users\Thundercrow\Desktop\DESCARTES\M2\NegativePrompt_H1\results\negative_original\flan-t5-large\results.csv
sum,flan-t5-large,negative_original,,3,False,44,0.0,False,0.03,,,C:\Users\Thundercrow\Desktop\DESCARTES\M2\NegativePrompt_H1\results\negative_original\flan-t5-large\results.csv
sum,flan-t5-large,negative_original,,4,False,42,0.0,False,0.02,,,C:\Users\Thundercrow\Desktop\DESCARTES\M2\NegativePrompt_H1\results\negative_original\flan-t5-large\results.csv
sum,flan-t5-large,negative_original,,4,False,43,0.0,False,0.02,,,C:\Users\Thundercrow\Desktop\DESCARTES\M2\NegativePrompt_H1\results\negative_original\flan-t5-large\results.csv
sum,flan-t5-large,negative_original,,4,False,44,0.0,False,0.02,,,C:\Users\Thundercrow\Desktop\DESCARTES\M2\NegativePrompt_H1\results\negative_original\flan-t5-large\results.csv
sum,flan-t5-large,neutral,1,0,False,42,0.0,False,0.02,,,C:\Users\Thundercrow\Desktop\DESCARTES\M2\NegativePrompt_H1\results\neutral\flan-t5-large\results.csv
sum,flan-t5-large,neutral,1,0,False,43,0.0,False,0.02,,,C:\Users\Thundercrow\Desktop\DESCARTES\M2\NegativePrompt_H1\results\neutral\flan-t5-large\results.csv
sum,flan-t5-large,neutral,1,0,False,44,0.0,False,0.02,,,C:\Users\Thundercrow\Desktop\DESCARTES\M2\NegativePrompt_H1\results\neutral\flan-t5-large\results.csv
sum,flan-t5-large,neutral,2,0,False,42,0.0,False,0.02,,,C:\Users\Thundercrow\Desktop\DESCARTES\M2\NegativePrompt_H1\results\neutral\flan-t5-large\results.csv
sum,flan-t5-large,neutral,2,0,False,43,0.0,False,0.02,,,C:\Users\Thundercrow\Desktop\DESCARTES\M2\NegativePrompt_H1\results\neutral\flan-t5-large\results.csv
sum,flan-t5-large,neutral,2,0,False,44,0.0,False,0.02,,,C:\Users\Thundercrow\Desktop\DESCARTES\M2\NegativePrompt_H1\results\neutral\flan-t5-large\results.csv
sum,flan-t5-large,neutral,3,0,False,42,0.0,False,0.02,,,C:\Users\Thundercrow\Desktop\DESCARTES\M2\NegativePrompt_H1\results\neutral\flan-t5-large\results.csv
sum,flan-t5-large,neutral,3,0,False,43,0.0,False,0.02,,,C:\Users\Thundercrow\Desktop\DESCARTES\M2\NegativePrompt_H1\results\neutral\flan-t5-large\results.csv
sum,flan-t5-large,neutral,3,0,False,44,0.0,False,0.02,,,C:\Users\Thundercrow\Desktop\DESCARTES\M2\NegativePrompt_H1\results\neutral\flan-t5-large\results.csv
sum,flan-t5-large,neutral,4,0,False,42,0.0,False,0.02,,,C:\Users\Thundercrow\Desktop\DESCARTES\M2\NegativePrompt_H1\results\neutral\flan-t5-large\results.csv
sum,flan-t5-large,neutral,4,0,False,43,0.0,False,0.02,,,C:\Users\Thundercrow\Desktop\DESCARTES\M2\NegativePrompt_H1\results\neutral\flan-t5-large\results.csv
sum,flan-t5-large,neutral,4,0,False,44,0.0,False,0.02,,,C:\Users\Thundercrow\Desktop\DESCARTES\M2\NegativePrompt_H1\results\neutral\flan-t5-large\results.csv
sum,flan-t5-large,positive,1,0,False,42,0.0,False,0.03,12.954,0.130,C:\Users\Thundercrow\Desktop\DESCARTES\M2\NegativePrompt_H1\results\positive\flan-t5-large\results.csv
sum,flan-t5-large,positive,1,0,False,43,0.0,False,0.03,13.109,0.131,C:\Users\Thundercrow\Desktop\DESCARTES\M2\NegativePrompt_H1\results\positive\flan-t5-large\results.csv
sum,flan-t5-large,positive,1,0,False,44,0.0,False,0.03,12.903,0.129,C:\Users\Thundercrow\Desktop\DESCARTES\M2\NegativePrompt_H1\results\positive\flan-t5-large\results.csv
sum,flan-t5-large,positive,2,0,False,42,0.0,False,0.03,12.933,0.129,C:\Users\Thundercrow\Desktop\DESCARTES\M2\NegativePrompt_H1\results\positive\flan-t5-large\results.csv
sum,flan-t5-large,positive,2,0,False,43,0.0,False,0.03,13.044,0.130,C:\Users\Thundercrow\Desktop\DESCARTES\M2\NegativePrompt_H1\results\positive\flan-t5-large\results.csv
sum,flan-t5-large,positive,2,0,False,44,0.0,False,0.03,12.924,0.129,C:\Users\Thundercrow\Desktop\DESCARTES\M2\NegativePrompt_H1\results\positive\flan-t5-large\results.csv
sum,flan-t5-large,positive,3,0,False,42,0.0,False,0.02,13.191,0.132,C:\Users\Thundercrow\Desktop\DESCARTES\M2\NegativePrompt_H1\results\positive\flan-t5-large\results.csv
sum,flan-t5-large,positive,3,0,False,43,0.0,False,0.02,13.106,0.131,C:\Users\Thundercrow\Desktop\DESCARTES\M2\NegativePrompt_H1\results\positive\flan-t5-large\results.csv
sum,flan-t5-large,positive,3,0,False,44,0.0,False,0.02,12.994,0.130,C:\Users\Thundercrow\Desktop\DESCARTES\M2\NegativePrompt_H1\results\positive\flan-t5-large\results.csv
sum,flan-t5-large,positive,4,0,False,42,0.0,False,0.02,12.848,0.128,C:\Users\Thundercrow\Desktop\DESCARTES\M2\NegativePrompt_H1\results\positive\flan-t5-large\results.csv
sum,flan-t5-large,positive,4,0,False,43,0.0,False,0.02,12.874,0.129,C:\Users\Thundercrow\Desktop\DESCARTES\M2\NegativePrompt_H1\results\positive\flan-t5-large\results.csv
sum,flan-t5-large,positive,4,0,False,44,0.0,False,0.02,12.886,0.129,C:\Users\Thundercrow\Desktop\DESCARTES\M2\NegativePrompt_H1\results\positive\flan-t5-large\results.csv
synonyms,flan-t5-large,ambiguous,1,0,False,42,0.0,False,0.05,12.123,0.121,C:\Users\Thundercrow\Desktop\DESCARTES\M2\NegativePrompt_H1\results\ambiguous\flan-t5-large\results.csv
synonyms,flan-t5-large,ambiguous,1,0,False,43,0.0,False,0.05,11.997,0.120,C:\Users\Thundercrow\Desktop\DESCARTES\M2\NegativePrompt_H1\results\ambiguous\flan-t5-large\results.csv
synonyms,flan-t5-large,ambiguous,1,0,False,44,0.0,False,0.05,12.378,0.124,C:\Users\Thundercrow\Desktop\DESCARTES\M2\NegativePrompt_H1\results\ambiguous\flan-t5-large\results.csv
synonyms,flan-t5-large,ambiguous,2,0,False,42,0.0,False,0.05,11.991,0.120,C:\Users\Thundercrow\Desktop\DESCARTES\M2\NegativePrompt_H1\results\ambiguous\flan-t5-large\results.csv
synonyms,flan-t5-large,ambiguous,2,0,False,43,0.0,False,0.05,12.113,0.121,C:\Users\Thundercrow\Desktop\DESCARTES\M2\NegativePrompt_H1\results\ambiguous\flan-t5-large\results.csv
synonyms,flan-t5-large,ambiguous,2,0,False,44,0.0,False,0.05,11.997,0.120,C:\Users\Thundercrow\Desktop\DESCARTES\M2\NegativePrompt_H1\results\ambiguous\flan-t5-large\results.csv
synonyms,flan-t5-large,ambiguous,3,0,False,42,0.0,False,0.06,11.857,0.119,C:\Users\Thundercrow\Desktop\DESCARTES\M2\NegativePrompt_H1\results\ambiguous\flan-t5-large\results.csv
synonyms,flan-t5-large,ambiguous,3,0,False,43,0.0,False,0.06,11.858,0.119,C:\Users\Thundercrow\Desktop\DESCARTES\M2\NegativePrompt_H1\results\ambiguous\flan-t5-large\results.csv
synonyms,flan-t5-large,ambiguous,3,0,False,44,0.0,False,0.06,12.003,0.120,C:\Users\Thundercrow\Desktop\DESCARTES\M2\NegativePrompt_H1\results\ambiguous\flan-t5-large\results.csv
synonyms,flan-t5-large,ambiguous,4,0,False,42,0.0,False,0.05,12.247,0.122,C:\Users\Thundercrow\Desktop\DESCARTES\M2\NegativePrompt_H1\results\ambiguous\flan-t5-large\results.csv
synonyms,flan-t5-large,ambiguous,4,0,False,43,0.0,False,0.05,12.167,0.122,C:\Users\Thundercrow\Desktop\DESCARTES\M2\NegativePrompt_H1\results\ambiguous\flan-t5-large\results.csv
synonyms,flan-t5-large,ambiguous,4,0,False,44,0.0,False,0.05,11.992,0.120,C:\Users\Thundercrow\Desktop\DESCARTES\M2\NegativePrompt_H1\results\ambiguous\flan-t5-large\results.csv
synonyms,flan-t5-large,negative_control,1,0,False,42,0.0,False,0.04,,,C:\Users\Thundercrow\Desktop\DESCARTES\M2\NegativePrompt_H1\results\negative_control\flan-t5-large\results.csv
synonyms,flan-t5-large,negative_control,1,0,False,43,0.0,False,0.04,,,C:\Users\Thundercrow\Desktop\DESCARTES\M2\NegativePrompt_H1\results\negative_control\flan-t5-large\results.csv
synonyms,flan-t5-large,negative_control,1,0,False,44,0.0,False,0.04,,,C:\Users\Thundercrow\Desktop\DESCARTES\M2\NegativePrompt_H1\results\negative_control\flan-t5-large\results.csv
synonyms,flan-t5-large,negative_control,2,0,False,42,0.0,False,0.05,,,C:\Users\Thundercrow\Desktop\DESCARTES\M2\NegativePrompt_H1\results\negative_control\flan-t5-large\results.csv
synonyms,flan-t5-large,negative_control,2,0,False,43,0.0,False,0.05,,,C:\Users\Thundercrow\Desktop\DESCARTES\M2\NegativePrompt_H1\results\negative_control\flan-t5-large\results.csv
synonyms,flan-t5-large,negative_control,2,0,False,44,0.0,False,0.05,,,C:\Users\Thundercrow\Desktop\DESCARTES\M2\NegativePrompt_H1\results\negative_control\flan-t5-large\results.csv
synonyms,flan-t5-large,negative_control,3,0,False,42,0.0,False,0.04,,,C:\Users\Thundercrow\Desktop\DESCARTES\M2\NegativePrompt_H1\results\negative_control\flan-t5-large\results.csv
synonyms,flan-t5-large,negative_control,3,0,False,43,0.0,False,0.04,,,C:\Users\Thundercrow\Desktop\DESCARTES\M2\NegativePrompt_H1\results\negative_control\flan-t5-large\results.csv
synonyms,flan-t5-large,negative_control,3,0,False,44,0.0,False,0.04,,,C:\Users\Thundercrow\Desktop\DESCARTES\M2\NegativePrompt_H1\results\negative_control\flan-t5-large\results.csv
synonyms,flan-t5-large,negative_control,4,0,False,42,0.0,False,0.05,,,C:\Users\Thundercrow\Desktop\DESCARTES\M2\NegativePrompt_H1\results\negative_control\flan-t5-large\results.csv
synonyms,flan-t5-large,negative_control,4,0,False,43,0.0,False,0.05,,,C:\Users\Thundercrow\Desktop\DESCARTES\M2\NegativePrompt_H1\results\negative_control\flan-t5-large\results.csv
synonyms,flan-t5-large,negative_control,4,0,False,44,0.0,False,0.05,,,C:\Users\Thundercrow\Desktop\DESCARTES\M2\NegativePrompt_H1\results\negative_control\flan-t5-large\results.csv
synonyms,flan-t5-large,negative_original,,1,False,42,0.0,False,0.05,,,C:\Users\Thundercrow\Desktop\DESCARTES\M2\NegativePrompt_H1\results\negative_original\flan-t5-large\results.csv
synonyms,flan-t5-large,negative_original,,1,False,43,0.0,False,0.05,,,C:\Users\Thundercrow\Desktop\DESCARTES\M2\NegativePrompt_H1\results\negative_original\flan-t5-large\results.csv
synonyms,flan-t5-large,negative_original,,1,False,44,0.0,False,0.05,,,C:\Users\Thundercrow\Desktop\DESCARTES\M2\NegativePrompt_H1\results\negative_original\flan-t5-large\results.csv
synonyms,flan-t5-large,negative_original,,2,False,42,0.0,False,0.05,,,C:\Users\Thundercrow\Desktop\DESCARTES\M2\NegativePrompt_H1\results\negative_original\flan-t5-large\results.csv
synonyms,flan-t5-large,negative_original,,2,False,43,0.0,False,0.05,,,C:\Users\Thundercrow\Desktop\DESCARTES\M2\NegativePrompt_H1\results\negative_original\flan-t5-large\results.csv
synonyms,flan-t5-large,negative_original,,2,False,44,0.0,False,0.05,,,C:\Users\Thundercrow\Desktop\DESCARTES\M2\NegativePrompt_H1\results\negative_original\flan-t5-large\results.csv
synonyms,flan-t5-large,negative_original,,3,False,42,0.0,False,0.05,,,C:\Users\Thundercrow\Desktop\DESCARTES\M2\NegativePrompt_H1\results\negative_original\flan-t5-large\results.csv
synonyms,flan-t5-large,negative_original,,3,False,43,0.0,False,0.05,,,C:\Users\Thundercrow\Desktop\DESCARTES\M2\NegativePrompt_H1\results\negative_original\flan-t5-large\results.csv
synonyms,flan-t5-large,negative_original,,3,False,44,0.0,False,0.05,,,C:\Users\Thundercrow\Desktop\DESCARTES\M2\NegativePrompt_H1\results\negative_original\flan-t5-large\results.csv
synonyms,flan-t5-large,negative_original,,4,False,42,0.0,False,0.04,,,C:\Users\Thundercrow\Desktop\DESCARTES\M2\NegativePrompt_H1\results\negative_original\flan-t5-large\results.csv
synonyms,flan-t5-large,negative_original,,4,False,43,0.0,False,0.04,,,C:\Users\Thundercrow\Desktop\DESCARTES\M2\NegativePrompt_H1\results\negative_original\flan-t5-large\results.csv
synonyms,flan-t5-large,negative_original,,4,False,44,0.0,False,0.04,,,C:\Users\Thundercrow\Desktop\DESCARTES\M2\NegativePrompt_H1\results\negative_original\flan-t5-large\results.csv
synonyms,flan-t5-large,neutral,1,0,False,42,0.0,False,0.05,,,C:\Users\Thundercrow\Desktop\DESCARTES\M2\NegativePrompt_H1\results\neutral\flan-t5-large\results.csv
synonyms,flan-t5-large,neutral,1,0,False,43,0.0,False,0.05,,,C:\Users\Thundercrow\Desktop\DESCARTES\M2\NegativePrompt_H1\results\neutral\flan-t5-large\results.csv
synonyms,flan-t5-large,neutral,1,0,False,44,0.0,False,0.05,,,C:\Users\Thundercrow\Desktop\DESCARTES\M2\NegativePrompt_H1\results\neutral\flan-t5-large\results.csv
synonyms,flan-t5-large,neutral,2,0,False,42,0.0,False,0.05,,,C:\Users\Thundercrow\Desktop\DESCARTES\M2\NegativePrompt_H1\results\neutral\flan-t5-large\results.csv
synonyms,flan-t5-large,neutral,2,0,False,43,0.0,False,0.05,,,C:\Users\Thundercrow\Desktop\DESCARTES\M2\NegativePrompt_H1\results\neutral\flan-t5-large\results.csv
synonyms,flan-t5-large,neutral,2,0,False,44,0.0,False,0.05,,,C:\Users\Thundercrow\Desktop\DESCARTES\M2\NegativePrompt_H1\results\neutral\flan-t5-large\results.csv
synonyms,flan-t5-large,neutral,3,0,False,42,0.0,False,0.04,,,C:\Users\Thundercrow\Desktop\DESCARTES\M2\NegativePrompt_H1\results\neutral\flan-t5-large\results.csv
synonyms,flan-t5-large,neutral,3,0,False,43,0.0,False,0.04,,,C:\Users\Thundercrow\Desktop\DESCARTES\M2\NegativePrompt_H1\results\neutral\flan-t5-large\results.csv
synonyms,flan-t5-large,neutral,3,0,False,44,0.0,False,0.04,,,C:\Users\Thundercrow\Desktop\DESCARTES\M2\NegativePrompt_H1\results\neutral\flan-t5-large\results.csv
synonyms,flan-t5-large,neutral,4,0,False,42,0.0,False,0.06,,,C:\Users\Thundercrow\Desktop\DESCARTES\M2\NegativePrompt_H1\results\neutral\flan-t5-large\results.csv
synonyms,flan-t5-large,neutral,4,0,False,43,0.0,False,0.06,,,C:\Users\Thundercrow\Desktop\DESCARTES\M2\NegativePrompt_H1\results\neutral\flan-t5-large\results.csv
synonyms,flan-t5-large,neutral,4,0,False,44,0.0,False,0.06,,,C:\Users\Thundercrow\Desktop\DESCARTES\M2\NegativePrompt_H1\results\neutral\flan-t5-large\results.csv
synonyms,flan-t5-large,positive,1,0,False,42,0.0,False,0.05,12.411,0.124,C:\Users\Thundercrow\Desktop\DESCARTES\M2\NegativePrompt_H1\results\positive\flan-t5-large\results.csv
synonyms,flan-t5-large,positive,1,0,False,43,0.0,False,0.05,12.499,0.125,C:\Users\Thundercrow\Desktop\DESCARTES\M2\NegativePrompt_H1\results\positive\flan-t5-large\results.csv
synonyms,flan-t5-large,positive,1,0,False,44,0.0,False,0.05,12.441,0.124,C:\Users\Thundercrow\Desktop\DESCARTES\M2\NegativePrompt_H1\results\positive\flan-t5-large\results.csv
synonyms,flan-t5-large,positive,2,0,False,42,0.0,False,0.05,11.857,0.119,C:\Users\Thundercrow\Desktop\DESCARTES\M2\NegativePrompt_H1\results\positive\flan-t5-large\results.csv
synonyms,flan-t5-large,positive,2,0,False,43,0.0,False,0.05,11.944,0.119,C:\Users\Thundercrow\Desktop\DESCARTES\M2\NegativePrompt_H1\results\positive\flan-t5-large\results.csv
synonyms,flan-t5-large,positive,2,0,False,44,0.0,False,0.05,11.925,0.119,C:\Users\Thundercrow\Desktop\DESCARTES\M2\NegativePrompt_H1\results\positive\flan-t5-large\results.csv
synonyms,flan-t5-large,positive,3,0,False,42,0.0,False,0.05,12.026,0.120,C:\Users\Thundercrow\Desktop\DESCARTES\M2\NegativePrompt_H1\results\positive\flan-t5-large\results.csv
synonyms,flan-t5-large,positive,3,0,False,43,0.0,False,0.05,12.097,0.121,C:\Users\Thundercrow\Desktop\DESCARTES\M2\NegativePrompt_H1\results\positive\flan-t5-large\results.csv
synonyms,flan-t5-large,positive,3,0,False,44,0.0,False,0.05,12.075,0.121,C:\Users\Thundercrow\Desktop\DESCARTES\M2\NegativePrompt_H1\results\positive\flan-t5-large\results.csv
synonyms,flan-t5-large,positive,4,0,False,42,0.0,False,0.05,12.200,0.122,C:\Users\Thundercrow\Desktop\DESCARTES\M2\NegativePrompt_H1\results\positive\flan-t5-large\results.csv
synonyms,flan-t5-large,positive,4,0,False,43,0.0,False,0.05,12.256,0.123,C:\Users\Thundercrow\Desktop\DESCARTES\M2\NegativePrompt_H1\results\positive\flan-t5-large\results.csv
synonyms,flan-t5-large,positive,4,0,False,44,0.0,False,0.05,12.086,0.121,C:\Users\Thundercrow\Desktop\DESCARTES\M2\NegativePrompt_H1\results\positive\flan-t5-large\results.csv
taxonomy_animal,flan-t5-large,ambiguous,1,0,False,42,0.0,False,0.12,31.301,0.313,C:\Users\Thundercrow\Desktop\DESCARTES\M2\NegativePrompt_H1\results\ambiguous\flan-t5-large\results.csv
taxonomy_animal,flan-t5-large,ambiguous,1,0,False,43,0.0,False,0.12,31.604,0.316,C:\Users\Thundercrow\Desktop\DESCARTES\M2\NegativePrompt_H1\results\ambiguous\flan-t5-large\results.csv
taxonomy_animal,flan-t5-large,ambiguous,1,0,False,44,0.0,False,0.12,31.514,0.315,C:\Users\Thundercrow\Desktop\DESCARTES\M2\NegativePrompt_H1\results\ambiguous\flan-t5-large\results.csv
taxonomy_animal,flan-t5-large,ambiguous,2,0,False,42,0.0,False,0.15,32.259,0.323,C:\Users\Thundercrow\Desktop\DESCARTES\M2\NegativePrompt_H1\results\ambiguous\flan-t5-large\results.csv
taxonomy_animal,flan-t5-large,ambiguous,2,0,False,43,0.0,False,0.15,32.569,0.326,C:\Users\Thundercrow\Desktop\DESCARTES\M2\NegativePrompt_H1\results\ambiguous\flan-t5-large\results.csv
taxonomy_animal,flan-t5-large,ambiguous,2,0,False,44,0.0,False,0.15,32.411,0.324,C:\Users\Thundercrow\Desktop\DESCARTES\M2\NegativePrompt_H1\results\ambiguous\flan-t5-large\results.csv
taxonomy_animal,flan-t5-large,ambiguous,3,0,False,42,0.0,False,0.08,40.999,0.410,C:\Users\Thundercrow\Desktop\DESCARTES\M2\NegativePrompt_H1\results\ambiguous\flan-t5-large\results.csv
taxonomy_animal,flan-t5-large,ambiguous,3,0,False,43,0.0,False,0.08,41.439,0.414,C:\Users\Thundercrow\Desktop\DESCARTES\M2\NegativePrompt_H1\results\ambiguous\flan-t5-large\results.csv
taxonomy_animal,flan-t5-large,ambiguous,3,0,False,44,0.0,False,0.08,40.901,0.409,C:\Users\Thundercrow\Desktop\DESCARTES\M2\NegativePrompt_H1\results\ambiguous\flan-t5-large\results.csv
taxonomy_animal,flan-t5-large,ambiguous,4,0,False,42,0.0,False,0.04,25.631,0.256,C:\Users\Thundercrow\Desktop\DESCARTES\M2\NegativePrompt_H1\results\ambiguous\flan-t5-large\results.csv
taxonomy_animal,flan-t5-large,ambiguous,4,0,False,43,0.0,False,0.04,26.159,0.262,C:\Users\Thundercrow\Desktop\DESCARTES\M2\NegativePrompt_H1\results\ambiguous\flan-t5-large\results.csv
taxonomy_animal,flan-t5-large,ambiguous,4,0,False,44,0.0,False,0.04,25.914,0.259,C:\Users\Thundercrow\Desktop\DESCARTES\M2\NegativePrompt_H1\results\ambiguous\flan-t5-large\results.csv
taxonomy_animal,flan-t5-large,negative_control,1,0,False,42,0.0,False,0.1,,,C:\Users\Thundercrow\Desktop\DESCARTES\M2\NegativePrompt_H1\results\negative_control\flan-t5-large\results.csv
taxonomy_animal,flan-t5-large,negative_control,1,0,False,43,0.0,False,0.1,,,C:\Users\Thundercrow\Desktop\DESCARTES\M2\NegativePrompt_H1\results\negative_control\flan-t5-large\results.csv
taxonomy_animal,flan-t5-large,negative_control,1,0,False,44,0.0,False,0.1,,,C:\Users\Thundercrow\Desktop\DESCARTES\M2\NegativePrompt_H1\results\negative_control\flan-t5-large\results.csv
taxonomy_animal,flan-t5-large,negative_control,2,0,False,42,0.0,False,0.08,,,C:\Users\Thundercrow\Desktop\DESCARTES\M2\NegativePrompt_H1\results\negative_control\flan-t5-large\results.csv
taxonomy_animal,flan-t5-large,negative_control,2,0,False,43,0.0,False,0.08,,,C:\Users\Thundercrow\Desktop\DESCARTES\M2\NegativePrompt_H1\results\negative_control\flan-t5-large\results.csv
taxonomy_animal,flan-t5-large,negative_control,2,0,False,44,0.0,False,0.08,,,C:\Users\Thundercrow\Desktop\DESCARTES\M2\NegativePrompt_H1\results\negative_control\flan-t5-large\results.csv
taxonomy_animal,flan-t5-large,negative_control,3,0,False,42,0.0,False,0.07,,,C:\Users\Thundercrow\Desktop\DESCARTES\M2\NegativePrompt_H1\results\negative_control\flan-t5-large\results.csv
taxonomy_animal,flan-t5-large,negative_control,3,0,False,43,0.0,False,0.07,,,C:\Users\Thundercrow\Desktop\DESCARTES\M2\NegativePrompt_H1\results\negative_control\flan-t5-large\results.csv
taxonomy_animal,flan-t5-large,negative_control,3,0,False,44,0.0,False,0.07,,,C:\Users\Thundercrow\Desktop\DESCARTES\M2\NegativePrompt_H1\results\negative_control\flan-t5-large\results.csv
taxonomy_animal,flan-t5-large,negative_control,4,0,False,42,0.0,False,0.09,,,C:\Users\Thundercrow\Desktop\DESCARTES\M2\NegativePrompt_H1\results\negative_control\flan-t5-large\results.csv
taxonomy_animal,flan-t5-large,negative_control,4,0,False,43,0.0,False,0.09,,,C:\Users\Thundercrow\Desktop\DESCARTES\M2\NegativePrompt_H1\results\negative_control\flan-t5-large\results.csv
taxonomy_animal,flan-t5-large,negative_control,4,0,False,44,0.0,False,0.09,,,C:\Users\Thundercrow\Desktop\DESCARTES\M2\NegativePrompt_H1\results\negative_control\flan-t5-large\results.csv
taxonomy_animal,flan-t5-large,negative_original,,1,False,42,0.0,False,0.12,,,C:\Users\Thundercrow\Desktop\DESCARTES\M2\NegativePrompt_H1\results\negative_original\flan-t5-large\results.csv
taxonomy_animal,flan-t5-large,negative_original,,1,False,43,0.0,False,0.12,,,C:\Users\Thundercrow\Desktop\DESCARTES\M2\NegativePrompt_H1\results\negative_original\flan-t5-large\results.csv
taxonomy_animal,flan-t5-large,negative_original,,1,False,44,0.0,False,0.12,,,C:\Users\Thundercrow\Desktop\DESCARTES\M2\NegativePrompt_H1\results\negative_original\flan-t5-large\results.csv
taxonomy_animal,flan-t5-large,negative_original,,2,False,42,0.0,False,0.14,,,C:\Users\Thundercrow\Desktop\DESCARTES\M2\NegativePrompt_H1\results\negative_original\flan-t5-large\results.csv
taxonomy_animal,flan-t5-large,negative_original,,2,False,43,0.0,False,0.14,,,C:\Users\Thundercrow\Desktop\DESCARTES\M2\NegativePrompt_H1\results\negative_original\flan-t5-large\results.csv
taxonomy_animal,flan-t5-large,negative_original,,2,False,44,0.0,False,0.14,,,C:\Users\Thundercrow\Desktop\DESCARTES\M2\NegativePrompt_H1\results\negative_original\flan-t5-large\results.csv
taxonomy_animal,flan-t5-large,negative_original,,3,False,42,0.0,False,0.07,,,C:\Users\Thundercrow\Desktop\DESCARTES\M2\NegativePrompt_H1\results\negative_original\flan-t5-large\results.csv
taxonomy_animal,flan-t5-large,negative_original,,3,False,43,0.0,False,0.07,,,C:\Users\Thundercrow\Desktop\DESCARTES\M2\NegativePrompt_H1\results\negative_original\flan-t5-large\results.csv
taxonomy_animal,flan-t5-large,negative_original,,3,False,44,0.0,False,0.07,,,C:\Users\Thundercrow\Desktop\DESCARTES\M2\NegativePrompt_H1\results\negative_original\flan-t5-large\results.csv
taxonomy_animal,flan-t5-large,negative_original,,4,False,42,0.0,False,0.07,,,C:\Users\Thundercrow\Desktop\DESCARTES\M2\NegativePrompt_H1\results\negative_original\flan-t5-large\results.csv
taxonomy_animal,flan-t5-large,negative_original,,4,False,43,0.0,False,0.07,,,C:\Users\Thundercrow\Desktop\DESCARTES\M2\NegativePrompt_H1\results\negative_original\flan-t5-large\results.csv
taxonomy_animal,flan-t5-large,negative_original,,4,False,44,0.0,False,0.07,,,C:\Users\Thundercrow\Desktop\DESCARTES\M2\NegativePrompt_H1\results\negative_original\flan-t5-large\results.csv
taxonomy_animal,flan-t5-large,neutral,1,0,False,42,0.0,False,0.11,,,C:\Users\Thundercrow\Desktop\DESCARTES\M2\NegativePrompt_H1\results\neutral\flan-t5-large\results.csv
taxonomy_animal,flan-t5-large,neutral,1,0,False,43,0.0,False,0.11,,,C:\Users\Thundercrow\Desktop\DESCARTES\M2\NegativePrompt_H1\results\neutral\flan-t5-large\results.csv
taxonomy_animal,flan-t5-large,neutral,1,0,False,44,0.0,False,0.11,,,C:\Users\Thundercrow\Desktop\DESCARTES\M2\NegativePrompt_H1\results\neutral\flan-t5-large\results.csv
taxonomy_animal,flan-t5-large,neutral,2,0,False,42,0.0,False,0.0,,,C:\Users\Thundercrow\Desktop\DESCARTES\M2\NegativePrompt_H1\results\neutral\flan-t5-large\results.csv
taxonomy_animal,flan-t5-large,neutral,2,0,False,43,0.0,False,0.0,,,C:\Users\Thundercrow\Desktop\DESCARTES\M2\NegativePrompt_H1\results\neutral\flan-t5-large\results.csv
taxonomy_animal,flan-t5-large,neutral,2,0,False,44,0.0,False,0.0,,,C:\Users\Thundercrow\Desktop\DESCARTES\M2\NegativePrompt_H1\results\neutral\flan-t5-large\results.csv
taxonomy_animal,flan-t5-large,neutral,3,0,False,42,0.0,False,0.09,,,C:\Users\Thundercrow\Desktop\DESCARTES\M2\NegativePrompt_H1\results\neutral\flan-t5-large\results.csv
taxonomy_animal,flan-t5-large,neutral,3,0,False,43,0.0,False,0.09,,,C:\Users\Thundercrow\Desktop\DESCARTES\M2\NegativePrompt_H1\results\neutral\flan-t5-large\results.csv
taxonomy_animal,flan-t5-large,neutral,3,0,False,44,0.0,False,0.09,,,C:\Users\Thundercrow\Desktop\DESCARTES\M2\NegativePrompt_H1\results\neutral\flan-t5-large\results.csv
taxonomy_animal,flan-t5-large,neutral,4,0,False,42,0.0,False,0.08,,,C:\Users\Thundercrow\Desktop\DESCARTES\M2\NegativePrompt_H1\results\neutral\flan-t5-large\results.csv
taxonomy_animal,flan-t5-large,neutral,4,0,False,43,0.0,False,0.08,,,C:\Users\Thundercrow\Desktop\DESCARTES\M2\NegativePrompt_H1\results\neutral\flan-t5-large\results.csv
taxonomy_animal,flan-t5-large,neutral,4,0,False,44,0.0,False,0.08,,,C:\Users\Thundercrow\Desktop\DESCARTES\M2\NegativePrompt_H1\results\neutral\flan-t5-large\results.csv
taxonomy_animal,flan-t5-large,positive,1,0,False,42,0.0,False,0.11,33.747,0.337,C:\Users\Thundercrow\Desktop\DESCARTES\M2\NegativePrompt_H1\results\positive\flan-t5-large\results.csv
taxonomy_animal,flan-t5-large,positive,1,0,False,43,0.0,False,0.11,34.054,0.341,C:\Users\Thundercrow\Desktop\DESCARTES\M2\NegativePrompt_H1\results\positive\flan-t5-large\results.csv
taxonomy_animal,flan-t5-large,positive,1,0,False,44,0.0,False,0.11,33.771,0.338,C:\Users\Thundercrow\Desktop\DESCARTES\M2\NegativePrompt_H1\results\positive\flan-t5-large\results.csv
taxonomy_animal,flan-t5-large,positive,2,0,False,42,0.0,False,0.13,31.601,0.316,C:\Users\Thundercrow\Desktop\DESCARTES\M2\NegativePrompt_H1\results\positive\flan-t5-large\results.csv
taxonomy_animal,flan-t5-large,positive,2,0,False,43,0.0,False,0.13,31.900,0.319,C:\Users\Thundercrow\Desktop\DESCARTES\M2\NegativePrompt_H1\results\positive\flan-t5-large\results.csv
taxonomy_animal,flan-t5-large,positive,2,0,False,44,0.0,False,0.13,31.763,0.318,C:\Users\Thundercrow\Desktop\DESCARTES\M2\NegativePrompt_H1\results\positive\flan-t5-large\results.csv
taxonomy_animal,flan-t5-large,positive,3,0,False,42,0.0,False,0.16,33.817,0.338,C:\Users\Thundercrow\Desktop\DESCARTES\M2\NegativePrompt_H1\results\positive\flan-t5-large\results.csv
taxonomy_animal,flan-t5-large,positive,3,0,False,43,0.0,False,0.16,34.095,0.341,C:\Users\Thundercrow\Desktop\DESCARTES\M2\NegativePrompt_H1\results\positive\flan-t5-large\results.csv
taxonomy_animal,flan-t5-large,positive,3,0,False,44,0.0,False,0.16,33.670,0.337,C:\Users\Thundercrow\Desktop\DESCARTES\M2\NegativePrompt_H1\results\positive\flan-t5-large\results.csv
taxonomy_animal,flan-t5-large,positive,4,0,False,42,0.0,False,0.15,33.071,0.331,C:\Users\Thundercrow\Desktop\DESCARTES\M2\NegativePrompt_H1\results\positive\flan-t5-large\results.csv
taxonomy_animal,flan-t5-large,positive,4,0,False,43,0.0,False,0.15,33.636,0.336,C:\Users\Thundercrow\Desktop\DESCARTES\M2\NegativePrompt_H1\results\positive\flan-t5-large\results.csv
taxonomy_animal,flan-t5-large,positive,4,0,False,44,0.0,False,0.15,33.166,0.332,C:\Users\Thundercrow\Desktop\DESCARTES\M2\NegativePrompt_H1\results\positive\flan-t5-large\results.csv
translation_en-de,flan-t5-large,ambiguous,1,0,False,42,0.0,False,0.16,13.755,0.138,C:\Users\Thundercrow\Desktop\DESCARTES\M2\NegativePrompt_H1\results\ambiguous\flan-t5-large\results.csv
translation_en-de,flan-t5-large,ambiguous,1,0,False,43,0.0,False,0.16,14.521,0.145,C:\Users\Thundercrow\Desktop\DESCARTES\M2\NegativePrompt_H1\results\ambiguous\flan-t5-large\results.csv
translation_en-de,flan-t5-large,ambiguous,1,0,False,44,0.0,False,0.16,14.076,0.141,C:\Users\Thundercrow\Desktop\DESCARTES\M2\NegativePrompt_H1\results\ambiguous\flan-t5-large\results.csv
translation_en-de,flan-t5-large,ambiguous,2,0,False,42,0.0,False,0.17,13.097,0.131,C:\Users\Thundercrow\Desktop\DESCARTES\M2\NegativePrompt_H1\results\ambiguous\flan-t5-large\results.csv
translation_en-de,flan-t5-large,ambiguous,2,0,False,43,0.0,False,0.17,13.179,0.132,C:\Users\Thundercrow\Desktop\DESCARTES\M2\NegativePrompt_H1\results\ambiguous\flan-t5-large\results.csv
translation_en-de,flan-t5-large,ambiguous,2,0,False,44,0.0,False,0.17,13.171,0.132,C:\Users\Thundercrow\Desktop\DESCARTES\M2\NegativePrompt_H1\results\ambiguous\flan-t5-large\results.csv
translation_en-de,flan-t5-large,ambiguous,3,0,False,42,0.0,False,0.18,13.653,0.137,C:\Users\Thundercrow\Desktop\DESCARTES\M2\NegativePrompt_H1\results\ambiguous\flan-t5-large\results.csv
translation_en-de,flan-t5-large,ambiguous,3,0,False,43,0.0,False,0.18,13.890,0.139,C:\Users\Thundercrow\Desktop\DESCARTES\M2\NegativePrompt_H1\results\ambiguous\flan-t5-large\results.csv
translation_en-de,flan-t5-large,ambiguous,3,0,False,44,0.0,False,0.18,13.768,0.138,C:\Users\Thundercrow\Desktop\DESCARTES\M2\NegativePrompt_H1\results\ambiguous\flan-t5-large\results.csv
translation_en-de,flan-t5-large,ambiguous,4,0,False,42,0.0,False,0.16,13.550,0.136,C:\Users\Thundercrow\Desktop\DESCARTES\M2\NegativePrompt_H1\results\ambiguous\flan-t5-large\results.csv
translation_en-de,flan-t5-large,ambiguous,4,0,False,43,0.0,False,0.16,13.716,0.137,C:\Users\Thundercrow\Desktop\DESCARTES\M2\NegativePrompt_H1\results\ambiguous\flan-t5-large\results.csv
translation_en-de,flan-t5-large,ambiguous,4,0,False,44,0.0,False,0.16,13.503,0.135,C:\Users\Thundercrow\Desktop\DESCARTES\M2\NegativePrompt_H1\results\ambiguous\flan-t5-large\results.csv
translation_en-de,flan-t5-large,negative_control,1,0,False,42,0.0,False,0.19,,,C:\Users\Thundercrow\Desktop\DESCARTES\M2\NegativePrompt_H1\results\negative_control\flan-t5-large\results.csv
translation_en-de,flan-t5-large,negative_control,1,0,False,43,0.0,False,0.19,,,C:\Users\Thundercrow\Desktop\DESCARTES\M2\NegativePrompt_H1\results\negative_control\flan-t5-large\results.csv
translation_en-de,flan-t5-large,negative_control,1,0,False,44,0.0,False,0.19,,,C:\Users\Thundercrow\Desktop\DESCARTES\M2\NegativePrompt_H1\results\negative_control\flan-t5-large\results.csv
translation_en-de,flan-t5-large,negative_control,2,0,False,42,0.0,False,0.17,,,C:\Users\Thundercrow\Desktop\DESCARTES\M2\NegativePrompt_H1\results\negative_control\flan-t5-large\results.csv
translation_en-de,flan-t5-large,negative_control,2,0,False,43,0.0,False,0.17,,,C:\Users\Thundercrow\Desktop\DESCARTES\M2\NegativePrompt_H1\results\negative_control\flan-t5-large\results.csv
translation_en-de,flan-t5-large,negative_control,2,0,False,44,0.0,False,0.17,,,C:\Users\Thundercrow\Desktop\DESCARTES\M2\NegativePrompt_H1\results\negative_control\flan-t5-large\results.csv
translation_en-de,flan-t5-large,negative_control,3,0,False,42,0.0,False,0.17,,,C:\Users\Thundercrow\Desktop\DESCARTES\M2\NegativePrompt_H1\results\negative_control\flan-t5-large\results.csv
translation_en-de,flan-t5-large,negative_control,3,0,False,43,0.0,False,0.17,,,C:\Users\Thundercrow\Desktop\DESCARTES\M2\NegativePrompt_H1\results\negative_control\flan-t5-large\results.csv
translation_en-de,flan-t5-large,negative_control,3,0,False,44,0.0,False,0.17,,,C:\Users\Thundercrow\Desktop\DESCARTES\M2\NegativePrompt_H1\results\negative_control\flan-t5-large\results.csv
translation_en-de,flan-t5-large,negative_control,4,0,False,42,0.0,False,0.15,,,C:\Users\Thundercrow\Desktop\DESCARTES\M2\NegativePrompt_H1\results\negative_control\flan-t5-large\results.csv
translation_en-de,flan-t5-large,negative_control,4,0,False,43,0.0,False,0.15,,,C:\Users\Thundercrow\Desktop\DESCARTES\M2\NegativePrompt_H1\results\negative_control\flan-t5-large\results.csv
translation_en-de,flan-t5-large,negative_control,4,0,False,44,0.0,False,0.15,,,C:\Users\Thundercrow\Desktop\DESCARTES\M2\NegativePrompt_H1\results\negative_control\flan-t5-large\results.csv
translation_en-de,flan-t5-large,negative_original,,1,False,42,0.0,False,0.16,,,C:\Users\Thundercrow\Desktop\DESCARTES\M2\NegativePrompt_H1\results\negative_original\flan-t5-large\results.csv
translation_en-de,flan-t5-large,negative_original,,1,False,43,0.0,False,0.16,,,C:\Users\Thundercrow\Desktop\DESCARTES\M2\NegativePrompt_H1\results\negative_original\flan-t5-large\results.csv
translation_en-de,flan-t5-large,negative_original,,1,False,44,0.0,False,0.16,,,C:\Users\Thundercrow\Desktop\DESCARTES\M2\NegativePrompt_H1\results\negative_original\flan-t5-large\results.csv
translation_en-de,flan-t5-large,negative_original,,2,False,42,0.0,False,0.19,,,C:\Users\Thundercrow\Desktop\DESCARTES\M2\NegativePrompt_H1\results\negative_original\flan-t5-large\results.csv
translation_en-de,flan-t5-large,negative_original,,2,False,43,0.0,False,0.19,,,C:\Users\Thundercrow\Desktop\DESCARTES\M2\NegativePrompt_H1\results\negative_original\flan-t5-large\results.csv
translation_en-de,flan-t5-large,negative_original,,2,False,44,0.0,False,0.19,,,C:\Users\Thundercrow\Desktop\DESCARTES\M2\NegativePrompt_H1\results\negative_original\flan-t5-large\results.csv
translation_en-de,flan-t5-large,negative_original,,3,False,42,0.0,False,0.18,,,C:\Users\Thundercrow\Desktop\DESCARTES\M2\NegativePrompt_H1\results\negative_original\flan-t5-large\results.csv
translation_en-de,flan-t5-large,negative_original,,3,False,43,0.0,False,0.18,,,C:\Users\Thundercrow\Desktop\DESCARTES\M2\NegativePrompt_H1\results\negative_original\flan-t5-large\results.csv
translation_en-de,flan-t5-large,negative_original,,3,False,44,0.0,False,0.18,,,C:\Users\Thundercrow\Desktop\DESCARTES\M2\NegativePrompt_H1\results\negative_original\flan-t5-large\results.csv
translation_en-de,flan-t5-large,negative_original,,4,False,42,0.0,False,0.18,,,C:\Users\Thundercrow\Desktop\DESCARTES\M2\NegativePrompt_H1\results\negative_original\flan-t5-large\results.csv
translation_en-de,flan-t5-large,negative_original,,4,False,43,0.0,False,0.18,,,C:\Users\Thundercrow\Desktop\DESCARTES\M2\NegativePrompt_H1\results\negative_original\flan-t5-large\results.csv
translation_en-de,flan-t5-large,negative_original,,4,False,44,0.0,False,0.18,,,C:\Users\Thundercrow\Desktop\DESCARTES\M2\NegativePrompt_H1\results\negative_original\flan-t5-large\results.csv
translation_en-de,flan-t5-large,neutral,1,0,False,42,0.0,False,0.18,,,C:\Users\Thundercrow\Desktop\DESCARTES\M2\NegativePrompt_H1\results\neutral\flan-t5-large\results.csv
translation_en-de,flan-t5-large,neutral,1,0,False,43,0.0,False,0.18,,,C:\Users\Thundercrow\Desktop\DESCARTES\M2\NegativePrompt_H1\results\neutral\flan-t5-large\results.csv
translation_en-de,flan-t5-large,neutral,1,0,False,44,0.0,False,0.18,,,C:\Users\Thundercrow\Desktop\DESCARTES\M2\NegativePrompt_H1\results\neutral\flan-t5-large\results.csv
translation_en-de,flan-t5-large,neutral,2,0,False,42,0.0,False,0.2,,,C:\Users\Thundercrow\Desktop\DESCARTES\M2\NegativePrompt_H1\results\neutral\flan-t5-large\results.csv
translation_en-de,flan-t5-large,neutral,2,0,False,43,0.0,False,0.2,,,C:\Users\Thundercrow\Desktop\DESCARTES\M2\NegativePrompt_H1\results\neutral\flan-t5-large\results.csv
translation_en-de,flan-t5-large,neutral,2,0,False,44,0.0,False,0.2,,,C:\Users\Thundercrow\Desktop\DESCARTES\M2\NegativePrompt_H1\results\neutral\flan-t5-large\results.csv
translation_en-de,flan-t5-large,neutral,3,0,False,42,0.0,False,0.18,,,C:\Users\Thundercrow\Desktop\DESCARTES\M2\NegativePrompt_H1\results\neutral\flan-t5-large\results.csv
translation_en-de,flan-t5-large,neutral,3,0,False,43,0.0,False,0.18,,,C:\Users\Thundercrow\Desktop\DESCARTES\M2\NegativePrompt_H1\results\neutral\flan-t5-large\results.csv
translation_en-de,flan-t5-large,neutral,3,0,False,44,0.0,False,0.18,,,C:\Users\Thundercrow\Desktop\DESCARTES\M2\NegativePrompt_H1\results\neutral\flan-t5-large\results.csv
translation_en-de,flan-t5-large,neutral,4,0,False,42,0.0,False,0.17,,,C:\Users\Thundercrow\Desktop\DESCARTES\M2\NegativePrompt_H1\results\neutral\flan-t5-large\results.csv
translation_en-de,flan-t5-large,neutral,4,0,False,43,0.0,False,0.17,,,C:\Users\Thundercrow\Desktop\DESCARTES\M2\NegativePrompt_H1\results\neutral\flan-t5-large\results.csv
translation_en-de,flan-t5-large,neutral,4,0,False,44,0.0,False,0.17,,,C:\Users\Thundercrow\Desktop\DESCARTES\M2\NegativePrompt_H1\results\neutral\flan-t5-large\results.csv
translation_en-de,flan-t5-large,positive,1,0,False,42,0.0,False,0.17,13.441,0.134,C:\Users\Thundercrow\Desktop\DESCARTES\M2\NegativePrompt_H1\results\positive\flan-t5-large\results.csv
translation_en-de,flan-t5-large,positive,1,0,False,43,0.0,False,0.17,13.488,0.135,C:\Users\Thundercrow\Desktop\DESCARTES\M2\NegativePrompt_H1\results\positive\flan-t5-large\results.csv
translation_en-de,flan-t5-large,positive,1,0,False,44,0.0,False,0.17,13.529,0.135,C:\Users\Thundercrow\Desktop\DESCARTES\M2\NegativePrompt_H1\results\positive\flan-t5-large\results.csv
translation_en-de,flan-t5-large,positive,2,0,False,42,0.0,False,0.16,13.700,0.137,C:\Users\Thundercrow\Desktop\DESCARTES\M2\NegativePrompt_H1\results\positive\flan-t5-large\results.csv
translation_en-de,flan-t5-large,positive,2,0,False,43,0.0,False,0.16,13.457,0.135,C:\Users\Thundercrow\Desktop\DESCARTES\M2\NegativePrompt_H1\results\positive\flan-t5-large\results.csv
translation_en-de,flan-t5-large,positive,2,0,False,44,0.0,False,0.16,13.478,0.135,C:\Users\Thundercrow\Desktop\DESCARTES\M2\NegativePrompt_H1\results\positive\flan-t5-large\results.csv
translation_en-de,flan-t5-large,positive,3,0,False,42,0.0,False,0.19,13.471,0.135,C:\Users\Thundercrow\Desktop\DESCARTES\M2\NegativePrompt_H1\results\positive\flan-t5-large\results.csv
translation_en-de,flan-t5-large,positive,3,0,False,43,0.0,False,0.19,13.549,0.135,C:\Users\Thundercrow\Desktop\DESCARTES\M2\NegativePrompt_H1\results\positive\flan-t5-large\results.csv
translation_en-de,flan-t5-large,positive,3,0,False,44,0.0,False,0.19,13.486,0.135,C:\Users\Thundercrow\Desktop\DESCARTES\M2\NegativePrompt_H1\results\positive\flan-t5-large\results.csv
translation_en-de,flan-t5-large,positive,4,0,False,42,0.0,False,0.15,13.290,0.133,C:\Users\Thundercrow\Desktop\DESCARTES\M2\NegativePrompt_H1\results\positive\flan-t5-large\results.csv
translation_en-de,flan-t5-large,positive,4,0,False,43,0.0,False,0.15,13.402,0.134,C:\Users\Thundercrow\Desktop\DESCARTES\M2\NegativePrompt_H1\results\positive\flan-t5-large\results.csv
translation_en-de,flan-t5-large,positive,4,0,False,44,0.0,False,0.15,13.266,0.133,C:\Users\Thundercrow\Desktop\DESCARTES\M2\NegativePrompt_H1\results\positive\flan-t5-large\results.csv
translation_en-es,flan-t5-large,ambiguous,1,0,False,42,0.0,False,0.29,22.042,0.220,C:\Users\Thundercrow\Desktop\DESCARTES\M2\NegativePrompt_H1\results\ambiguous\flan-t5-large\results.csv
translation_en-es,flan-t5-large,ambiguous,1,0,False,43,0.0,False,0.29,21.989,0.220,C:\Users\Thundercrow\Desktop\DESCARTES\M2\NegativePrompt_H1\results\ambiguous\flan-t5-large\results.csv
translation_en-es,flan-t5-large,ambiguous,1,0,False,44,0.0,False,0.29,22.129,0.221,C:\Users\Thundercrow\Desktop\DESCARTES\M2\NegativePrompt_H1\results\ambiguous\flan-t5-large\results.csv
translation_en-es,flan-t5-large,ambiguous,2,0,False,42,0.0,False,0.3,18.934,0.189,C:\Users\Thundercrow\Desktop\DESCARTES\M2\NegativePrompt_H1\results\ambiguous\flan-t5-large\results.csv
translation_en-es,flan-t5-large,ambiguous,2,0,False,43,0.0,False,0.3,19.025,0.190,C:\Users\Thundercrow\Desktop\DESCARTES\M2\NegativePrompt_H1\results\ambiguous\flan-t5-large\results.csv
translation_en-es,flan-t5-large,ambiguous,2,0,False,44,0.0,False,0.3,19.184,0.192,C:\Users\Thundercrow\Desktop\DESCARTES\M2\NegativePrompt_H1\results\ambiguous\flan-t5-large\results.csv
translation_en-es,flan-t5-large,ambiguous,3,0,False,42,0.0,False,0.3,19.378,0.194,C:\Users\Thundercrow\Desktop\DESCARTES\M2\NegativePrompt_H1\results\ambiguous\flan-t5-large\results.csv
translation_en-es,flan-t5-large,ambiguous,3,0,False,43,0.0,False,0.3,19.341,0.193,C:\Users\Thundercrow\Desktop\DESCARTES\M2\NegativePrompt_H1\results\ambiguous\flan-t5-large\results.csv
translation_en-es,flan-t5-large,ambiguous,3,0,False,44,0.0,False,0.3,19.440,0.194,C:\Users\Thundercrow\Desktop\DESCARTES\M2\NegativePrompt_H1\results\ambiguous\flan-t5-large\results.csv
translation_en-es,flan-t5-large,ambiguous,4,0,False,42,0.0,False,0.33,18.661,0.187,C:\Users\Thundercrow\Desktop\DESCARTES\M2\NegativePrompt_H1\results\ambiguous\flan-t5-large\results.csv
translation_en-es,flan-t5-large,ambiguous,4,0,False,43,0.0,False,0.33,18.718,0.187,C:\Users\Thundercrow\Desktop\DESCARTES\M2\NegativePrompt_H1\results\ambiguous\flan-t5-large\results.csv
translation_en-es,flan-t5-large,ambiguous,4,0,False,44,0.0,False,0.33,18.586,0.186,C:\Users\Thundercrow\Desktop\DESCARTES\M2\NegativePrompt_H1\results\ambiguous\flan-t5-large\results.csv
translation_en-es,flan-t5-large,negative_control,1,0,False,42,0.0,False,0.34,,,C:\Users\Thundercrow\Desktop\DESCARTES\M2\NegativePrompt_H1\results\negative_control\flan-t5-large\results.csv
translation_en-es,flan-t5-large,negative_control,1,0,False,43,0.0,False,0.34,,,C:\Users\Thundercrow\Desktop\DESCARTES\M2\NegativePrompt_H1\results\negative_control\flan-t5-large\results.csv
translation_en-es,flan-t5-large,negative_control,1,0,False,44,0.0,False,0.34,,,C:\Users\Thundercrow\Desktop\DESCARTES\M2\NegativePrompt_H1\results\negative_control\flan-t5-large\results.csv
translation_en-es,flan-t5-large,negative_control,2,0,False,42,0.0,False,0.26,,,C:\Users\Thundercrow\Desktop\DESCARTES\M2\NegativePrompt_H1\results\negative_control\flan-t5-large\results.csv
translation_en-es,flan-t5-large,negative_control,2,0,False,43,0.0,False,0.26,,,C:\Users\Thundercrow\Desktop\DESCARTES\M2\NegativePrompt_H1\results\negative_control\flan-t5-large\results.csv
translation_en-es,flan-t5-large,negative_control,2,0,False,44,0.0,False,0.26,,,C:\Users\Thundercrow\Desktop\DESCARTES\M2\NegativePrompt_H1\results\negative_control\flan-t5-large\results.csv
translation_en-es,flan-t5-large,negative_control,3,0,False,42,0.0,False,0.31,,,C:\Users\Thundercrow\Desktop\DESCARTES\M2\NegativePrompt_H1\results\negative_control\flan-t5-large\results.csv
translation_en-es,flan-t5-large,negative_control,3,0,False,43,0.0,False,0.31,,,C:\Users\Thundercrow\Desktop\DESCARTES\M2\NegativePrompt_H1\results\negative_control\flan-t5-large\results.csv
translation_en-es,flan-t5-large,negative_control,3,0,False,44,0.0,False,0.31,,,C:\Users\Thundercrow\Desktop\DESCARTES\M2\NegativePrompt_H1\results\negative_control\flan-t5-large\results.csv
translation_en-es,flan-t5-large,negative_control,4,0,False,42,0.0,False,0.3,,,C:\Users\Thundercrow\Desktop\DESCARTES\M2\NegativePrompt_H1\results\negative_control\flan-t5-large\results.csv
translation_en-es,flan-t5-large,negative_control,4,0,False,43,0.0,False,0.3,,,C:\Users\Thundercrow\Desktop\DESCARTES\M2\NegativePrompt_H1\results\negative_control\flan-t5-large\results.csv
translation_en-es,flan-t5-large,negative_control,4,0,False,44,0.0,False,0.3,,,C:\Users\Thundercrow\Desktop\DESCARTES\M2\NegativePrompt_H1\results\negative_control\flan-t5-large\results.csv
translation_en-es,flan-t5-large,negative_original,,1,False,42,0.0,False,0.3,,,C:\Users\Thundercrow\Desktop\DESCARTES\M2\NegativePrompt_H1\results\negative_original\flan-t5-large\results.csv
translation_en-es,flan-t5-large,negative_original,,1,False,43,0.0,False,0.3,,,C:\Users\Thundercrow\Desktop\DESCARTES\M2\NegativePrompt_H1\results\negative_original\flan-t5-large\results.csv
translation_en-es,flan-t5-large,negative_original,,1,False,44,0.0,False,0.3,,,C:\Users\Thundercrow\Desktop\DESCARTES\M2\NegativePrompt_H1\results\negative_original\flan-t5-large\results.csv
translation_en-es,flan-t5-large,negative_original,,2,False,42,0.0,False,0.26,,,C:\Users\Thundercrow\Desktop\DESCARTES\M2\NegativePrompt_H1\results\negative_original\flan-t5-large\results.csv
translation_en-es,flan-t5-large,negative_original,,2,False,43,0.0,False,0.26,,,C:\Users\Thundercrow\Desktop\DESCARTES\M2\NegativePrompt_H1\results\negative_original\flan-t5-large\results.csv
translation_en-es,flan-t5-large,negative_original,,2,False,44,0.0,False,0.26,,,C:\Users\Thundercrow\Desktop\DESCARTES\M2\NegativePrompt_H1\results\negative_original\flan-t5-large\results.csv
translation_en-es,flan-t5-large,negative_original,,3,False,42,0.0,False,0.25,,,C:\Users\Thundercrow\Desktop\DESCARTES\M2\NegativePrompt_H1\results\negative_original\flan-t5-large\results.csv
translation_en-es,flan-t5-large,negative_original,,3,False,43,0.0,False,0.25,,,C:\Users\Thundercrow\Desktop\DESCARTES\M2\NegativePrompt_H1\results\negative_original\flan-t5-large\results.csv
translation_en-es,flan-t5-large,negative_original,,3,False,44,0.0,False,0.25,,,C:\Users\Thundercrow\Desktop\DESCARTES\M2\NegativePrompt_H1\results\negative_original\flan-t5-large\results.csv
translation_en-es,flan-t5-large,negative_original,,4,False,42,0.0,False,0.31,,,C:\Users\Thundercrow\Desktop\DESCARTES\M2\NegativePrompt_H1\results\negative_original\flan-t5-large\results.csv
translation_en-es,flan-t5-large,negative_original,,4,False,43,0.0,False,0.31,,,C:\Users\Thundercrow\Desktop\DESCARTES\M2\NegativePrompt_H1\results\negative_original\flan-t5-large\results.csv
translation_en-es,flan-t5-large,negative_original,,4,False,44,0.0,False,0.31,,,C:\Users\Thundercrow\Desktop\DESCARTES\M2\NegativePrompt_H1\results\negative_original\flan-t5-large\results.csv
translation_en-es,flan-t5-large,neutral,1,0,False,42,0.0,False,0.33,,,C:\Users\Thundercrow\Desktop\DESCARTES\M2\NegativePrompt_H1\results\neutral\flan-t5-large\results.csv
translation_en-es,flan-t5-large,neutral,1,0,False,43,0.0,False,0.33,,,C:\Users\Thundercrow\Desktop\DESCARTES\M2\NegativePrompt_H1\results\neutral\flan-t5-large\results.csv
translation_en-es,flan-t5-large,neutral,1,0,False,44,0.0,False,0.33,,,C:\Users\Thundercrow\Desktop\DESCARTES\M2\NegativePrompt_H1\results\neutral\flan-t5-large\results.csv
translation_en-es,flan-t5-large,neutral,2,0,False,42,0.0,False,0.33,,,C:\Users\Thundercrow\Desktop\DESCARTES\M2\NegativePrompt_H1\results\neutral\flan-t5-large\results.csv
translation_en-es,flan-t5-large,neutral,2,0,False,43,0.0,False,0.33,,,C:\Users\Thundercrow\Desktop\DESCARTES\M2\NegativePrompt_H1\results\neutral\flan-t5-large\results.csv
translation_en-es,flan-t5-large,neutral,2,0,False,44,0.0,False,0.33,,,C:\Users\Thundercrow\Desktop\DESCARTES\M2\NegativePrompt_H1\results\neutral\flan-t5-large\results.csv
translation_en-es,flan-t5-large,neutral,3,0,False,42,0.0,False,0.3,,,C:\Users\Thundercrow\Desktop\DESCARTES\M2\NegativePrompt_H1\results\neutral\flan-t5-large\results.csv
translation_en-es,flan-t5-large,neutral,3,0,False,43,0.0,False,0.3,,,C:\Users\Thundercrow\Desktop\DESCARTES\M2\NegativePrompt_H1\results\neutral\flan-t5-large\results.csv
translation_en-es,flan-t5-large,neutral,3,0,False,44,0.0,False,0.3,,,C:\Users\Thundercrow\Desktop\DESCARTES\M2\NegativePrompt_H1\results\neutral\flan-t5-large\results.csv
translation_en-es,flan-t5-large,neutral,4,0,False,42,0.0,False,0.26,,,C:\Users\Thundercrow\Desktop\DESCARTES\M2\NegativePrompt_H1\results\neutral\flan-t5-large\results.csv
translation_en-es,flan-t5-large,neutral,4,0,False,43,0.0,False,0.26,,,C:\Users\Thundercrow\Desktop\DESCARTES\M2\NegativePrompt_H1\results\neutral\flan-t5-large\results.csv
translation_en-es,flan-t5-large,neutral,4,0,False,44,0.0,False,0.26,,,C:\Users\Thundercrow\Desktop\DESCARTES\M2\NegativePrompt_H1\results\neutral\flan-t5-large\results.csv
translation_en-es,flan-t5-large,positive,1,0,False,42,0.0,False,0.33,18.983,0.190,C:\Users\Thundercrow\Desktop\DESCARTES\M2\NegativePrompt_H1\results\positive\flan-t5-large\results.csv
translation_en-es,flan-t5-large,positive,1,0,False,43,0.0,False,0.33,19.051,0.191,C:\Users\Thundercrow\Desktop\DESCARTES\M2\NegativePrompt_H1\results\positive\flan-t5-large\results.csv
translation_en-es,flan-t5-large,positive,1,0,False,44,0.0,False,0.33,19.008,0.190,C:\Users\Thundercrow\Desktop\DESCARTES\M2\NegativePrompt_H1\results\positive\flan-t5-large\results.csv
translation_en-es,flan-t5-large,positive,2,0,False,42,0.0,False,0.31,19.248,0.192,C:\Users\Thundercrow\Desktop\DESCARTES\M2\NegativePrompt_H1\results\positive\flan-t5-large\results.csv
translation_en-es,flan-t5-large,positive,2,0,False,43,0.0,False,0.31,18.962,0.190,C:\Users\Thundercrow\Desktop\DESCARTES\M2\NegativePrompt_H1\results\positive\flan-t5-large\results.csv
translation_en-es,flan-t5-large,positive,2,0,False,44,0.0,False,0.31,19.125,0.191,C:\Users\Thundercrow\Desktop\DESCARTES\M2\NegativePrompt_H1\results\positive\flan-t5-large\results.csv
translation_en-es,flan-t5-large,positive,3,0,False,42,0.0,False,0.35,19.173,0.192,C:\Users\Thundercrow\Desktop\DESCARTES\M2\NegativePrompt_H1\results\positive\flan-t5-large\results.csv
translation_en-es,flan-t5-large,positive,3,0,False,43,0.0,False,0.35,19.009,0.190,C:\Users\Thundercrow\Desktop\DESCARTES\M2\NegativePrompt_H1\results\positive\flan-t5-large\results.csv
translation_en-es,flan-t5-large,positive,3,0,False,44,0.0,False,0.35,19.222,0.192,C:\Users\Thundercrow\Desktop\DESCARTES\M2\NegativePrompt_H1\results\positive\flan-t5-large\results.csv
translation_en-es,flan-t5-large,positive,4,0,False,42,0.0,False,0.3,19.145,0.191,C:\Users\Thundercrow\Desktop\DESCARTES\M2\NegativePrompt_H1\results\positive\flan-t5-large\results.csv
translation_en-es,flan-t5-large,positive,4,0,False,43,0.0,False,0.3,18.705,0.187,C:\Users\Thundercrow\Desktop\DESCARTES\M2\NegativePrompt_H1\results\positive\flan-t5-large\results.csv
translation_en-es,flan-t5-large,positive,4,0,False,44,0.0,False,0.3,18.903,0.189,C:\Users\Thundercrow\Desktop\DESCARTES\M2\NegativePrompt_H1\results\positive\flan-t5-large\results.csv
translation_en-fr,flan-t5-large,ambiguous,1,0,False,42,0.0,False,0.4,18.954,0.190,C:\Users\Thundercrow\Desktop\DESCARTES\M2\NegativePrompt_H1\results\ambiguous\flan-t5-large\results.csv
translation_en-fr,flan-t5-large,ambiguous,1,0,False,43,0.0,False,0.4,17.172,0.172,C:\Users\Thundercrow\Desktop\DESCARTES\M2\NegativePrompt_H1\results\ambiguous\flan-t5-large\results.csv
translation_en-fr,flan-t5-large,ambiguous,1,0,False,44,0.0,False,0.4,17.135,0.171,C:\Users\Thundercrow\Desktop\DESCARTES\M2\NegativePrompt_H1\results\ambiguous\flan-t5-large\results.csv
translation_en-fr,flan-t5-large,ambiguous,2,0,False,42,0.0,False,0.43,17.235,0.172,C:\Users\Thundercrow\Desktop\DESCARTES\M2\NegativePrompt_H1\results\ambiguous\flan-t5-large\results.csv
translation_en-fr,flan-t5-large,ambiguous,2,0,False,43,0.0,False,0.43,15.352,0.154,C:\Users\Thundercrow\Desktop\DESCARTES\M2\NegativePrompt_H1\results\ambiguous\flan-t5-large\results.csv
translation_en-fr,flan-t5-large,ambiguous,2,0,False,44,0.0,False,0.43,15.365,0.154,C:\Users\Thundercrow\Desktop\DESCARTES\M2\NegativePrompt_H1\results\ambiguous\flan-t5-large\results.csv
translation_en-fr,flan-t5-large,ambiguous,3,0,False,42,0.0,False,0.45,18.232,0.182,C:\Users\Thundercrow\Desktop\DESCARTES\M2\NegativePrompt_H1\results\ambiguous\flan-t5-large\results.csv
translation_en-fr,flan-t5-large,ambiguous,3,0,False,43,0.0,False,0.45,16.266,0.163,C:\Users\Thundercrow\Desktop\DESCARTES\M2\NegativePrompt_H1\results\ambiguous\flan-t5-large\results.csv
translation_en-fr,flan-t5-large,ambiguous,3,0,False,44,0.0,False,0.45,16.295,0.163,C:\Users\Thundercrow\Desktop\DESCARTES\M2\NegativePrompt_H1\results\ambiguous\flan-t5-large\results.csv
translation_en-fr,flan-t5-large,ambiguous,4,0,False,42,0.0,False,0.4,17.678,0.177,C:\Users\Thundercrow\Desktop\DESCARTES\M2\NegativePrompt_H1\results\ambiguous\flan-t5-large\results.csv
translation_en-fr,flan-t5-large,ambiguous,4,0,False,43,0.0,False,0.4,15.907,0.159,C:\Users\Thundercrow\Desktop\DESCARTES\M2\NegativePrompt_H1\results\ambiguous\flan-t5-large\results.csv
translation_en-fr,flan-t5-large,ambiguous,4,0,False,44,0.0,False,0.4,15.929,0.159,C:\Users\Thundercrow\Desktop\DESCARTES\M2\NegativePrompt_H1\results\ambiguous\flan-t5-large\results.csv
translation_en-fr,flan-t5-large,negative_control,1,0,False,42,0.0,False,0.42,,,C:\Users\Thundercrow\Desktop\DESCARTES\M2\NegativePrompt_H1\results\negative_control\flan-t5-large\results.csv
translation_en-fr,flan-t5-large,negative_control,1,0,False,43,0.0,False,0.42,,,C:\Users\Thundercrow\Desktop\DESCARTES\M2\NegativePrompt_H1\results\negative_control\flan-t5-large\results.csv
translation_en-fr,flan-t5-large,negative_control,1,0,False,44,0.0,False,0.42,,,C:\Users\Thundercrow\Desktop\DESCARTES\M2\NegativePrompt_H1\results\negative_control\flan-t5-large\results.csv
translation_en-fr,flan-t5-large,negative_control,2,0,False,42,0.0,False,0.4,,,C:\Users\Thundercrow\Desktop\DESCARTES\M2\NegativePrompt_H1\results\negative_control\flan-t5-large\results.csv
translation_en-fr,flan-t5-large,negative_control,2,0,False,43,0.0,False,0.4,,,C:\Users\Thundercrow\Desktop\DESCARTES\M2\NegativePrompt_H1\results\negative_control\flan-t5-large\results.csv
translation_en-fr,flan-t5-large,negative_control,2,0,False,44,0.0,False,0.4,,,C:\Users\Thundercrow\Desktop\DESCARTES\M2\NegativePrompt_H1\results\negative_control\flan-t5-large\results.csv
translation_en-fr,flan-t5-large,negative_control,3,0,False,42,0.0,False,0.39,,,C:\Users\Thundercrow\Desktop\DESCARTES\M2\NegativePrompt_H1\results\negative_control\flan-t5-large\results.csv
translation_en-fr,flan-t5-large,negative_control,3,0,False,43,0.0,False,0.39,,,C:\Users\Thundercrow\Desktop\DESCARTES\M2\NegativePrompt_H1\results\negative_control\flan-t5-large\results.csv
translation_en-fr,flan-t5-large,negative_control,3,0,False,44,0.0,False,0.39,,,C:\Users\Thundercrow\Desktop\DESCARTES\M2\NegativePrompt_H1\results\negative_control\flan-t5-large\results.csv
translation_en-fr,flan-t5-large,negative_control,4,0,False,42,0.0,False,0.42,,,C:\Users\Thundercrow\Desktop\DESCARTES\M2\NegativePrompt_H1\results\negative_control\flan-t5-large\results.csv
translation_en-fr,flan-t5-large,negative_control,4,0,False,43,0.0,False,0.42,,,C:\Users\Thundercrow\Desktop\DESCARTES\M2\NegativePrompt_H1\results\negative_control\flan-t5-large\results.csv
translation_en-fr,flan-t5-large,negative_control,4,0,False,44,0.0,False,0.42,,,C:\Users\Thundercrow\Desktop\DESCARTES\M2\NegativePrompt_H1\results\negative_control\flan-t5-large\results.csv
translation_en-fr,flan-t5-large,negative_original,,1,False,42,0.0,False,0.41,,,C:\Users\Thundercrow\Desktop\DESCARTES\M2\NegativePrompt_H1\results\negative_original\flan-t5-large\results.csv
translation_en-fr,flan-t5-large,negative_original,,1,False,43,0.0,False,0.41,,,C:\Users\Thundercrow\Desktop\DESCARTES\M2\NegativePrompt_H1\results\negative_original\flan-t5-large\results.csv
translation_en-fr,flan-t5-large,negative_original,,1,False,44,0.0,False,0.41,,,C:\Users\Thundercrow\Desktop\DESCARTES\M2\NegativePrompt_H1\results\negative_original\flan-t5-large\results.csv
translation_en-fr,flan-t5-large,negative_original,,2,False,42,0.0,False,0.34,,,C:\Users\Thundercrow\Desktop\DESCARTES\M2\NegativePrompt_H1\results\negative_original\flan-t5-large\results.csv
translation_en-fr,flan-t5-large,negative_original,,2,False,43,0.0,False,0.34,,,C:\Users\Thundercrow\Desktop\DESCARTES\M2\NegativePrompt_H1\results\negative_original\flan-t5-large\results.csv
translation_en-fr,flan-t5-large,negative_original,,2,False,44,0.0,False,0.34,,,C:\Users\Thundercrow\Desktop\DESCARTES\M2\NegativePrompt_H1\results\negative_original\flan-t5-large\results.csv
translation_en-fr,flan-t5-large,negative_original,,3,False,42,0.0,False,0.38,,,C:\Users\Thundercrow\Desktop\DESCARTES\M2\NegativePrompt_H1\results\negative_original\flan-t5-large\results.csv
translation_en-fr,flan-t5-large,negative_original,,3,False,43,0.0,False,0.38,,,C:\Users\Thundercrow\Desktop\DESCARTES\M2\NegativePrompt_H1\results\negative_original\flan-t5-large\results.csv
translation_en-fr,flan-t5-large,negative_original,,3,False,44,0.0,False,0.38,,,C:\Users\Thundercrow\Desktop\DESCARTES\M2\NegativePrompt_H1\results\negative_original\flan-t5-large\results.csv
translation_en-fr,flan-t5-large,negative_original,,4,False,42,0.0,False,0.38,,,C:\Users\Thundercrow\Desktop\DESCARTES\M2\NegativePrompt_H1\results\negative_original\flan-t5-large\results.csv
translation_en-fr,flan-t5-large,negative_original,,4,False,43,0.0,False,0.38,,,C:\Users\Thundercrow\Desktop\DESCARTES\M2\NegativePrompt_H1\results\negative_original\flan-t5-large\results.csv
translation_en-fr,flan-t5-large,negative_original,,4,False,44,0.0,False,0.38,,,C:\Users\Thundercrow\Desktop\DESCARTES\M2\NegativePrompt_H1\results\negative_original\flan-t5-large\results.csv
translation_en-fr,flan-t5-large,neutral,1,0,False,42,0.0,False,0.41,,,C:\Users\Thundercrow\Desktop\DESCARTES\M2\NegativePrompt_H1\results\neutral\flan-t5-large\results.csv
translation_en-fr,flan-t5-large,neutral,1,0,False,43,0.0,False,0.41,,,C:\Users\Thundercrow\Desktop\DESCARTES\M2\NegativePrompt_H1\results\neutral\flan-t5-large\results.csv
translation_en-fr,flan-t5-large,neutral,1,0,False,44,0.0,False,0.41,,,C:\Users\Thundercrow\Desktop\DESCARTES\M2\NegativePrompt_H1\results\neutral\flan-t5-large\results.csv
translation_en-fr,flan-t5-large,neutral,2,0,False,42,0.0,False,0.43,,,C:\Users\Thundercrow\Desktop\DESCARTES\M2\NegativePrompt_H1\results\neutral\flan-t5-large\results.csv
translation_en-fr,flan-t5-large,neutral,2,0,False,43,0.0,False,0.43,,,C:\Users\Thundercrow\Desktop\DESCARTES\M2\NegativePrompt_H1\results\neutral\flan-t5-large\results.csv
translation_en-fr,flan-t5-large,neutral,2,0,False,44,0.0,False,0.43,,,C:\Users\Thundercrow\Desktop\DESCARTES\M2\NegativePrompt_H1\results\neutral\flan-t5-large\results.csv
translation_en-fr,flan-t5-large,neutral,3,0,False,42,0.0,False,0.44,,,C:\Users\Thundercrow\Desktop\DESCARTES\M2\NegativePrompt_H1\results\neutral\flan-t5-large\results.csv
translation_en-fr,flan-t5-large,neutral,3,0,False,43,0.0,False,0.44,,,C:\Users\Thundercrow\Desktop\DESCARTES\M2\NegativePrompt_H1\results\neutral\flan-t5-large\results.csv
translation_en-fr,flan-t5-large,neutral,3,0,False,44,0.0,False,0.44,,,C:\Users\Thundercrow\Desktop\DESCARTES\M2\NegativePrompt_H1\results\neutral\flan-t5-large\results.csv
translation_en-fr,flan-t5-large,neutral,4,0,False,42,0.0,False,0.39,,,C:\Users\Thundercrow\Desktop\DESCARTES\M2\NegativePrompt_H1\results\neutral\flan-t5-large\results.csv
translation_en-fr,flan-t5-large,neutral,4,0,False,43,0.0,False,0.39,,,C:\Users\Thundercrow\Desktop\DESCARTES\M2\NegativePrompt_H1\results\neutral\flan-t5-large\results.csv
translation_en-fr,flan-t5-large,neutral,4,0,False,44,0.0,False,0.39,,,C:\Users\Thundercrow\Desktop\DESCARTES\M2\NegativePrompt_H1\results\neutral\flan-t5-large\results.csv
translation_en-fr,flan-t5-large,positive,1,0,False,42,0.0,False,0.39,16.896,0.169,C:\Users\Thundercrow\Desktop\DESCARTES\M2\NegativePrompt_H1\results\positive\flan-t5-large\results.csv
translation_en-fr,flan-t5-large,positive,1,0,False,43,0.0,False,0.39,16.002,0.160,C:\Users\Thundercrow\Desktop\DESCARTES\M2\NegativePrompt_H1\results\positive\flan-t5-large\results.csv
translation_en-fr,flan-t5-large,positive,1,0,False,44,0.0,False,0.39,15.984,0.160,C:\Users\Thundercrow\Desktop\DESCARTES\M2\NegativePrompt_H1\results\positive\flan-t5-large\results.csv
translation_en-fr,flan-t5-large,positive,2,0,False,42,0.0,False,0.42,16.779,0.168,C:\Users\Thundercrow\Desktop\DESCARTES\M2\NegativePrompt_H1\results\positive\flan-t5-large\results.csv
translation_en-fr,flan-t5-large,positive,2,0,False,43,0.0,False,0.42,15.869,0.159,C:\Users\Thundercrow\Desktop\DESCARTES\M2\NegativePrompt_H1\results\positive\flan-t5-large\results.csv
translation_en-fr,flan-t5-large,positive,2,0,False,44,0.0,False,0.42,15.754,0.158,C:\Users\Thundercrow\Desktop\DESCARTES\M2\NegativePrompt_H1\results\positive\flan-t5-large\results.csv
translation_en-fr,flan-t5-large,positive,3,0,False,42,0.0,False,0.39,16.776,0.168,C:\Users\Thundercrow\Desktop\DESCARTES\M2\NegativePrompt_H1\results\positive\flan-t5-large\results.csv
translation_en-fr,flan-t5-large,positive,3,0,False,43,0.0,False,0.39,15.545,0.155,C:\Users\Thundercrow\Desktop\DESCARTES\M2\NegativePrompt_H1\results\positive\flan-t5-large\results.csv
translation_en-fr,flan-t5-large,positive,3,0,False,44,0.0,False,0.39,15.436,0.154,C:\Users\Thundercrow\Desktop\DESCARTES\M2\NegativePrompt_H1\results\positive\flan-t5-large\results.csv
translation_en-fr,flan-t5-large,positive,4,0,False,42,0.0,False,0.43,17.220,0.172,C:\Users\Thundercrow\Desktop\DESCARTES\M2\NegativePrompt_H1\results\positive\flan-t5-large\results.csv
translation_en-fr,flan-t5-large,positive,4,0,False,43,0.0,False,0.43,15.794,0.158,C:\Users\Thundercrow\Desktop\DESCARTES\M2\NegativePrompt_H1\results\positive\flan-t5-large\results.csv
translation_en-fr,flan-t5-large,positive,4,0,False,44,0.0,False,0.43,15.753,0.158,C:\Users\Thundercrow\Desktop\DESCARTES\M2\NegativePrompt_H1\results\positive\flan-t5-large\results.csv
word_in_context,flan-t5-large,ambiguous,1,0,False,42,0.0,False,0.55,17.237,0.172,C:\Users\Thundercrow\Desktop\DESCARTES\M2\NegativePrompt_H1\results\ambiguous\flan-t5-large\results.csv
word_in_context,flan-t5-large,ambiguous,1,0,False,43,0.0,False,0.55,16.067,0.161,C:\Users\Thundercrow\Desktop\DESCARTES\M2\NegativePrompt_H1\results\ambiguous\flan-t5-large\results.csv
word_in_context,flan-t5-large,ambiguous,1,0,False,44,0.0,False,0.55,16.249,0.162,C:\Users\Thundercrow\Desktop\DESCARTES\M2\NegativePrompt_H1\results\ambiguous\flan-t5-large\results.csv
word_in_context,flan-t5-large,ambiguous,2,0,False,42,0.0,False,0.55,17.108,0.171,C:\Users\Thundercrow\Desktop\DESCARTES\M2\NegativePrompt_H1\results\ambiguous\flan-t5-large\results.csv
word_in_context,flan-t5-large,ambiguous,2,0,False,43,0.0,False,0.55,16.178,0.162,C:\Users\Thundercrow\Desktop\DESCARTES\M2\NegativePrompt_H1\results\ambiguous\flan-t5-large\results.csv
word_in_context,flan-t5-large,ambiguous,2,0,False,44,0.0,False,0.55,16.199,0.162,C:\Users\Thundercrow\Desktop\DESCARTES\M2\NegativePrompt_H1\results\ambiguous\flan-t5-large\results.csv
word_in_context,flan-t5-large,ambiguous,3,0,False,42,0.0,False,0.49,16.933,0.169,C:\Users\Thundercrow\Desktop\DESCARTES\M2\NegativePrompt_H1\results\ambiguous\flan-t5-large\results.csv
word_in_context,flan-t5-large,ambiguous,3,0,False,43,0.0,False,0.49,16.255,0.163,C:\Users\Thundercrow\Desktop\DESCARTES\M2\NegativePrompt_H1\results\ambiguous\flan-t5-large\results.csv
word_in_context,flan-t5-large,ambiguous,3,0,False,44,0.0,False,0.49,16.185,0.162,C:\Users\Thundercrow\Desktop\DESCARTES\M2\NegativePrompt_H1\results\ambiguous\flan-t5-large\results.csv
word_in_context,flan-t5-large,ambiguous,4,0,False,42,0.0,False,0.59,17.115,0.171,C:\Users\Thundercrow\Desktop\DESCARTES\M2\NegativePrompt_H1\results\ambiguous\flan-t5-large\results.csv
word_in_context,flan-t5-large,ambiguous,4,0,False,43,0.0,False,0.59,16.239,0.162,C:\Users\Thundercrow\Desktop\DESCARTES\M2\NegativePrompt_H1\results\ambiguous\flan-t5-large\results.csv
word_in_context,flan-t5-large,ambiguous,4,0,False,44,0.0,False,0.59,16.188,0.162,C:\Users\Thundercrow\Desktop\DESCARTES\M2\NegativePrompt_H1\results\ambiguous\flan-t5-large\results.csv
word_in_context,flan-t5-large,negative_control,1,0,False,42,0.0,False,0.56,,,C:\Users\Thundercrow\Desktop\DESCARTES\M2\NegativePrompt_H1\results\negative_control\flan-t5-large\results.csv
word_in_context,flan-t5-large,negative_control,1,0,False,43,0.0,False,0.56,,,C:\Users\Thundercrow\Desktop\DESCARTES\M2\NegativePrompt_H1\results\negative_control\flan-t5-large\results.csv
word_in_context,flan-t5-large,negative_control,1,0,False,44,0.0,False,0.56,,,C:\Users\Thundercrow\Desktop\DESCARTES\M2\NegativePrompt_H1\results\negative_control\flan-t5-large\results.csv
word_in_context,flan-t5-large,negative_control,1,0,False,45,0.0,False,0.56,,,C:\Users\Thundercrow\Desktop\DESCARTES\M2\NegativePrompt_H1\results\negative_control\flan-t5-large\results.csv
word_in_context,flan-t5-large,negative_control,2,0,False,42,0.0,False,0.47,,,C:\Users\Thundercrow\Desktop\DESCARTES\M2\NegativePrompt_H1\results\negative_control\flan-t5-large\results.csv
word_in_context,flan-t5-large,negative_control,2,0,False,43,0.0,False,0.47,,,C:\Users\Thundercrow\Desktop\DESCARTES\M2\NegativePrompt_H1\results\negative_control\flan-t5-large\results.csv
word_in_context,flan-t5-large,negative_control,2,0,False,44,0.0,False,0.47,,,C:\Users\Thundercrow\Desktop\DESCARTES\M2\NegativePrompt_H1\results\negative_control\flan-t5-large\results.csv
word_in_context,flan-t5-large,negative_control,3,0,False,42,0.0,False,0.55,,,C:\Users\Thundercrow\Desktop\DESCARTES\M2\NegativePrompt_H1\results\negative_control\flan-t5-large\results.csv
word_in_context,flan-t5-large,negative_control,3,0,False,43,0.0,False,0.55,,,C:\Users\Thundercrow\Desktop\DESCARTES\M2\NegativePrompt_H1\results\negative_control\flan-t5-large\results.csv
word_in_context,flan-t5-large,negative_control,3,0,False,44,0.0,False,0.55,,,C:\Users\Thundercrow\Desktop\DESCARTES\M2\NegativePrompt_H1\results\negative_control\flan-t5-large\results.csv
word_in_context,flan-t5-large,negative_control,4,0,False,42,0.0,False,0.56,,,C:\Users\Thundercrow\Desktop\DESCARTES\M2\NegativePrompt_H1\results\negative_control\flan-t5-large\results.csv
word_in_context,flan-t5-large,negative_control,4,0,False,43,0.0,False,0.56,,,C:\Users\Thundercrow\Desktop\DESCARTES\M2\NegativePrompt_H1\results\negative_control\flan-t5-large\results.csv
word_in_context,flan-t5-large,negative_control,4,0,False,44,0.0,False,0.56,,,C:\Users\Thundercrow\Desktop\DESCARTES\M2\NegativePrompt_H1\results\negative_control\flan-t5-large\results.csv
word_in_context,flan-t5-large,negative_original,,1,False,42,0.0,False,0.58,,,C:\Users\Thundercrow\Desktop\DESCARTES\M2\NegativePrompt_H1\results\negative_original\flan-t5-large\results.csv
word_in_context,flan-t5-large,negative_original,,1,False,43,0.0,False,0.58,,,C:\Users\Thundercrow\Desktop\DESCARTES\M2\NegativePrompt_H1\results\negative_original\flan-t5-large\results.csv
word_in_context,flan-t5-large,negative_original,,1,False,44,0.0,False,0.58,,,C:\Users\Thundercrow\Desktop\DESCARTES\M2\NegativePrompt_H1\results\negative_original\flan-t5-large\results.csv
word_in_context,flan-t5-large,negative_original,,2,False,42,0.0,False,0.59,,,C:\Users\Thundercrow\Desktop\DESCARTES\M2\NegativePrompt_H1\results\negative_original\flan-t5-large\results.csv
word_in_context,flan-t5-large,negative_original,,2,False,43,0.0,False,0.59,,,C:\Users\Thundercrow\Desktop\DESCARTES\M2\NegativePrompt_H1\results\negative_original\flan-t5-large\results.csv
word_in_context,flan-t5-large,negative_original,,2,False,44,0.0,False,0.59,,,C:\Users\Thundercrow\Desktop\DESCARTES\M2\NegativePrompt_H1\results\negative_original\flan-t5-large\results.csv
word_in_context,flan-t5-large,negative_original,,3,False,42,0.0,False,0.61,,,C:\Users\Thundercrow\Desktop\DESCARTES\M2\NegativePrompt_H1\results\negative_original\flan-t5-large\results.csv
word_in_context,flan-t5-large,negative_original,,3,False,43,0.0,False,0.61,,,C:\Users\Thundercrow\Desktop\DESCARTES\M2\NegativePrompt_H1\results\negative_original\flan-t5-large\results.csv
word_in_context,flan-t5-large,negative_original,,3,False,44,0.0,False,0.61,,,C:\Users\Thundercrow\Desktop\DESCARTES\M2\NegativePrompt_H1\results\negative_original\flan-t5-large\results.csv
word_in_context,flan-t5-large,negative_original,,4,False,42,0.0,False,0.56,,,C:\Users\Thundercrow\Desktop\DESCARTES\M2\NegativePrompt_H1\results\negative_original\flan-t5-large\results.csv
word_in_context,flan-t5-large,negative_original,,4,False,43,0.0,False,0.56,,,C:\Users\Thundercrow\Desktop\DESCARTES\M2\NegativePrompt_H1\results\negative_original\flan-t5-large\results.csv
word_in_context,flan-t5-large,negative_original,,4,False,44,0.0,False,0.56,,,C:\Users\Thundercrow\Desktop\DESCARTES\M2\NegativePrompt_H1\results\negative_original\flan-t5-large\results.csv
word_in_context,flan-t5-large,neutral,1,0,False,42,0.0,False,0.51,,,C:\Users\Thundercrow\Desktop\DESCARTES\M2\NegativePrompt_H1\results\neutral\flan-t5-large\results.csv
word_in_context,flan-t5-large,neutral,1,0,False,43,0.0,False,0.51,,,C:\Users\Thundercrow\Desktop\DESCARTES\M2\NegativePrompt_H1\results\neutral\flan-t5-large\results.csv
word_in_context,flan-t5-large,neutral,1,0,False,44,0.0,False,0.51,,,C:\Users\Thundercrow\Desktop\DESCARTES\M2\NegativePrompt_H1\results\neutral\flan-t5-large\results.csv
word_in_context,flan-t5-large,neutral,1,0,False,45,0.0,False,0.51,,,C:\Users\Thundercrow\Desktop\DESCARTES\M2\NegativePrompt_H1\results\neutral\flan-t5-large\results.csv
word_in_context,flan-t5-large,neutral,2,0,False,42,0.0,False,0.47,,,C:\Users\Thundercrow\Desktop\DESCARTES\M2\NegativePrompt_H1\results\neutral\flan-t5-large\results.csv
word_in_context,flan-t5-large,neutral,2,0,False,43,0.0,False,0.47,,,C:\Users\Thundercrow\Desktop\DESCARTES\M2\NegativePrompt_H1\results\neutral\flan-t5-large\results.csv
word_in_context,flan-t5-large,neutral,2,0,False,44,0.0,False,0.47,,,C:\Users\Thundercrow\Desktop\DESCARTES\M2\NegativePrompt_H1\results\neutral\flan-t5-large\results.csv
word_in_context,flan-t5-large,neutral,3,0,False,42,0.0,False,0.49,,,C:\Users\Thundercrow\Desktop\DESCARTES\M2\NegativePrompt_H1\results\neutral\flan-t5-large\results.csv
word_in_context,flan-t5-large,neutral,3,0,False,43,0.0,False,0.49,,,C:\Users\Thundercrow\Desktop\DESCARTES\M2\NegativePrompt_H1\results\neutral\flan-t5-large\results.csv
word_in_context,flan-t5-large,neutral,3,0,False,44,0.0,False,0.49,,,C:\Users\Thundercrow\Desktop\DESCARTES\M2\NegativePrompt_H1\results\neutral\flan-t5-large\results.csv
word_in_context,flan-t5-large,neutral,4,0,False,42,0.0,False,0.52,,,C:\Users\Thundercrow\Desktop\DESCARTES\M2\NegativePrompt_H1\results\neutral\flan-t5-large\results.csv
word_in_context,flan-t5-large,neutral,4,0,False,43,0.0,False,0.52,,,C:\Users\Thundercrow\Desktop\DESCARTES\M2\NegativePrompt_H1\results\neutral\flan-t5-large\results.csv
word_in_context,flan-t5-large,neutral,4,0,False,44,0.0,False,0.52,,,C:\Users\Thundercrow\Desktop\DESCARTES\M2\NegativePrompt_H1\results\neutral\flan-t5-large\results.csv
word_in_context,flan-t5-large,positive,1,0,False,42,0.0,False,0.57,17.017,0.170,C:\Users\Thundercrow\Desktop\DESCARTES\M2\NegativePrompt_H1\results\positive\flan-t5-large\results.csv
word_in_context,flan-t5-large,positive,1,0,False,43,0.0,False,0.57,16.181,0.162,C:\Users\Thundercrow\Desktop\DESCARTES\M2\NegativePrompt_H1\results\positive\flan-t5-large\results.csv
word_in_context,flan-t5-large,positive,1,0,False,44,0.0,False,0.57,16.128,0.161,C:\Users\Thundercrow\Desktop\DESCARTES\M2\NegativePrompt_H1\results\positive\flan-t5-large\results.csv
word_in_context,flan-t5-large,positive,2,0,False,42,0.0,False,0.58,16.993,0.170,C:\Users\Thundercrow\Desktop\DESCARTES\M2\NegativePrompt_H1\results\positive\flan-t5-large\results.csv
word_in_context,flan-t5-large,positive,2,0,False,43,0.0,False,0.58,16.097,0.161,C:\Users\Thundercrow\Desktop\DESCARTES\M2\NegativePrompt_H1\results\positive\flan-t5-large\results.csv
word_in_context,flan-t5-large,positive,2,0,False,44,0.0,False,0.58,16.148,0.161,C:\Users\Thundercrow\Desktop\DESCARTES\M2\NegativePrompt_H1\results\positive\flan-t5-large\results.csv
word_in_context,flan-t5-large,positive,3,0,False,42,0.0,False,0.5,16.883,0.169,C:\Users\Thundercrow\Desktop\DESCARTES\M2\NegativePrompt_H1\results\positive\flan-t5-large\results.csv
word_in_context,flan-t5-large,positive,3,0,False,43,0.0,False,0.5,16.155,0.162,C:\Users\Thundercrow\Desktop\DESCARTES\M2\NegativePrompt_H1\results\positive\flan-t5-large\results.csv
word_in_context,flan-t5-large,positive,3,0,False,44,0.0,False,0.5,16.203,0.162,C:\Users\Thundercrow\Desktop\DESCARTES\M2\NegativePrompt_H1\results\positive\flan-t5-large\results.csv
word_in_context,flan-t5-large,positive,4,0,False,42,0.0,False,0.56,16.881,0.169,C:\Users\Thundercrow\Desktop\DESCARTES\M2\NegativePrompt_H1\results\positive\flan-t5-large\results.csv
word_in_context,flan-t5-large,positive,4,0,False,43,0.0,False,0.56,16.154,0.162,C:\Users\Thundercrow\Desktop\DESCARTES\M2\NegativePrompt_H1\results\positive\flan-t5-large\results.csv
word_in_context,flan-t5-large,positive,4,0,False,44,0.0,False,0.56,16.156,0.162,C:\Users\Thundercrow\Desktop\DESCARTES\M2\NegativePrompt_H1\results\positive\flan-t5-large\results.csv
